timestamp,node-stores,bus_access,skb_kfree_skb,cpu_cycles,l2d_cache_wb_victim,syscalls_sys_enter_fcntl,syscalls_sys_exit_fcntl,sched_sched_stat_runtime,st_spec,syscalls_sys_enter_kill,fib_fib_table_lookup,sock_inet_sock_set_state,l2d_cache_wb,unaligned_st_spec,mem_access_rd,l2d_cache_refill_wr,mmc_mmc_request_start,br_mis_pred
2025-07-30T15:48:57.226705,18887,82089,60954893,4043285,3114,23462935,23462935,23223971886754,436948,138246,396010555,268993,3114,63,635937,1505,457171,15410
2025-07-30T15:49:02.372257,18957,85581,60954905,4039792,3653,23467632,23467632,23227668270553,433512,138271,396010629,269042,3653,66,627200,1802,457284,15437
2025-07-30T15:49:07.534269,18008,86700,60954915,3841107,3057,23472381,23472381,23231555230732,435798,138297,396010693,269088,3057,65,640021,1483,457390,15848
2025-07-30T15:49:13.121821,17939,79881,60954922,3876611,3180,23477024,23477024,23239061900188,431309,138321,396399427,269129,3180,64,636952,1507,457496,16171
2025-07-30T15:49:19.001867,20599,86541,60954933,4074353,4031,23481658,23481658,23247907967981,992512,138344,396913767,269175,4031,66,628618,1866,457590,15920
2025-07-30T15:49:24.674921,31050,91397,60954940,4709057,3906,23486272,23486272,23256653972181,434159,138366,397429792,269209,3906,63,1735582,1735,457610,16545
2025-07-30T15:49:30.577016,21889,90981,60954961,8717300,4063,23495558,23495558,23275019445195,1112039,138413,398491597,269310,4063,66,1371189,1735,457813,24628
2025-07-30T15:49:36.018810,21298,96951,60954970,3987495,3895,23499105,23499105,23283922108662,433845,138436,399028234,269352,3895,62,637989,1755,457931,15535
2025-07-30T15:49:41.378255,20779,106410,60954983,8822160,3758,23503719,23503719,23293033835764,1093289,138459,399559337,269398,3758,63,638742,1702,457956,25620
2025-07-30T15:49:46.728342,23261,92825,60954997,4082449,4167,23508386,23508386,23302260507469,436118,138482,400094192,269438,4167,67,1635006,1732,458053,15983
2025-07-30T15:49:52.166976,23319,101948,60955008,4198670,4066,23513023,23513023,23311072338759,430441,138505,400607783,269488,4066,68,1578727,1754,458091,25043
2025-07-30T15:49:57.520464,22966,99300,60955019,9331524,3747,23517643,23517643,23320294765121,1130908,138528,401134859,269530,3747,159,1618428,1575,458225,24571
2025-07-30T15:50:02.653512,21217,90398,60955030,9058229,3938,23522311,23522311,23329543327972,541065,138553,401694555,269575,3938,59,634892,1844,458345,28833
2025-07-30T15:50:07.992493,22566,100120,60955039,3870920,4371,23527025,23527025,23338156295241,734214,138576,402145774,269626,4371,66,660106,1793,458459,16433
2025-07-30T15:50:13.626416,20722,89617,60955052,3957910,4165,23531268,23531268,23347177164358,432269,138601,402694217,269675,4165,65,646846,1671,458483,15366
2025-07-30T15:50:19.543942,22838,86424,60955063,4551696,3842,23535214,23535214,23356034771487,446619,138622,403216495,269713,3842,65,1630817,1640,458585,24997
2025-07-30T15:50:25.490538,21130,98798,60955083,9058356,3800,23544501,23544501,23373912111325,428112,138667,404288046,269801,3800,65,633580,1661,458690,15340
2025-07-30T15:50:31.158185,19544,90132,60955095,8507314,4187,23549139,23549139,23382986446965,1120794,138690,404820307,269852,4187,67,624241,1621,458795,25713
2025-07-30T15:50:36.797119,21018,91348,60955106,4091045,4103,23553807,23553807,23392162307234,440893,138713,405358554,269893,4103,69,631991,1861,458885,15530
2025-07-30T15:50:42.457134,23151,94190,60955114,8734440,4136,23558432,23558432,23401288002419,434003,138735,405898484,269930,4136,69,1647602,1634,458973,15809
2025-07-30T15:50:48.063053,24426,92365,60955124,4091859,4578,23563089,23563089,23410466962609,433873,138756,406446293,269975,4578,63,1722308,1719,459017,16036
2025-07-30T15:50:53.314087,23556,90117,60955135,4060022,3460,23567785,23567785,23419503144358,1128626,138780,406980375,270028,3460,64,1770878,1846,459128,15846
2025-07-30T15:50:58.714949,20227,92024,60955145,8809694,3702,23571348,23571348,23428594211983,1165150,138803,407516273,270064,3702,69,627719,1682,459241,16383
2025-07-30T15:51:03.857045,20288,88273,60955154,4037024,4345,23576017,23576017,23437910914444,430375,138827,408055743,270113,4345,63,627973,1611,459343,15728
2025-07-30T15:51:09.390047,20448,99700,60955165,4891403,3523,23580751,23580751,23446529572643,1092518,138850,408523649,270154,3523,62,635224,1710,459360,15915
2025-07-30T15:51:15.007934,20656,94840,60955183,4014205,4104,23590051,23590051,23465287488695,430739,138896,409607598,270254,4104,68,638438,1607,459562,25225
2025-07-30T15:51:21.155326,23678,90120,60955195,4025714,3810,23594704,23594704,23474116673186,429009,138919,410138168,270300,3810,70,1745676,1620,459582,16840
2025-07-30T15:51:26.600230,24263,98486,60955205,4152654,3543,23599357,23599357,23483247807990,450126,138942,410673845,270351,3543,59,1651015,1750,459692,15703
2025-07-30T15:51:32.284547,20387,112685,60955217,4335962,3978,23604013,23604013,23492285967358,430990,138965,411215798,270396,3978,67,639441,1762,459804,25103
2025-07-30T15:51:38.187382,23861,90344,60955226,4919526,4581,23608437,23608437,23501521494370,1072418,138989,411762866,270437,4581,66,1650059,1732,459924,16008
2025-07-30T15:51:43.882189,20678,100133,60955237,4132295,4459,23612672,23612672,23510346504451,1117373,139012,412307349,270490,4459,67,633536,1727,459942,26049
2025-07-30T15:51:49.224525,21181,89949,60955253,8310211,3544,23616947,23616947,23519346733097,1174284,139036,412836828,270538,3544,66,640056,1702,460038,16127
2025-07-30T15:51:54.894546,22718,88425,60955269,9075050,4251,23621635,23621635,23528380921127,1007895,139060,413364998,270586,4251,68,1638355,1725,460144,17305
2025-07-30T15:52:00.911346,24921,93240,60955289,4130802,3493,23630910,23630910,23546293705880,433693,139105,414436979,270684,3493,65,1660111,1593,460281,25613
2025-07-30T15:52:06.594802,20258,101372,60955295,4384088,3812,23635649,23635649,23554988574623,1086786,139129,414927163,270720,3812,73,640608,1673,460373,18536
2025-07-30T15:52:12.511894,21451,90977,60955308,8655120,4788,23640294,23640294,23564037186479,1175191,139152,415458470,270777,4788,68,637179,1706,460459,15693
2025-07-30T15:52:17.646305,20161,86157,60955317,4073525,4454,23644960,23644960,23573368062799,430919,139176,415994194,270818,4454,64,628735,1681,460539,15445
2025-07-30T15:52:24.009328,20748,86863,60955326,4170373,3768,23649647,23649647,23582613867096,1115696,139200,416534162,270866,3768,65,635663,1635,460614,22271
2025-07-30T15:52:29.923199,20560,103623,60955341,8785169,4287,23654313,23654313,23591941423614,1174283,139225,417076583,270930,4287,64,630787,1762,460638,16001
2025-07-30T15:52:36.311998,20719,89307,60955363,4140766,3751,23662487,23662487,23609866592082,432427,139269,418139492,271013,3751,76,634578,1872,460859,25209
2025-07-30T15:52:42.415985,20944,99140,60955375,9484995,3916,23667124,23667124,23619332049491,1237590,139292,418680815,271064,3916,66,632331,1708,460959,15588
2025-07-30T15:52:47.844128,22422,101033,60955388,4145432,3984,23671780,23671780,23628269430639,432964,139314,419218282,271115,3984,65,634127,1670,460983,15401
2025-07-30T15:52:53.266284,23083,96336,60955397,8379881,4014,23676461,23676461,23637300719877,1082469,139338,419749435,271157,4014,67,1475464,1666,461097,17698
2025-07-30T15:52:58.736273,24463,86362,60955410,4030523,3844,23681131,23681131,23646804962809,1128154,139361,420295256,271199,3844,62,1637601,1699,461194,25399
2025-07-30T15:53:03.867415,24592,98934,60955417,4038331,3885,23685762,23685762,23655856185442,1126071,139385,420833852,271240,3885,69,1599479,1706,461297,25856
2025-07-30T15:53:09.547822,19427,90212,60955430,4094042,3250,23690511,23690511,23664320294176,490701,139409,421318654,271292,3250,72,633205,1598,461323,15540
2025-07-30T15:53:15.255088,22871,104462,60955449,4027803,4442,23699053,23699053,23682448608232,431840,139455,422413273,271375,4442,67,1595552,1715,461532,16433
2025-07-30T15:53:21.419987,23516,101833,60955465,4036515,4012,23705465,23705465,23692473773004,1154309,139480,422995647,271434,4012,69,1599642,1671,461629,25047
2025-07-30T15:53:27.803314,23563,99886,60955473,4073326,3894,23708017,23708017,23700758265648,543866,139501,423463107,271484,3894,64,1626716,1735,461722,15542
2025-07-30T15:53:33.235011,20727,97619,60955485,4210878,3860,23712693,23712693,23710295786482,433534,139526,424011533,271531,3860,66,638049,1659,461746,16626
2025-07-30T15:53:39.306507,21526,91686,60955500,8971138,4471,23717325,23717325,23719288672004,435036,139549,424547943,271577,4471,68,636705,1648,461848,15604
2025-07-30T15:53:44.960946,23865,89899,60955510,4166400,3785,23721987,23721987,23728188620239,1112778,139573,425079522,271625,3785,77,1688332,1597,461939,15821
2025-07-30T15:53:50.429049,20546,100408,60955530,4058156,4263,23731297,23731297,23746119660556,431979,139617,426144761,271718,4263,70,638672,1791,462080,16167
2025-07-30T15:53:56.844204,21450,93021,60955539,4085725,4178,23735926,23735926,23755122898000,1154780,139639,426683245,271763,4178,63,636568,1665,462193,26721
2025-07-30T15:54:01.961672,24741,88560,60955548,8663699,3738,23739821,23739821,23764152261465,1200374,139662,427226791,271799,3738,66,1705571,1755,462279,15559
2025-07-30T15:54:07.497274,21142,90468,60955555,8815693,3708,23744268,23744268,23772748424845,1183061,139686,427721733,271842,3708,72,643406,1813,462387,15581
2025-07-30T15:54:13.910590,20626,97050,60955565,4096010,3862,23748937,23748937,23781819284737,568306,139710,428253582,271899,3862,70,635189,1718,462475,15123
2025-07-30T15:54:19.330682,24014,99767,60955575,8762848,4035,23753578,23753578,23790811289010,433285,139733,428789549,271940,4035,61,1636295,1597,462567,15407
2025-07-30T15:54:24.784313,20455,88252,60955586,4101750,3718,23758220,23758220,23799937174593,1188224,139757,429324210,271978,3718,65,630934,1550,462595,24738
2025-07-30T15:54:30.252489,22175,96074,60955611,8687331,3687,23767518,23767520,23818319569439,1205132,139804,430417783,272080,3687,68,1538753,1809,462721,24678
2025-07-30T15:54:36.295575,23546,104796,60955619,3999093,3952,23772141,23772141,23827307276682,545237,139826,430947063,272126,3952,68,1576169,1823,462745,15059
2025-07-30T15:54:42.001281,22290,96896,60955631,4092369,3842,23776759,23776759,23837313434537,1136753,139848,431479883,272165,3842,69,644189,1659,462762,16300
2025-07-30T15:54:47.653927,24864,99675,60955643,4345762,4173,23781574,23781574,23846520208870,1140596,139874,432015782,272217,4173,71,642182,1650,462802,25117
2025-07-30T15:54:53.126000,25583,88485,60955653,4193562,4338,23786067,23786067,23855544154570,437446,139896,432551409,272263,4338,66,1718751,1787,462823,15862
2025-07-30T15:54:59.365737,20396,90376,60955664,4114684,4104,23789820,23789820,23864608358458,476937,139921,433090627,272317,4104,69,629648,1672,462925,23812
2025-07-30T15:55:04.488537,20848,104562,60955673,4012089,3888,23794442,23794442,23873801782440,1183685,139943,433637620,272359,3888,66,633126,1537,462982,25919
2025-07-30T15:55:11.308216,22692,102120,60955694,4197841,4249,23803771,23803771,23891857132733,429031,139989,434658133,272446,4249,67,1435204,1633,463023,16244
2025-07-30T15:55:17.368927,18946,94589,60955703,8815727,3794,23808394,23808394,23901054133688,1119436,140011,435194640,272491,3794,67,636447,1658,463047,15918
2025-07-30T15:55:23.397311,22005,89800,60955712,4095048,3893,23813003,23813003,23910026855481,1215804,140034,435728279,272542,3893,66,636022,1709,463072,24785
2025-07-30T15:55:29.079332,21550,96296,60955722,4135761,3867,23817640,23817640,23918981503582,433675,140056,436269407,272581,3867,65,632304,1616,463098,24399
2025-07-30T15:55:34.798130,19634,89592,60955732,4112302,4341,23822288,23822288,23927941509422,431856,140080,436799669,272626,4341,63,634860,1696,463210,15686
2025-07-30T15:55:40.481827,23517,85747,60955752,8717552,4388,23831582,23831582,23945639183975,1211692,140127,437879179,272716,4388,67,1600294,1903,463338,15925
2025-07-30T15:55:46.396886,26281,89856,60955759,8424802,3857,23836247,23836247,23954664030800,431694,140150,438419907,272763,3857,64,1641537,1625,463424,16198
2025-07-30T15:55:52.717038,21476,88812,60955769,9196371,4369,23840447,23840447,23963682520088,433085,140174,438957384,272801,4369,67,632473,1673,463508,25728
2025-07-30T15:55:58.895513,22777,88136,60955786,3974890,3650,23844463,23844463,23972368721101,461298,140196,439486693,272853,3650,67,1651200,1723,463602,26410
2025-07-30T15:56:04.265517,23396,90700,60955797,4319743,3743,23849099,23849099,23981516593430,1105669,140219,440018173,272900,3743,64,1632923,1691,463697,15652
2025-07-30T15:56:10.516577,20792,101583,60955815,4795392,4156,23858465,23858465,23999280977494,431115,140265,441039699,272982,4156,72,620280,1648,463821,24399
2025-07-30T15:56:16.657965,19729,93172,60955826,4176179,3782,23863152,23863152,24008419313865,448847,140289,441575846,273031,3782,70,633240,1637,463913,16139
2025-07-30T15:56:21.841282,19823,85527,60955844,4006658,4145,23867800,23867800,24017361264169,440291,140312,442107923,273081,4145,73,631660,1690,463933,23647
2025-07-30T15:56:27.403008,20115,109696,60955850,3945186,3789,23872475,23872475,24026659570583,1180695,140336,442641869,273119,3789,61,629483,1596,464023,25198
2025-07-30T15:56:33.781422,23109,90764,60955860,8472114,4022,23876924,23876924,24035814697240,544632,140359,443181631,273171,4022,67,1551718,1646,464109,24684
2025-07-30T15:56:39.231728,18491,102242,60955869,4006366,4339,23880736,23880737,24045099030236,1140980,140383,443712097,273215,4339,63,641786,1809,464200,16747
2025-07-30T15:56:44.903957,19682,87801,60955878,9074723,4533,23885375,23885375,24054129173675,1104697,140406,444254875,273254,4533,63,631978,1720,464289,15681
2025-07-30T15:56:50.816186,20122,89592,60955897,8974304,4302,23894728,23894728,24072309179968,1189129,140452,445346819,273340,4302,64,639551,1653,464403,25349
2025-07-30T15:56:56.735108,19828,93066,60955906,8216932,3865,23899372,23899372,24081073019658,502287,140474,445870952,273392,3865,63,632251,1660,464511,17548
2025-07-30T15:57:02.040758,21168,101834,60955921,4212849,4046,23904031,23904031,24090138065107,450870,140497,446406716,273440,4046,64,1530622,1699,464591,15671
2025-07-30T15:57:07.908136,23114,91714,60955932,8485123,4956,23908788,23908788,24098950741214,439076,140521,446903121,273484,4956,67,1621582,1682,464613,15610
2025-07-30T15:57:13.464202,25252,90549,60955945,4075928,3716,23913467,23913467,24108143289449,431152,140545,447436347,273536,3716,67,1623947,1785,464696,15767
2025-07-30T15:57:19.841981,20940,90016,60955956,8514755,4006,23918128,23918128,24117159331435,439645,140568,447968957,273580,4006,70,636916,1703,464788,15697
2025-07-30T15:57:25.587270,24746,87444,60955977,3943535,4136,23926406,23926406,24134989406508,1191617,140615,449044173,273677,4136,62,1633260,1710,464976,17948
2025-07-30T15:57:31.537557,21070,89961,60955984,10050016,4031,23931096,23931096,24144362856315,438555,140640,449577314,273711,4031,65,655677,1630,465065,15873
2025-07-30T15:57:36.989670,19954,90605,60955990,8641827,3844,23935750,23935750,24153797816604,435648,140663,450113581,273750,3844,65,632059,1645,465089,16311
2025-07-30T15:57:42.913174,25959,97380,60956003,8694085,3794,23939978,23939978,24162810056897,431753,140685,450647505,273805,3794,62,1722170,1573,465191,17314
2025-07-30T15:57:49.522583,21046,101425,60956011,4117332,4399,23944332,23944333,24171710972669,435746,140708,451182932,273841,4399,68,641303,1651,465217,15453
2025-07-30T15:57:55.939896,24285,92560,60956033,8823626,3977,23953333,23953333,24189859205593,546394,140753,452238486,273937,3977,67,1653690,1594,465354,15863
2025-07-30T15:58:01.845313,20205,88892,60956041,8755103,4560,23957990,23957990,24198912291781,436827,140775,452772263,273989,4560,66,626452,1897,465450,25233
2025-07-30T15:58:07.825115,21791,88835,60956050,3901507,3632,23962752,23962752,24207328008387,1099303,140799,453248540,274026,3632,65,1600319,1816,465538,25968
2025-07-30T15:58:13.786635,21169,93208,60956061,3970440,3945,23967418,23967418,24216707333891,1141141,140822,453785231,274064,3947,66,640888,1657,465640,15741
2025-07-30T15:58:19.449915,20605,89068,60956069,4248214,3772,23972075,23972075,24226304186210,1249408,140844,454320456,274112,3772,60,629140,1698,465746,24363
2025-07-30T15:58:25.157773,20967,91275,60956095,7614563,3753,23981434,23981434,24244463850601,428626,140890,455381464,274206,3753,65,644187,1831,465862,15872
2025-07-30T15:58:31.301733,20491,97416,60956106,8993360,3964,23986097,23986097,24253398510858,431680,140912,455910647,274255,3964,65,630813,1699,465970,25652
2025-07-30T15:58:39.099313,20172,101705,60956117,8594016,4176,23990759,23990759,24262542550572,432135,140935,456445362,274307,4176,68,631393,1719,465996,25985
2025-07-30T15:58:44.529973,20503,99940,60956130,4245061,3831,23995451,23995451,24271670124164,447212,140958,456989487,274354,3831,70,633347,1948,466102,16150
2025-07-30T15:58:50.252009,23432,97278,60956149,4086069,3841,24003735,24003735,24289358735685,1184453,141004,458054671,274430,3841,68,1567165,1562,466249,15617
2025-07-30T15:58:56.158405,20041,94497,60956159,4201117,3695,24008379,24008379,24298314935653,435525,141025,458580454,274484,3695,65,642660,1609,466366,24974
2025-07-30T15:59:01.841573,23139,87440,60956172,4053762,4211,24013091,24013091,24307591073346,1115000,141049,459117469,274535,4211,62,1494485,1736,466473,15444
2025-07-30T15:59:06.960439,24698,105205,60956180,4171315,5139,24017846,24017846,24316763409303,431625,141072,459612987,274577,5139,63,1468936,1783,466573,25423
2025-07-30T15:59:12.080520,17110,81164,60956191,3834199,3096,24022545,24022545,24322045968781,435238,141097,459750988,274635,3096,64,631624,1522,466597,15721
2025-07-30T15:59:17.215259,17771,76300,60956203,4060303,3282,24027243,24027243,24325864445299,433039,141122,459751060,274684,3282,68,635229,1569,466687,18406
2025-07-30T15:59:22.365380,12833,80727,60956218,3892079,3285,24031960,24031960,24329679120421,434400,141148,459751137,274734,3285,66,817327,1537,466776,15622
2025-07-30T15:59:27.491468,17091,81254,60956228,4058114,3217,24036653,24036653,24333466867450,436677,141174,459751204,274787,3217,65,626998,1520,466866,15964
2025-07-30T15:59:32.654223,17857,79682,60956239,3901820,3073,24041351,24041351,24337129506649,425976,141200,459751280,274837,3073,68,645367,1505,466976,15872
2025-07-30T15:59:37.807982,17490,75609,60956248,3936452,3199,24046048,24046048,24340983343678,440712,141226,459751339,274884,3199,68,628702,1544,467074,15302
2025-07-30T15:59:42.954860,16510,82016,60956257,3919197,3442,24050731,24050731,24344764023245,436311,141252,459751403,274932,3442,71,632053,1631,467093,15635
2025-07-30T15:59:48.091246,20356,84754,60956269,3833214,3257,24055457,24055457,24348528745875,435038,141277,459751481,274980,3257,63,670810,1630,467183,15270
2025-07-30T15:59:53.221998,17529,85320,60956278,3918623,3243,24060185,24060185,24352301300955,431726,141303,459751543,275027,3243,63,630517,1630,467275,15589
2025-07-30T15:59:58.323137,18915,81604,60956289,3827691,2971,24064567,24064567,24355859238410,425863,141329,459751626,275075,2971,66,641512,1565,467394,15811
2025-07-30T16:00:03.444222,17623,101520,60956299,4117992,3230,24068591,24068591,24359451997516,429205,141354,459751685,275124,3230,67,644251,1618,467482,15639
2025-07-30T16:00:08.578184,17054,80486,60956308,3821340,3078,24073257,24073257,24363316068330,436164,141380,459751748,275174,3078,69,629863,1477,467502,16513
2025-07-30T16:00:13.698096,17462,99778,60956318,3670620,3272,24077939,24077939,24367063830947,439060,141406,459751817,275221,3272,65,636517,1615,467586,15327
2025-07-30T16:00:18.874313,18929,80684,60956327,3775025,3136,24082635,24082635,24370766238632,436907,141432,459751872,275267,3136,63,634047,1569,467604,15590
2025-07-30T16:00:24.049417,18041,78297,60956336,4046859,3210,24087334,24087334,24374611104900,439518,141458,459751937,275315,3210,66,627126,1637,467636,15589
2025-07-30T16:00:29.174157,17976,78340,60956349,3857660,3122,24092043,24092043,24378308347104,437654,141484,459752014,275365,3122,67,656609,1529,467654,16124
2025-07-30T16:00:34.301593,16779,74799,60956360,3740987,5876,24096730,24096730,24382524460106,433453,141510,459752079,275412,5876,70,630138,1728,467674,15407
2025-07-30T16:00:39.435400,18405,83089,60956368,3877948,3291,24101435,24101435,24386264889342,435943,141536,459752147,275460,3291,69,640055,1588,467780,15605
2025-07-30T16:00:44.561667,17411,88401,60956382,3735227,3094,24106116,24106116,24390041840608,429624,141561,459752210,275510,3094,63,632162,1457,467880,16149
2025-07-30T16:00:49.732636,18003,82013,60956390,3765737,3128,24110836,24110836,24393865689191,439093,141587,459752278,275557,3128,62,631838,1502,467960,15538
2025-07-30T16:00:54.890443,17282,78835,60956400,3835703,3085,24115534,24115534,24397692962998,432565,141613,459752345,275605,3085,65,635208,1516,468076,15300
2025-07-30T16:01:00.038306,18912,85349,60956418,3859013,3462,24124947,24124947,24405125468051,435189,141665,459752470,275700,3462,64,630647,1568,468198,16060
2025-07-30T16:01:05.137984,17123,84005,60956427,3793593,3285,24129709,24129709,24408926991571,441602,141690,459752536,275747,3285,63,638343,1659,468282,15606
2025-07-30T16:01:10.248983,17493,83301,60956436,3729285,3033,24134171,24134172,24412687337557,430372,141716,459752596,275794,3033,69,640228,1645,468360,17306
2025-07-30T16:01:15.391892,18163,94687,60956444,3890745,3205,24138329,24138329,24416386997287,430904,141742,459752662,275843,3205,63,637886,1524,468380,15299
2025-07-30T16:01:20.535747,17866,84374,60956455,4064155,3147,24142699,24142699,24420088590495,429902,141767,459752733,275891,3147,63,635055,1575,468482,15827
2025-07-30T16:01:25.658005,18320,80912,60956464,3677488,3246,24147401,24147401,24423848624099,443103,141793,459752792,275937,3246,68,634896,1519,468517,15592
2025-07-30T16:01:30.776710,17578,74761,60956474,3945931,3132,24152101,24152101,24427627795715,436931,141819,459752881,275987,3132,67,631425,1672,468609,15905
2025-07-30T16:01:35.892908,17264,81501,60956486,3722907,3288,24156797,24156797,24431409281200,429143,141845,459752957,276035,3288,66,626624,1572,468695,16600
2025-07-30T16:01:41.022522,19558,77596,60956494,3791544,3689,24161496,24161496,24435116831728,441186,141871,459753011,276082,3689,66,644522,1777,468783,15457
2025-07-30T16:01:46.325048,17918,77801,60956507,3782349,3310,24166227,24166227,24438878302125,429653,141897,459753101,276130,3310,66,636116,1561,468882,15700
2025-07-30T16:01:51.461670,17651,80571,60956516,3762073,3122,24170937,24170937,24442952686643,431194,141922,459753156,276177,3122,71,627194,1639,468908,16216
2025-07-30T16:01:56.566516,17748,77849,60956525,4081073,4504,24175639,24175639,24446754288419,436341,141948,459753222,276225,4504,64,635958,1835,469009,15498
2025-07-30T16:02:01.700290,18286,78804,60956535,3806972,3218,24180351,24180351,24450534618499,436049,141974,459753286,276273,3218,69,638325,1584,469109,15420
2025-07-30T16:02:06.818828,19108,80203,60956544,3736921,3015,24185124,24185124,24454344079156,426393,142000,459753345,276320,3015,70,643001,1708,469199,16820
2025-07-30T16:02:11.924187,17258,80721,60956552,4141712,3205,24189835,24189835,24458066681616,425127,142026,459753410,276368,3205,65,637642,1512,469293,15769
2025-07-30T16:02:17.032672,17250,82324,60956563,3871657,3449,24194529,24194529,24461720652727,433926,142051,459753480,276415,3449,75,634876,1626,469317,15441
2025-07-30T16:02:22.286907,17378,81579,60956571,3896134,3178,24199266,24199266,24465558474272,445664,142077,459753565,276466,3178,67,638102,1555,469407,15735
2025-07-30T16:02:27.415101,17591,84169,60956582,3844891,3017,24203875,24203876,24469549967973,435814,142103,459753644,276515,3017,67,643423,1749,469496,15537
2025-07-30T16:02:32.549262,17091,78908,60956591,4658012,3182,24208055,24208057,24473165439988,437623,142129,459753701,276562,3182,65,635764,1501,469589,15535
2025-07-30T16:02:37.666820,17900,80293,60956599,3829204,3195,24212284,24212284,24477010846632,436105,142154,459753761,276609,3195,70,631482,1682,469683,15796
2025-07-30T16:02:42.779944,17555,83792,60956609,3911069,3028,24216988,24216988,24480746085219,428712,142180,459753833,276657,3028,65,636452,1570,469701,15663
2025-07-30T16:02:47.986452,17821,79241,60956621,3838037,3008,24221718,24221718,24484482626141,433871,142206,459753914,276706,3008,65,632704,1626,469781,15898
2025-07-30T16:02:53.110219,19686,87261,60956629,3929468,3766,24226428,24226428,24488321714099,432743,142232,459753970,276753,3766,64,633362,1525,469865,15471
2025-07-30T16:02:58.218192,17764,77779,60956640,3708439,3228,24231150,24231150,24492174592801,431692,142258,459754039,276802,3228,63,639668,1679,469958,15792
2025-07-30T16:03:03.333926,19346,107214,60956649,3717389,3194,24235828,24235828,24495894824399,441889,142283,459754095,276849,3194,65,637110,1625,470066,15659
2025-07-30T16:03:08.434863,17872,74525,60956657,3790093,3162,24240612,24240612,24499700620235,425578,142309,459754161,276897,3162,67,632928,1654,470088,15800
2025-07-30T16:03:13.568063,18951,85313,60956668,3678505,3727,24245294,24245294,24503483070407,429874,142335,459754251,276945,3727,61,636502,1701,470175,17012
2025-07-30T16:03:18.697748,18156,82569,60956676,3899823,3118,24250009,24250009,24507292290167,435501,142361,459754319,276992,3118,64,635420,1535,470259,15845
2025-07-30T16:03:23.819273,17223,77854,60956686,3868194,3467,24254689,24254689,24510966794460,438158,142387,459754389,277041,3467,68,634638,1614,470343,15553
2025-07-30T16:03:28.974320,17333,86233,60956696,3938804,3281,24259400,24259400,24514729376139,432941,142412,459754447,277088,3281,69,626738,1639,470435,15759
2025-07-30T16:03:34.112396,16963,90524,60956704,3724422,3043,24264093,24264093,24518513656266,447025,142438,459754514,277136,3043,70,619283,1565,470464,15979
2025-07-30T16:03:39.235671,18176,85893,60956714,3711053,3277,24268795,24268795,24522308646153,438079,142464,459754581,277184,3277,62,640655,1598,470556,15658
2025-07-30T16:03:44.365641,17223,80221,60956723,4454275,3144,24273495,24273495,24525979624009,449563,142490,459754644,277231,3144,67,634193,1507,470654,15986
2025-07-30T16:03:49.491810,17474,80230,60956731,3845378,3167,24277748,24277749,24529695009827,438776,142516,459754721,277279,3167,65,627347,1542,470795,15413
2025-07-30T16:03:54.660756,15990,78707,60956745,3822145,3147,24282050,24282050,24533400174245,430650,142542,459754801,277329,3147,63,625860,1578,470819,15251
2025-07-30T16:03:59.802209,18968,82846,60956755,3804115,3553,24286542,24286542,24537097759293,445500,142567,459754872,277376,3553,65,630167,1748,470838,15536
2025-07-30T16:04:04.946369,17440,84208,60956763,3785046,4174,24291282,24291282,24540856303355,434602,142593,459754940,277424,4174,67,641215,1727,470861,15262
2025-07-30T16:04:10.108885,17330,78571,61079679,3749073,2908,24300742,24300742,24550190544193,427927,142644,460068489,277519,2908,62,627737,1524,470899,15186
2025-07-30T16:04:15.238852,27403,100279,61326668,4018030,4271,24305451,24305451,24556104650445,434061,142671,460586394,277566,4271,73,632235,1656,471012,15581
2025-07-30T16:04:20.357005,23162,91133,61577042,4163048,9308,24310158,24310158,24561626014280,428139,142697,461103057,277608,9308,61,642762,2397,471064,15500
2025-07-30T16:04:25.542142,20863,92636,61828739,4025712,4031,24314878,24314878,24567138442015,434231,142724,461622353,277650,4031,63,625011,1687,471088,15889
2025-07-30T16:04:30.700659,22858,92032,62073522,4065001,3980,24319597,24319597,24572862820439,434485,142751,462127563,277696,3980,67,647952,1645,471106,15950
2025-07-30T16:04:35.818783,20883,99645,62333979,3995029,3996,24324310,24324310,24578803322736,446022,142777,462664396,277741,3996,63,630078,1547,471130,16279
2025-07-30T16:04:40.968585,21658,90805,62593102,4046100,5342,24329035,24329035,24584593037562,425661,142804,463198660,277775,5342,66,637959,1858,471152,15402
2025-07-30T16:04:46.119753,21074,87932,62846872,4208293,3921,24333900,24333900,24590619132134,434610,142831,463722150,277822,3921,72,626503,1683,471194,16010
2025-07-30T16:04:51.281906,21659,93698,63106605,4011142,4137,24338640,24338640,24596451169608,454772,142858,464258067,277878,4137,68,635282,1727,471294,15850
2025-07-30T16:04:56.442760,20818,90824,63360660,4074887,4114,24343371,24343371,24602387600167,436251,142885,464782379,277919,4114,65,633605,1711,471349,15773
2025-07-30T16:05:01.561176,20072,90807,63607304,4063107,3863,24348076,24348076,24608085323650,435165,142911,465291500,277978,3863,69,647262,1661,471372,16165
2025-07-30T16:05:06.694471,20512,91805,63821998,4114382,4641,24352328,24352328,24613603314044,438905,142938,465736648,278016,4641,67,622637,1844,471390,15724
2025-07-30T16:05:11.847095,19791,89772,64069588,4110353,4031,24356495,24356495,24619276712812,432158,142964,466247745,278070,4031,68,625022,1693,471408,15798
2025-07-30T16:05:16.979445,22035,90996,64331061,4188817,4061,24361213,24361213,24625208301989,435956,142990,466786684,278111,4061,65,629699,1755,471434,15329
2025-07-30T16:05:22.110798,20550,91480,64591653,4119051,3953,24365940,24365940,24631090343730,433350,143017,467323691,278147,3953,67,629750,1631,471451,16034
2025-07-30T16:05:27.238599,21499,90643,64849745,4321811,3819,24370651,24370651,24636828561153,430994,143044,467855783,278194,3819,74,631808,1747,471475,16108
2025-07-30T16:05:32.451422,21193,89136,65098994,4006596,4928,24375372,24375372,24642690191877,426144,143071,468370400,278251,4928,69,629017,1739,471599,15915
2025-07-30T16:05:37.610689,21719,90848,65363436,4139959,3980,24380086,24380086,24648728734712,431793,143097,468915243,278298,3980,66,643188,1689,471621,15379
2025-07-30T16:05:42.761363,21563,90348,65624591,4050593,3566,24384814,24384814,24654713607594,430665,143124,469453209,278338,3566,63,648256,1601,471641,15443
2025-07-30T16:05:47.929175,21832,89164,65889462,4175862,3662,24389567,24389567,24660871007350,433943,143151,469998991,278387,3662,59,636332,1721,471752,15851
2025-07-30T16:05:53.077342,21052,100474,66146123,4110320,3777,24394286,24394288,24666727359016,421763,143177,470528138,278430,3777,69,627718,1711,471776,16189
2025-07-30T16:05:58.207386,20760,91689,66404492,4091904,4457,24399010,24399011,24672538428882,433249,143205,471060668,278472,4457,64,626818,1784,471799,15221
2025-07-30T16:06:03.321897,20777,89316,66653435,4019228,4094,24403735,24403735,24678386921948,430208,143231,471574324,278518,4094,63,628557,1886,471910,15993
2025-07-30T16:06:08.442626,18176,87104,66871921,4079462,4071,24408517,24408517,24683601927862,437820,143257,472027007,278558,4071,66,630655,1974,471932,17265
2025-07-30T16:06:13.604163,20603,89968,67116585,4172845,3697,24413227,24413227,24689225539531,438897,143284,472531991,278609,3697,62,625835,1751,471950,15755
2025-07-30T16:06:18.782759,20496,93760,67376114,4004641,3866,24417939,24417941,24695151008218,428184,143310,473066479,278649,3866,69,626598,1677,471992,15888
2025-07-30T16:06:23.956785,20370,90178,67634969,4206270,3813,24422335,24422335,24700971296474,437208,143337,473600248,278687,3813,76,648287,1818,472042,15883
2025-07-30T16:06:29.084767,20235,94308,67891783,4004234,3901,24426581,24426581,24706513514854,432316,143363,474129822,278736,3901,60,633815,1762,472074,15478
2025-07-30T16:06:34.205480,22147,90909,68141800,4185516,4185,24431012,24431012,24712433328227,440351,143390,474645492,278776,4185,68,641523,1724,472102,15425
2025-07-30T16:06:39.323802,20964,90092,68400034,4089801,4019,24435756,24435756,24718966388827,436276,143417,475177860,278830,4019,60,624096,1695,472208,15585
2025-07-30T16:06:44.489488,21958,92673,68659449,3883344,4224,24440473,24440473,24724841392285,427322,143443,475712534,278870,4224,71,638965,1699,472242,15981
2025-07-30T16:06:49.632865,21770,87768,68920485,4134828,4075,24445226,24445226,24730827203807,439967,143470,476250311,278924,4075,66,632879,1796,472274,15533
2025-07-30T16:06:54.790002,20410,92144,69177679,4022242,4006,24449958,24449958,24736668074836,435369,143496,476780564,278973,4006,66,626124,1734,472300,15934
2025-07-30T16:06:59.912910,21489,91644,69439584,4094704,4236,24454690,24454690,24742553834412,426091,143523,477320249,279018,4236,68,641173,1856,472328,21291
2025-07-30T16:07:05.076828,21423,97193,69905528,4133975,4618,24464229,24464229,24753699260145,432209,143577,478283841,279098,4618,70,629293,1726,472364,15892
2025-07-30T16:07:10.271992,21323,85307,70146907,3939408,4055,24468954,24468954,24759525501026,435814,143604,478782121,279148,4055,63,638189,1703,472466,15513
2025-07-30T16:07:15.394683,21739,88545,70404088,4422659,3561,24473666,24473666,24765497821881,428219,143630,479312319,279198,3561,68,646469,1656,472484,16056
2025-07-30T16:07:20.521263,21455,90144,70665821,4680215,4267,24478431,24478431,24771396555361,431816,143657,479851593,279250,4267,66,636185,1677,472502,15971
2025-07-30T16:07:25.660717,20648,89475,70926506,4047271,3895,24483157,24483157,24777211952232,435214,143684,480388813,279303,3895,60,628013,1612,472527,15858
2025-07-30T16:07:30.832038,19200,86253,71188278,4129896,3968,24487864,24487864,24783133966477,437219,143710,480927961,279344,3968,64,635140,1595,472577,16508
2025-07-30T16:07:35.948432,20562,88425,71437876,3994796,3995,24492517,24492517,24788923432712,440451,143737,481442875,279394,3995,62,629655,1836,472595,15983
2025-07-30T16:07:41.064601,20932,95750,71698474,4198394,4075,24496851,24496851,24794561434158,435174,143764,481979840,279440,4075,65,628348,1741,472699,15956
2025-07-30T16:07:46.221295,20735,91690,71956389,4396363,3239,24500956,24500956,24800299071052,431964,143790,482511609,279487,3239,65,633575,1932,472721,15144
2025-07-30T16:07:51.355325,21150,91548,72214772,4039107,3661,24505691,24505691,24806262687002,425246,143817,483044374,279527,3661,67,632775,1694,472806,15646
2025-07-30T16:07:56.491537,21286,91123,72471929,4015700,3742,24510421,24510421,24812048214357,435081,143844,483574445,279574,3742,64,633301,1655,472837,18669
2025-07-30T16:08:01.675959,20207,93421,72729892,4094739,3865,24515136,24515136,24817940834839,429348,143871,484105768,279612,3865,75,633816,1695,472893,15002
2025-07-30T16:08:06.818025,21744,89570,72949281,3943757,3902,24519923,24519923,24823265527877,433861,143896,484560017,279654,3902,64,652894,1699,472925,15596
2025-07-30T16:08:11.984227,21811,88256,73185103,4010166,3898,24524640,24524640,24828781914693,442315,143923,485047826,279707,3898,69,648771,1723,472952,15268
2025-07-30T16:08:17.138136,20156,90702,73448642,4079126,4142,24529370,24529370,24834699437657,433843,143950,485590690,279752,4142,80,629422,1671,472982,15779
2025-07-30T16:08:22.300249,21111,91133,73710290,4082184,3971,24534103,24534103,24840673184349,430548,143976,486129741,279794,3971,64,637138,1671,473086,16317
2025-07-30T16:08:27.459998,21698,93108,73970595,4242920,4110,24538834,24538834,24846662623900,434353,144003,486666229,279830,4110,65,632871,1643,473116,15737
2025-07-30T16:08:32.601765,22650,89653,74229028,3997593,3980,24543540,24543540,24852634437761,423118,144030,487198643,279882,3980,63,641577,1673,473210,15490
2025-07-30T16:08:37.728137,20257,90060,74475875,4177144,4234,24548284,24548284,24858516121405,433014,144056,487708183,279920,4234,65,625115,1746,473300,16021
2025-07-30T16:08:42.840544,21900,90887,74739142,4069311,5100,24553013,24553013,24864434374938,429532,144083,488250255,279970,5100,62,629625,1794,473386,15462
2025-07-30T16:08:47.979860,21788,90576,74998471,4030069,3910,24557760,24557760,24870456608299,446290,144109,488784911,280019,3910,68,641368,1584,473505,16135
2025-07-30T16:08:53.126639,22031,91084,75255730,4054996,3934,24562523,24562523,24876402393770,440743,144136,489315194,280068,3934,70,624318,1751,473524,17209
2025-07-30T16:08:58.250619,21367,92013,75515300,3985778,4149,24566714,24566714,24882373827359,428529,144163,489850357,280112,4149,66,636920,1741,473549,16040
2025-07-30T16:09:03.385052,20088,92577,75776157,4080789,4002,24570917,24570917,24888200035854,424635,144190,490387629,280169,4002,75,624283,1733,473570,15901
2025-07-30T16:09:08.522795,20264,90743,75986940,4118654,4047,24575714,24575714,24893492284741,439963,144216,490824988,280204,4047,66,648388,1646,473592,15947
2025-07-30T16:09:13.643953,19994,90291,76221087,4000727,3984,24580437,24580437,24899048837299,434334,144242,491308932,280246,3984,61,623171,1663,473614,16195
2025-07-30T16:09:18.793132,21168,89136,76473134,4172811,4073,24585183,24585183,24905192032441,432859,144269,491828878,280299,4073,69,640770,1685,473718,15376
2025-07-30T16:09:23.949392,20888,93776,76729554,4097982,3969,24589912,24589912,24910909977127,428573,144296,492357426,280334,3969,64,624574,1718,473754,15771
2025-07-30T16:09:29.089452,21881,96446,76989752,4142561,5507,24594642,24594642,24916786413248,442081,144323,492894144,280392,5507,69,631001,1829,473778,15631
2025-07-30T16:09:34.211187,21091,89636,77247662,4092720,3685,24599372,24599372,24922705219368,427951,144349,493425492,280426,3685,65,631967,1813,473804,15467
2025-07-30T16:09:39.349021,21738,100723,77499483,4050189,3709,24604119,24604119,24928386712812,440882,144376,493945116,280479,3709,63,634963,1607,473821,16723
2025-07-30T16:09:44.517227,21651,90048,77761182,4060429,3966,24608853,24608853,24934493594873,439177,144403,494484322,280513,3966,63,635272,1672,473839,15340
2025-07-30T16:09:49.701047,20810,91036,78024352,4100290,4213,24613626,24613626,24940453587189,429421,144429,495026406,280571,4213,65,632424,1831,473859,16347
2025-07-30T16:09:54.844575,21649,90785,78280018,4097176,3770,24618374,24618374,24946379074429,435189,144456,495553468,280616,3770,62,636103,1593,473879,15097
2025-07-30T16:09:59.963492,21109,91144,78543283,4026434,4225,24623113,24623113,24952208724537,431078,144483,496095964,280656,4225,71,624861,1750,473986,15350
2025-07-30T16:10:05.180456,23785,92452,79020541,4164523,3768,24632619,24632619,24963429673494,432154,144537,497081829,280758,3768,68,635476,1621,474062,16458
2025-07-30T16:10:10.296789,19510,88724,79247927,4262984,3862,24636708,24636707,24968981655682,433777,144563,497552498,280808,3862,59,648161,1676,474080,15925
2025-07-30T16:10:15.442408,20544,96388,79508453,4191645,3955,24641065,24641065,24974974710471,442650,144591,498089491,280853,3955,66,629635,1791,474100,15675
2025-07-30T16:10:20.591495,20820,88613,79767604,4169609,3918,24645780,24645780,24980795934672,434915,144617,498623671,280895,3918,70,631988,1815,474119,15449
2025-07-30T16:10:25.726896,26946,92688,80025479,3993256,3733,24650521,24650521,24986651322110,438048,144644,499155132,280942,3733,68,640879,1605,474139,15025
2025-07-30T16:10:30.843670,21608,91982,80283638,4139419,3924,24655242,24655242,24992535839176,431133,144671,499687103,280989,3924,61,631203,1718,474247,15654
2025-07-30T16:10:35.990729,21507,88728,80543820,4116208,3956,24659970,24659970,24998455969331,441142,144697,500223490,281031,3956,69,632020,1759,474289,16445
2025-07-30T16:10:41.153470,21553,94079,80793770,4112628,4333,24664704,24664704,25004270965011,437452,144724,500739017,281081,4333,70,634463,1656,474311,15693
2025-07-30T16:10:46.279803,21931,92632,81055094,4394889,3907,24669451,24669451,25010379123766,427602,144750,501277616,281128,3907,65,643404,1637,474335,15638
2025-07-30T16:10:51.406466,22330,89360,81315860,4207337,4183,24674218,24674218,25016450875641,437835,144778,501814805,281169,4183,65,647325,1787,474439,15730
2025-07-30T16:10:56.530292,21532,89052,81576310,4076551,3707,24678953,24678953,25022384878871,431299,144805,502351440,281224,3707,69,633656,1596,474465,15613
2025-07-30T16:11:01.671156,20842,91020,81833825,4163395,3993,24683685,24683687,25028174358043,433441,144831,502882435,281274,3993,67,638379,1643,474487,16023
2025-07-30T16:11:06.855723,20710,92069,82053361,4006373,3675,24688488,24688488,25033653966415,440464,144857,503337032,281315,3675,69,634019,1728,474575,15230
2025-07-30T16:11:12.030071,20214,95594,82282746,4046144,4001,24693229,24693229,25039329822165,429784,144884,503811596,281361,4001,62,650538,1585,474615,15892
2025-07-30T16:11:17.163457,21588,86922,82543463,4108625,4230,24697983,24697983,25045698505874,430562,144911,504348840,281410,4230,64,633621,1620,474644,15611
2025-07-30T16:11:22.329329,20982,90427,82807424,4079949,3879,24702485,24702485,25051620985030,440512,144938,504892622,281457,3879,67,623471,1684,474670,15706
2025-07-30T16:11:27.468946,21875,89831,83067485,3994465,4017,24706788,24706788,25057437494470,444729,144964,505428574,281498,4017,63,635169,1699,474694,15853
2025-07-30T16:11:32.657004,21002,90460,83330163,4378592,3954,24711071,24711071,25063398335255,431093,144991,505969712,281542,3954,67,637484,1627,474716,15828
2025-07-30T16:11:37.775616,19482,91233,83595732,4000241,4114,24715818,24715818,25069517241922,429328,145018,506516860,281598,4114,69,644557,1852,474834,15843
2025-07-30T16:11:42.896418,21499,91188,83853260,3960536,4144,24720539,24720539,25075378062638,433025,145045,507047971,281649,4144,65,633170,1820,474955,15150
2025-07-30T16:11:48.050264,18359,92899,84113626,4163729,4322,24725295,24725295,25081294232662,434806,145072,507584719,281689,4322,73,629977,1638,475063,15776
2025-07-30T16:11:53.188900,21530,92792,84374270,3997780,3975,24730027,24730027,25087315553794,433040,145098,508121831,281734,3975,63,630116,1713,475089,15395
2025-07-30T16:11:58.336261,21146,93268,84635077,4077245,4147,24734790,24734790,25093457739832,432076,145125,508659394,281778,4147,67,631382,1705,475171,16094
2025-07-30T16:12:03.473335,17092,93960,84895104,4063413,3822,24739505,24739505,25099440649293,442439,145152,509195146,281829,3822,70,637661,1633,475287,16045
2025-07-30T16:12:08.602449,20122,93888,85116505,4204190,4162,24744314,24744314,25104865385641,434864,145179,509653780,281870,4162,67,626653,1690,475394,15954
2025-07-30T16:12:13.739092,21327,93737,85351514,4084674,3925,24749031,24749031,25110473538084,437932,145205,510139443,281920,3925,66,635117,1669,475416,15455
2025-07-30T16:12:18.902776,19762,91821,85608365,4108040,4154,24753771,24753771,25116459456579,432745,145232,510668710,281955,4154,67,632334,1706,475510,15594
2025-07-30T16:12:24.042266,21287,84886,85868287,4095000,4150,24758543,24758543,25122442387541,424860,145259,511204681,282013,4150,66,633206,1653,475590,16013
2025-07-30T16:12:29.158798,21306,97684,86128670,4075732,3245,24763275,24763275,25128235458975,439405,145285,511741385,282058,3245,67,629519,1590,475699,16309
2025-07-30T16:12:34.285418,20060,90954,86390635,4172634,3778,24768010,24768010,25134125640414,432610,145312,512280939,282108,3778,67,624864,1728,475787,16066
2025-07-30T16:12:39.442423,21554,92528,86657375,3959151,3228,24772665,24772665,25140653087852,434833,145339,512830081,282149,3228,67,636857,1823,475805,15740
2025-07-30T16:12:44.582894,21484,91807,86908728,4218814,4038,24776728,24776728,25146427528658,430673,145366,513348623,282187,4038,64,652000,1711,475895,16006
2025-07-30T16:12:49.706426,20175,95714,87163669,4129048,3787,24781156,24781156,25152333811165,1905319,145393,513874234,282240,3787,71,628420,1687,475980,15471
2025-07-30T16:12:54.819250,21080,87472,87422371,4368838,3804,24785899,24785899,25158085584004,442011,145419,514407341,282280,3804,66,632086,1652,476071,16330
2025-07-30T16:12:59.958433,21659,88977,87677998,4144993,4033,24790635,24790635,25164016589744,432723,145446,514934111,282327,4033,65,634430,1613,476172,15893
2025-07-30T16:13:05.225325,20752,91305,88157549,4104689,3908,24800208,24800208,25175358581306,425164,145499,515924855,282420,3908,65,623026,1748,476288,15291
2025-07-30T16:13:10.366392,20305,90762,88389498,4221066,3771,24804948,24804948,25181147247821,431456,145526,516404760,282469,3771,77,625833,1752,476380,15531
2025-07-30T16:13:15.508372,21019,87805,88647349,4059978,3818,24809687,24809687,25187138975456,432372,145552,516936365,282511,3818,69,631175,1571,476472,15759
2025-07-30T16:13:20.670962,21734,91448,88911483,4069242,4284,24814439,24814439,25193214992183,428501,145579,517480509,282560,4284,69,638602,1658,476580,15912
2025-07-30T16:13:25.827566,20855,88912,89173067,4325851,4009,24819190,24819190,25199320536299,436068,145606,518019551,282593,4009,65,637773,1683,476606,15734
2025-07-30T16:13:31.015029,22171,91676,89433126,3994946,4011,24823944,24823944,25205445325232,432909,145633,518555434,282639,4011,70,631402,1662,476692,15523
2025-07-30T16:13:36.132789,21880,92996,89697252,4145874,4048,24828688,24828688,25211711802027,438490,145660,519099499,282683,4048,60,628552,1706,476786,15839
2025-07-30T16:13:41.280458,21162,91372,89957994,3841899,4051,24833439,24833439,25217863783461,437676,145686,519636601,282738,4051,68,648462,1605,476890,15723
2025-07-30T16:13:46.423375,21918,91839,90213394,4073333,3656,24838201,24838201,25223783494115,429181,145713,520163110,282778,3656,66,635950,1710,476927,15554
2025-07-30T16:13:51.589799,20642,91084,90478774,4104810,3927,24842317,24842317,25229818225681,431308,145739,520709893,282830,3927,67,632062,1660,477052,16870
2025-07-30T16:13:56.729285,21648,89048,90743377,4084618,4173,24846644,24846644,25235764149500,434287,145766,521254812,282871,4173,67,641849,1731,477162,15658
2025-07-30T16:14:01.850106,21048,90159,91008617,4055700,3944,24851427,24851427,25241862742596,429897,145793,521801300,282921,3944,67,647261,1712,477185,16118
2025-07-30T16:14:06.992302,19670,92089,91227989,4354865,3925,24856265,24856265,25247447978758,429162,145819,522255753,282964,3925,63,644129,1712,477203,15662
2025-07-30T16:14:12.161551,18424,90420,91291043,4160007,3793,24861002,24861002,25251645511201,436501,145845,522386564,283020,3793,65,637734,1658,477227,15460
2025-07-30T16:14:17.305949,17889,78028,91291055,3806695,3453,24865741,24865741,25255462864246,426074,145871,522386633,283069,3453,68,647381,1617,477257,16171
2025-07-30T16:14:22.422346,22445,106317,91291064,3808506,3246,24870476,24870476,25259194042289,439287,145897,522386689,283115,3246,58,657656,1607,477281,15827
2025-07-30T16:14:27.587282,20522,77854,91291072,3920707,3139,24875203,24875203,25263002142598,442922,145922,522386746,283163,3139,65,620795,1521,477385,15565
2025-07-30T16:14:32.757620,17562,81252,91291088,4303439,2946,24879941,24879941,25266911158205,432906,145948,522386839,283215,2946,65,628432,1552,477429,15495
2025-07-30T16:14:37.875986,17167,76844,91291098,3782928,3331,24884667,24884667,25270749354410,430259,145974,522386892,283265,3331,64,632497,1504,477448,16074
2025-07-30T16:14:42.987481,19138,82769,91291112,3936847,3430,24889403,24889403,25274549946449,427823,146000,522386981,283316,3430,64,623290,1676,477466,15765
2025-07-30T16:14:48.092488,16908,80404,91291122,3771602,5517,24894254,24894254,25278980287009,445628,146025,522387083,283366,5517,65,621588,1716,477498,16110
2025-07-30T16:14:53.285717,17423,82786,91291131,3736127,3367,24899001,24899001,25282823415973,435882,146052,522387138,283416,3367,65,744929,1663,477520,15776
2025-07-30T16:14:58.434899,16702,76480,91291141,4476167,3017,24903435,24903435,25286600542234,429887,146077,522387210,283463,3017,72,629783,1571,477542,15873
2025-07-30T16:15:03.596826,17227,79709,91291151,3768226,3114,24907477,24907477,25290247722330,432459,146102,522387275,283510,3114,63,638478,1593,477661,15450
2025-07-30T16:15:08.713255,18982,83265,91291159,3859823,4334,24912123,24912123,25294063072856,430378,146128,522387336,283558,4334,65,629574,1827,477723,15644
2025-07-30T16:15:13.852857,17370,82201,91291172,3729079,3309,24916832,24916832,25297897281596,438759,146154,522387423,283608,3309,66,625191,1582,477751,15624
2025-07-30T16:15:19.021874,18534,79867,91291181,3789461,3032,24921563,24921563,25301706308297,438753,146180,522387490,283655,3032,62,641482,1546,477854,16651
2025-07-30T16:15:24.150672,18615,80864,91291190,4092366,2967,24926289,24926289,25305543661452,433819,146206,522387550,283704,2967,64,648136,1593,477875,16358
2025-07-30T16:15:29.286604,18623,80800,91291201,3803607,3812,24930990,24930990,25309271940011,429916,146231,522387623,283752,3812,73,632884,1654,477983,16221
2025-07-30T16:15:34.407945,17531,85599,91291209,4022189,3196,24935729,24935729,25313013155333,439799,146257,522387671,283798,3196,63,636233,1640,478056,15424
2025-07-30T16:15:39.554749,22830,77089,91291221,3801075,2980,24940452,24940452,25316910868609,428765,146283,522387746,283848,2980,66,644308,1478,478097,15449
2025-07-30T16:15:44.727211,17014,80526,91291230,3930478,3039,24945171,24945171,25320673980216,431626,146309,522387807,283894,3039,64,634045,1544,478188,16087
2025-07-30T16:15:49.854000,18491,80752,91291238,3915463,3400,24949914,24949914,25324545692177,437175,146335,522387874,283941,3400,65,641019,1536,478210,15940
2025-07-30T16:15:54.973623,18757,81996,91291256,3991425,3239,24959361,24959361,25331911369182,429001,146386,522388004,284035,3239,64,639502,1506,478358,15614
2025-07-30T16:16:00.087820,18404,80336,91291264,3801437,2960,24964076,24964076,25335725182183,430986,146412,522388064,284083,2960,60,639436,1607,478458,15867
2025-07-30T16:16:05.246370,17072,81061,91291276,3843018,3544,24968879,24968879,25339501743647,435818,146438,522388152,284131,3544,63,625660,1577,478576,15597
2025-07-30T16:16:10.405123,18192,80749,91291284,3958212,3102,24973073,24973073,25343183374118,425344,146464,522388213,284177,3102,79,645756,1650,478686,15448
2025-07-30T16:16:15.530456,16766,82472,91291295,3743180,3115,24977219,24977219,25346910104997,429810,146490,522388292,284230,3115,70,627199,1539,478716,16932
2025-07-30T16:16:20.657951,17926,77570,91291306,4128523,3510,24981928,24981928,25350594639276,428306,146515,522388377,284278,3510,63,635277,1591,478822,15709
2025-07-30T16:16:25.796719,17340,80473,91291316,3792326,3014,24986652,24986652,25354405926490,429192,146541,522388433,284324,3014,64,630930,1597,478906,15081
2025-07-30T16:16:30.936918,17754,78520,91291324,4022729,3173,24991370,24991370,25358256011182,430857,146567,522388495,284372,3173,67,632916,1507,479012,15808
2025-07-30T16:16:36.059397,19796,84828,91291336,3679467,3617,24996089,24996089,25362000584137,424770,146593,522388569,284420,3617,67,623383,1633,479108,15556
2025-07-30T16:16:41.201393,23920,83161,91291344,3700489,2890,25000807,25000807,25365749337416,429182,146618,522388635,284469,2890,67,630345,1573,479126,16007
2025-07-30T16:16:46.324453,22744,82436,91291355,3952139,3281,25005539,25005539,25369603209232,425996,146644,522388725,284517,3281,67,633232,1466,479234,15580
2025-07-30T16:16:51.445082,17223,84124,91291364,4025473,3255,25010268,25010268,25373381874763,427475,146670,522388784,284564,3255,66,640494,1563,479322,15926
2025-07-30T16:16:56.595139,17247,78712,91291372,3763195,3348,25014979,25014979,25377047258208,434263,146696,522388845,284611,3348,70,627030,1606,479425,15692
2025-07-30T16:17:01.788125,17281,87053,91291383,3941026,3190,25019692,25019692,25380868854032,441600,146722,522388917,284659,3190,65,631076,1624,479443,15386
2025-07-30T16:17:06.927705,16823,77860,91291396,3773618,4297,25024489,25024489,25384797879475,438566,146785,522388971,284706,4297,65,747897,1711,479596,15639
2025-07-30T16:17:12.052139,16948,85274,91291406,4221745,3183,25029206,25029206,25388624419822,436284,146811,522389042,284755,3183,63,622889,1634,479692,15527
2025-07-30T16:17:17.182455,18515,78857,91291415,3766814,3110,25033904,25033904,25392284769700,430585,146837,522389107,284802,3110,64,641091,1491,479710,15363
2025-07-30T16:17:22.366741,18783,81149,91291424,3836475,3284,25038652,25038652,25396072874767,435135,146862,522389186,284855,3284,64,635728,1611,479812,15767
2025-07-30T16:17:27.483817,16970,82904,91291434,3691457,2939,25042845,25042845,25399803155519,433410,146887,522389270,284904,2939,67,624918,1742,479915,16563
2025-07-30T16:17:32.621627,17512,82857,91291446,3804483,4194,25046973,25046973,25403518613752,436951,146913,522389341,284951,4194,67,629511,1712,480037,15878
2025-07-30T16:17:37.746570,17091,77925,91291455,3871417,3070,25051679,25051679,25407270656491,433626,146939,522389397,284998,3070,64,627469,1607,480137,15765
2025-07-30T16:17:42.948006,18157,81517,91291465,4151989,3226,25056407,25056407,25411006878830,433044,146965,522389472,285046,3226,64,639695,1599,480155,15797
2025-07-30T16:17:48.151416,17502,81616,91291474,4071118,2964,25061141,25061141,25414874854019,452753,146990,522389550,285093,2964,69,631728,1626,480257,15510
2025-07-30T16:17:53.283064,17757,83389,91291482,3754650,2984,25065882,25065882,25418719585993,439750,147016,522389610,285140,2984,66,633931,1494,480281,15456
2025-07-30T16:17:58.391193,17583,77523,91291493,3834246,3696,25070603,25070603,25422470118629,431791,147043,522389684,285188,3696,63,628945,1835,480306,15646
2025-07-30T16:18:03.543872,18048,90806,91291502,4029496,3098,25075322,25075322,25426118824885,429938,147068,522389739,285235,3098,76,634774,1508,480326,15042
2025-07-30T16:18:08.684909,18055,77722,91291513,3793498,3202,25080124,25080124,25430009182460,427093,147094,522389811,285284,3202,63,630972,1595,480346,15614
2025-07-30T16:18:13.808156,17891,81696,91291522,3840012,3028,25084843,25084843,25433836062694,428700,147120,522389870,285331,3028,63,632293,1565,480366,15328
2025-07-30T16:18:18.938269,16940,80532,91291532,3742779,3156,25089556,25089556,25437533798035,432844,147146,522389932,285379,3156,66,628474,1606,480468,15536
2025-07-30T16:18:24.063357,17877,82855,91291542,4018811,3383,25094256,25094256,25441361805868,432333,147172,522390004,285427,3383,66,632179,1551,480578,15197
2025-07-30T16:18:29.181345,18263,112265,91291551,3887548,3414,25098976,25098976,25445066645739,429558,147198,522390075,285473,3414,66,634254,1875,480666,15630
2025-07-30T16:18:34.298410,18451,79174,91291559,3826835,3470,25103677,25103677,25448737689948,441040,147223,522390132,285521,3470,65,630419,1590,480780,15881
2025-07-30T16:18:39.423811,19421,84341,91291575,3629111,3202,25108409,25108409,25453004249075,428820,147250,522390222,285571,3202,60,636968,1583,480800,16377
2025-07-30T16:18:44.577380,17276,81637,91291584,3839710,3029,25112605,25112605,25456630071493,440125,147275,522390288,285618,3029,64,626747,1661,480900,15244
2025-07-30T16:18:49.720325,17220,90957,91291592,3835948,3129,25116752,25116752,25460439645995,432310,147301,522390362,285666,3129,64,627714,1572,481010,15516
2025-07-30T16:18:54.831646,17154,80862,91291603,3897964,3092,25121480,25121480,25464246500027,437194,147327,522390446,285713,3092,73,626808,1566,481098,16101
2025-07-30T16:18:59.958589,20720,84951,91291611,3813297,3673,25126172,25126172,25467835598270,429613,147352,522390494,285759,3673,66,632553,1664,481212,15602
2025-07-30T16:19:05.129978,17131,80510,91291631,3682131,2995,25135724,25135724,25475430795801,433474,147404,522390625,285854,2995,62,628854,1585,481342,16073
2025-07-30T16:19:12.374431,19494,89206,91374009,4160987,3886,25140436,25140436,25482696665453,430843,147430,522637794,285895,3886,59,619203,1640,481362,16141
2025-07-30T16:26:37.037084,20220,88172,101861160,4079139,3728,25552497,25552497,26255014247869,430744,149682,554102719,289846,3728,64,632518,1665,486247,15524
2025-07-30T16:29:07.053380,19510,95377,105392871,5315313,3640,25690716,25690716,26515419645116,706511,150443,564698856,291165,3640,65,638390,1658,487691,16285
2025-07-30T16:29:12.205884,18321,81812,105431480,3811870,3546,25695475,25695475,26520926865357,432014,150468,564814729,291230,3546,65,629748,1536,487715,20506
2025-07-30T16:29:17.360340,18099,86264,105431495,3704116,2989,25700235,25700235,26524870564117,429658,150494,564814839,291299,2989,65,629159,1524,487801,16328
2025-07-30T16:29:22.598355,17679,83033,105431507,3877423,3138,25704979,25704979,26528560358802,443283,150520,564814895,291349,3138,67,638141,1625,487885,15394
2025-07-30T16:29:27.777140,17240,81944,105431517,4047911,3199,25709711,25709711,26532465571264,428254,150545,564814946,291404,3199,64,636346,1664,487963,16057
2025-07-30T16:29:32.914733,17506,79080,105431528,3910896,3172,25714440,25714440,26536275483884,427334,150571,564815024,291456,3172,64,631920,1568,488007,15231
2025-07-30T16:29:38.074079,21165,80048,105431537,4303491,3166,25719191,25719191,26540013893570,434363,150597,564815080,291503,3166,66,646284,1745,488031,16128
2025-07-30T16:29:43.204889,17313,87341,105431547,3712248,3034,25723926,25723926,26543777903034,427544,150623,564815151,291554,3034,67,623659,1551,488049,15529
2025-07-30T16:29:48.323562,17350,76264,105431559,3866306,3674,25728668,25728668,26547568671422,434536,150648,564815239,291601,3674,66,631378,1654,488067,15840
2025-07-30T16:29:53.460710,18220,76532,105431567,4139525,3074,25733169,25733169,26551251452588,439305,150674,564815300,291648,3074,66,633616,1608,488086,15502
2025-07-30T16:29:58.627177,17867,77348,105431577,3841566,3225,25737046,25737046,26555021614871,437026,150700,564815375,291699,3225,62,628884,1589,488111,15665
2025-07-30T16:30:03.800010,20069,75932,105431589,3876591,3286,25741768,25741768,26558723822284,431860,150726,564815455,291748,3286,67,629406,1877,488221,15466
2025-07-30T16:30:08.915857,21967,79764,105431603,4064510,3275,25746578,25746578,26562580810109,431641,150789,564815508,291795,3275,65,642746,1527,488375,15403
2025-07-30T16:30:14.044173,16996,83468,105431612,3809962,3366,25751298,25751298,26566288052003,434435,150815,564815589,291844,3366,64,629259,1613,488463,15668
2025-07-30T16:30:19.189812,17556,80597,105431623,4062420,3037,25756034,25756034,26570074382184,431594,150841,564815674,291891,3037,65,622207,1558,488484,15267
2025-07-30T16:30:24.333600,20248,74232,105431631,3790617,3530,25760739,25760739,26573742537848,429934,150866,564815724,291937,3530,61,632099,1701,488564,15460
2025-07-30T16:30:29.483587,17971,91228,105431641,3802537,3230,25765489,25765489,26577469709690,428992,150892,564815794,291986,3230,63,637720,1557,488644,15254
2025-07-30T16:30:34.621612,17389,79564,105431650,3678517,3168,25770230,25770230,26581240675329,435265,150918,564815853,292033,3168,64,628456,1639,488728,15403
2025-07-30T16:30:39.813204,16767,84104,105431660,4261550,3126,25774980,25774980,26585421011606,436322,150944,564815910,292081,3126,66,633225,1585,488813,15201
2025-07-30T16:30:44.974111,17418,78697,105431682,3997948,3055,25784493,25784493,26593130261224,440245,150996,564816061,292175,3055,68,630792,1847,488937,16010
2025-07-30T16:30:50.098082,20079,82213,105431692,3907536,3442,25789235,25789235,26596758434353,431729,151021,564816142,292224,3442,68,637228,1655,489019,15445
2025-07-30T16:30:55.244283,16691,79992,105431701,3926194,3129,25793976,25793976,26600434442862,434789,151047,564816219,292271,3129,67,628163,1514,489125,16262
2025-07-30T16:31:00.418515,17554,80064,105431710,3762735,3664,25798274,25798274,26604171223186,437402,151073,564816286,292320,3664,64,638679,1852,489204,16099
2025-07-30T16:31:05.551800,17661,74121,105431720,3958506,2935,25802482,25802482,26607897367637,426532,151098,564816357,292369,2935,61,643436,1683,489224,15947
2025-07-30T16:31:10.706757,18925,83172,105431733,3840166,3608,25807146,25807146,26611751240459,441483,151124,564816437,292417,3608,64,627743,1664,489328,15638
2025-07-30T16:31:15.827829,17318,80347,105431741,3718501,3214,25811883,25811883,26615545857359,431271,151150,564816485,292465,3214,65,632063,1735,489352,15604
2025-07-30T16:31:20.953693,18012,80475,105431751,3756394,3309,25816608,25816608,26619311829511,453374,151175,564816562,292513,3309,67,633004,1728,489372,16363
2025-07-30T16:31:26.098169,17375,77784,105431760,3896143,3491,25821355,25821355,26623033664425,428802,151201,564816620,292560,3491,62,629518,1615,489392,15532
2025-07-30T16:31:31.272739,20422,78942,105431768,3836013,3719,25826090,25826090,26626862937492,427521,151227,564816680,292609,3719,68,646099,1689,489410,16482
2025-07-30T16:31:36.415095,17865,92972,105431779,3782874,3086,25830821,25830821,26630745992824,439938,151253,564816751,292656,3086,69,636998,1515,489430,17141
2025-07-30T16:31:41.535686,17430,80840,105431788,3755515,3003,25835567,25835567,26634535231524,431632,151279,564816802,292703,3003,69,630365,1601,489530,15634
2025-07-30T16:31:46.730095,17547,84113,105431798,4071770,3185,25840312,25840312,26638211498480,429095,151304,564816883,292751,3185,62,631786,1572,489592,15557
2025-07-30T16:31:51.895008,17878,80025,105431807,3881690,3055,25845077,25845077,26642105945379,437760,151330,564816942,292798,3055,64,624686,1552,489619,15595
2025-07-30T16:31:57.031223,17328,88165,105431815,3839891,3220,25849810,25849810,26645900028261,441393,151356,564816999,292845,3220,69,625992,1627,489670,15726
2025-07-30T16:32:02.167180,17314,78211,105431825,3774280,3358,25854552,25854552,26649576555978,442851,151382,564817070,292893,3358,68,639017,1654,489711,15329
2025-07-30T16:32:07.330731,18471,73600,105431834,3890599,3766,25859381,25859381,26653415681871,435640,151408,564817140,292940,3766,64,648908,1769,489745,16291
2025-07-30T16:32:12.480828,18964,80276,105431843,3936326,2770,25863694,25863694,26657152195192,482011,151434,564817197,292988,2770,65,644114,1569,489847,16103
2025-07-30T16:32:17.612989,17963,81938,105431857,3883119,3196,25867746,25867746,26660804059906,427607,151459,564817285,293038,3196,64,628941,1574,489865,15526
2025-07-30T16:32:22.765092,18808,83923,105431866,3838957,3503,25872514,25872514,26664603859969,437925,151485,564817350,293085,3503,70,636693,1718,489892,15758
2025-07-30T16:32:27.897131,17280,81428,105431874,3736889,3270,25877251,25877251,26668337971572,431377,151511,564817417,293133,3270,67,622010,1597,489910,15933
2025-07-30T16:32:33.035776,17857,84420,105431884,3802502,3399,25881985,25881985,26672011103542,440528,151536,564817488,293181,3399,63,649635,1490,489928,16906
2025-07-30T16:32:38.157214,18467,76802,105431893,3983376,3169,25886726,25886726,26675867450501,435131,151562,564817543,293228,3169,66,650821,1627,489946,15246
2025-07-30T16:32:43.295917,18955,83525,105431902,3848427,3492,25891447,25891447,26679556071906,428774,151587,564817611,293276,3492,65,636845,1670,489967,16457
2025-07-30T16:32:48.424853,17114,82617,105431913,3866565,3242,25896212,25896212,26683302946664,432616,151613,564817690,293324,3242,64,635050,1573,490093,16035
2025-07-30T16:32:53.558746,17621,77138,105431921,3968557,3131,25900968,25900968,26687116037701,429004,151639,564817745,293371,3131,69,639164,1482,490113,16841
2025-07-30T16:32:58.702355,17504,79371,105431931,3980161,3041,25905709,25905709,26690864217840,433185,151665,564817820,293420,3041,66,638080,1603,490136,15698
2025-07-30T16:33:03.836312,25211,80877,105431940,3806473,3087,25910444,25910444,26694550227062,433349,151691,564817875,293467,3087,63,639219,1492,490156,15275
2025-07-30T16:33:08.979807,18047,85970,105431948,3789012,3221,25915264,25915264,26698410715972,436556,151717,564817938,293514,3221,64,632826,1593,490174,15204
2025-07-30T16:33:14.129766,18082,77857,105431961,4069994,3091,25919980,25919980,26702284770315,430593,151742,564818021,293562,3091,67,635241,1464,490192,16225
2025-07-30T16:33:19.262383,18424,76927,105431969,3865758,3190,25924725,25924725,26706030174161,452845,151768,564818073,293610,3190,66,644727,1533,490302,15750
2025-07-30T16:33:24.422657,17202,79671,105431979,3797376,3130,25929025,25929025,26709769462691,433821,151794,564818143,293660,3130,65,630428,1537,490350,15605
2025-07-30T16:33:29.567272,20692,79672,105431990,3874748,3689,25933116,25933118,26713418850662,438795,151819,564818225,293708,3689,68,626803,1618,490376,16254
2025-07-30T16:33:34.688421,16986,82005,105431999,3889049,4311,25937818,25937818,26717078176430,433918,151845,564818281,293755,4311,65,631701,1583,490396,15788
2025-07-30T16:33:39.831150,17552,79556,105432007,3803869,3005,25942561,25942561,26720962748630,435898,151871,564818348,293803,3005,61,627313,1545,490414,15301
2025-07-30T16:33:44.966917,17648,79417,105432019,3868473,3250,25947282,25947282,26724694724181,432068,151896,564818417,293851,3250,63,628748,1502,490432,15528
2025-07-30T16:33:50.132637,17696,106583,105432038,4060919,2987,25956805,25956805,26732147016725,430677,151948,564818559,293948,2987,70,639859,1618,490571,15898
2025-07-30T16:33:55.294928,18168,85128,105432047,3729045,4160,25961548,25961548,26735866041994,440710,151974,564818629,294000,4160,57,623858,1590,490639,15413
2025-07-30T16:34:00.422712,17930,91344,105432055,3838145,2840,25966313,25966313,26739729255357,435370,151999,564818686,294048,2840,65,633991,1699,490695,16328
2025-07-30T16:34:05.579899,18031,80046,105432066,3704532,3123,25971125,25971125,26743551862981,432192,152025,564818767,294095,3123,64,631405,1731,490726,15677
2025-07-30T16:34:10.802881,19954,84765,105435057,3752689,3458,25975906,25975906,26747785489550,437696,152089,564830917,294223,3458,61,627413,1627,491144,15251
2025-07-30T16:34:15.931444,17655,84968,105438546,3826485,3200,25980727,25980727,26752271227435,439087,152154,564845117,294380,3200,76,639050,1781,491566,16446
2025-07-30T16:34:21.075620,18365,78285,105442037,4046039,3010,25985512,25985512,26756393298197,447135,152219,564859279,294508,3010,201,639962,1653,492444,15769
2025-07-30T16:34:26.226640,17691,107697,105446021,4298247,2535,25990322,25990322,26760865904091,425553,152284,564875456,294664,2535,65,630999,1803,492939,15635
2025-07-30T16:34:31.349760,18878,87715,105450007,3996544,3732,25994694,25994694,26765175904831,433720,152349,564891647,294821,3732,63,631163,1841,493396,15534
2025-07-30T16:34:36.483233,17563,78201,105453995,3978339,3240,25998844,25998844,26769455886511,429792,152415,564907840,294976,3240,67,626250,1570,493886,16198
2025-07-30T16:34:41.678835,17844,87734,105457979,3915421,3441,26003666,26003666,26773977352542,443033,152441,564924013,295131,3441,63,631860,1464,494370,16060
2025-07-30T16:34:46.817632,19199,83809,105461967,4053214,3021,26008626,26008626,26778750516719,439911,152507,564940234,295290,3021,60,1167769,1634,494909,16381
2025-07-30T16:34:51.940955,17111,82466,105466740,3762465,3108,26013455,26013455,26783307221502,436937,152574,564959605,295466,3108,72,638164,1510,495723,15772
2025-07-30T16:34:57.112948,18102,79284,105470930,3720451,3294,26018311,26018311,26787817093135,434376,152641,564976625,295628,3294,63,635661,1972,496847,16691
2025-07-30T16:35:02.352010,17540,82156,105474917,4604279,3046,26023117,26023117,26792321211430,429253,152707,564992816,295784,3046,67,627966,1669,497301,15342
2025-07-30T16:35:07.478429,19424,77972,105478901,3883572,3489,26028011,26028011,26796968036372,440705,152773,565008990,295939,3489,64,624476,1653,497751,15977
2025-07-30T16:35:12.635896,17813,82960,105482888,3841613,3155,26032837,26032837,26801487807257,438439,152799,565025184,296096,3155,64,630610,1567,498201,15927
2025-07-30T16:35:17.812579,16811,76901,105486874,4931130,3135,26037651,26037651,26805971137135,426588,152865,565041375,296251,3135,65,631316,1638,498655,14908
2025-07-30T16:35:22.966744,17594,76571,105490858,4215494,3102,26042461,26042461,26810463205059,438334,152931,565057561,296407,3102,65,633344,1520,499105,16167
2025-07-30T16:35:28.085067,20557,86961,105494845,4096100,3095,26047286,26047286,26814981883214,444645,152998,565073752,296563,3095,66,973811,1530,500404,15025
2025-07-30T16:35:33.244164,17912,117192,105499775,3918310,3002,26052108,26052108,26819593537516,434870,153064,565093769,296741,3002,68,626102,1539,500938,15869
2025-07-30T16:35:38.435111,17966,80505,105503808,3780646,3456,26056671,26056671,26824097525800,436444,153130,565110138,296900,3456,64,637017,1529,501432,16143
2025-07-30T16:35:43.563889,17610,81885,105507797,3934471,3002,26060912,26060912,26828479297392,435671,153156,565126352,297057,3002,64,637828,1531,501882,16306
2025-07-30T16:35:48.738211,17601,78628,105511783,4079378,3187,26065489,26065489,26832857434807,469162,153223,565142566,297211,3187,65,629411,1548,502332,15571
2025-07-30T16:35:53.889617,18491,78988,105515767,3815933,2649,26070305,26070305,26837256441099,435971,153288,565158755,297366,2649,62,635379,1797,502608,15817
2025-07-30T16:35:59.029825,17642,79781,105519753,3994940,3038,26075095,26075095,26841639485192,436678,153353,565174953,297522,3038,66,641512,1520,502704,16138
2025-07-30T16:36:04.181881,19384,83066,105522744,4145000,3210,26079958,26079958,26846136102568,430225,153417,565187100,297647,3210,64,639919,1547,504241,15547
2025-07-30T16:36:09.299293,14015,84617,105527722,3950022,3634,26084871,26084871,26850875578913,433738,153489,565207312,297830,3634,62,631948,1653,504785,16413
2025-07-30T16:36:14.475582,17045,81562,105531711,3791842,3164,26089693,26089693,26855202349364,428977,153556,565223510,297986,3164,63,626923,1943,505260,18219
2025-07-30T16:36:19.639070,18105,81116,105535697,4020456,3024,26094503,26094503,26859782474962,440271,153581,565239689,298144,3024,65,634281,1579,505710,15654
2025-07-30T16:36:24.791379,18021,83532,105539683,3794028,3175,26099319,26099319,26864280156726,444999,153647,565255886,298301,3175,68,626329,1544,506160,16320
2025-07-30T16:36:29.904433,20619,80761,105543668,3857802,3688,26104149,26104149,26868817277466,428672,153714,565272063,298456,3688,71,630652,1732,506610,16358
2025-07-30T16:36:35.126431,17708,86947,105552635,3909816,3772,26113807,26113807,26878336834922,434671,153847,565308469,298794,3772,62,628688,1626,508469,16302
2025-07-30T16:36:40.269234,17314,106553,105556619,3863826,3156,26118022,26118022,26882685296761,431417,153913,565324639,298948,3156,68,632906,1608,508931,15205
2025-07-30T16:36:45.665478,18994,81471,105560606,3908056,3411,26122348,26122348,26887034722195,478546,153938,565340840,299106,3411,75,631715,1664,509383,16592
2025-07-30T16:36:50.805669,17421,84680,105564593,3884994,3013,26127186,26127186,26891867125412,426497,154004,565357035,299262,3013,62,627744,1571,509834,15583
2025-07-30T16:36:55.934836,17585,82210,105568579,3791853,3578,26132005,26132005,26896447905055,437456,154071,565373210,299417,3578,61,635026,1628,510970,15794
2025-07-30T16:37:01.056764,23411,76880,105572563,7684465,3169,26136822,26136822,26900933914011,434362,154137,565389395,299573,3169,67,649091,1546,511475,15176
2025-07-30T16:37:06.294509,18106,91225,105576550,3820828,3529,26141716,26141716,26905462914529,425440,154203,565405583,299729,3529,76,639443,1620,512473,15826
2025-07-30T16:37:11.462308,18508,82002,105581528,3787931,4668,26146561,26146561,26910286574114,427809,154270,565425782,299911,4668,61,637322,1468,513027,15503
2025-07-30T16:37:16.588942,17512,87868,105585516,3891574,3369,26151391,26151391,26914796364275,430800,154296,565441979,300068,3369,62,645407,1473,513527,16359
2025-07-30T16:37:21.718249,18520,81034,105589501,3858743,3018,26156213,26156213,26919114718724,680854,154362,565458180,300222,3018,67,627968,1704,513979,15846
2025-07-30T16:37:26.903115,18619,89594,105593485,3848287,3428,26161045,26161045,26923655194536,429732,154428,565474366,300378,3428,65,639862,1650,514429,15828
2025-07-30T16:37:32.040148,17223,80744,105597472,4036308,3008,26165867,26165867,26928157941032,439357,154495,565490557,300533,3008,70,639375,1400,514880,16005
2025-07-30T16:37:37.175078,17463,80879,105601456,4533452,3356,26170667,26170667,26932736021130,439195,154560,565506725,300688,3356,63,637664,1652,516158,16085
2025-07-30T16:37:42.319346,18657,79061,105605442,3830139,3374,26175494,26175494,26937175705103,431931,154586,565522919,300844,3374,65,645500,1635,516613,15897
2025-07-30T16:37:47.499772,20896,85702,105610422,3940804,3682,26180197,26180197,26941886137788,439296,154653,565543147,301026,3682,62,646272,1593,517200,16005
2025-07-30T16:37:52.632786,17492,85142,105614406,3687345,3311,26184483,26184483,26946302411976,442148,154719,565559321,301182,3311,65,641379,1576,518335,17097
2025-07-30T16:37:57.742604,17202,87000,105618393,3847572,3306,26188924,26188924,26950641536264,429746,154786,565575512,301339,3306,65,627951,1883,518794,17946
2025-07-30T16:38:02.930515,17774,79353,105622381,3743656,3063,26193734,26193734,26955119371409,439984,154852,565591707,301495,3063,76,632695,1563,519250,15689
2025-07-30T16:38:08.091945,18155,87386,105626365,3778331,3138,26198622,26198622,26959703202714,453257,154918,565607878,301650,3138,76,638154,1654,520314,16358
2025-07-30T16:38:13.269526,17743,85558,105630351,3838597,3151,26203434,26203434,26964128842985,430834,154943,565624073,301807,3151,66,641544,1594,520770,15366
2025-07-30T16:38:18.436671,17459,83109,105634338,3944291,3336,26208262,26208262,26968475161653,498104,155010,565640259,301962,3336,62,627599,1603,521263,15739
2025-07-30T16:38:23.560207,17464,91065,105638322,3823725,3754,26213075,26213075,26972846474703,425646,155075,565656448,302115,3754,71,639020,1620,521713,24654
2025-07-30T16:38:28.694645,19657,110749,105641314,3700647,3515,26217871,26217871,26977264512256,432649,155141,565668613,302246,3515,67,641878,1563,522366,16129
2025-07-30T16:38:33.894968,19131,95383,105645299,4439310,3266,26222691,26222691,26981572971596,437613,155206,565684786,302401,3266,81,643898,1480,523155,16096
2025-07-30T16:38:39.089952,17261,78243,105649283,3915336,3133,26227519,26227519,26986120415965,440424,155272,565700968,302557,3133,61,622898,1565,523605,15901
2025-07-30T16:38:44.230564,17819,81711,105654264,3975852,3034,26232366,26232366,26990860046409,434642,155339,565721186,302739,3034,65,628694,1592,524640,14830
2025-07-30T16:38:49.372964,19319,81304,105658251,3734311,3145,26237202,26237202,26995360240262,435180,155405,565737375,302895,3145,69,627265,1594,525209,15225
2025-07-30T16:38:54.517070,17306,93060,105662237,3775514,2969,26242009,26242009,26999926005771,434890,155472,565753567,303052,2969,62,634764,1457,525661,15737
2025-07-30T16:38:59.648162,17487,82140,105666222,3752467,2945,26246343,26246343,27004409454743,430652,155497,565769781,303213,2945,62,644078,1652,526706,16816
2025-07-30T16:39:04.784149,17322,82021,105670206,3771952,2980,26250622,26250622,27008789866852,451201,155564,565785957,303368,2980,61,632328,1550,527201,15997
2025-07-30T16:39:09.993844,19790,83081,105678180,3722301,3677,26260327,26260327,27018018487170,440118,155697,565818349,303680,3677,66,631093,1789,528105,15969
2025-07-30T16:39:15.129730,18622,81190,105683161,3947941,3313,26265164,26265164,27022565931696,433840,155763,565838567,303863,3313,63,644525,1641,528665,16172
2025-07-30T16:39:20.253510,17551,75636,105687148,4013000,3404,26269965,26269965,27027000301970,448918,155829,565854757,304019,3404,67,627530,1573,529117,15184
2025-07-30T16:39:25.392374,17010,78385,105691133,4074207,3051,26274796,26274796,27031458026819,438841,155855,565870936,304174,3051,66,642749,1540,530363,15466
2025-07-30T16:39:30.551305,19476,81407,105695117,3779348,3719,26279597,26279597,27035967243603,435521,155921,565887122,304330,3719,68,640605,1576,530863,15447
2025-07-30T16:39:35.676160,17507,84261,105699105,3744569,2657,26284420,26284420,27040464671825,441854,155988,565903308,304486,2657,66,650450,1736,531341,16844
2025-07-30T16:39:41.028263,17303,82188,105703089,3913278,3349,26289235,26289235,27044903542560,661088,156054,565919480,304641,3349,72,642444,1671,531840,15526
2025-07-30T16:39:46.220809,17644,86084,105708070,4268414,3469,26294092,26294092,27049897392453,443933,156120,565939715,304825,3469,67,635112,1752,532385,15816
2025-07-30T16:39:51.353223,17445,80041,105712055,6217647,3386,26298927,26298927,27054399403061,437818,156187,565955892,304980,3386,66,630807,1620,532893,15572
2025-07-30T16:39:56.971303,17824,82234,105716039,3832715,4015,26303740,26303740,27058892181151,431042,156212,565972075,305136,4015,59,635391,1670,534120,15970
2025-07-30T16:40:02.104055,18089,85849,105720026,3813749,2980,26308289,26308289,27063153928473,444561,156279,565988269,305292,2980,71,632659,1614,534211,16519
2025-07-30T16:40:07.221817,17164,86433,105724010,3731830,3319,26312602,26312603,27067749720637,441621,156348,566004444,305447,3319,69,633517,1621,535126,17846
2025-07-30T16:40:12.359631,16919,78723,105727994,3775075,4204,26317166,26317166,27072139361478,638715,156373,566020622,305603,4204,68,631777,1665,535614,15965
2025-07-30T16:40:17.590275,17618,81809,105732736,4000101,3046,26321992,26321992,27076816520390,437412,156440,566039883,305782,3046,63,628347,1402,536235,15930
2025-07-30T16:40:22.709728,17346,77952,105736963,3868235,3193,26326820,26326820,27081354340071,435988,156506,566057038,305943,3193,66,629865,1583,537368,16142
2025-07-30T16:40:27.846049,21519,83125,105740947,4583132,3767,26331633,26331633,27085780230300,433351,156572,566073217,306099,3767,66,958781,1625,537817,15055
2025-07-30T16:40:33.046141,16972,97433,105744934,3811351,3629,26336447,26336447,27090348621431,428834,156639,566089417,306255,3629,66,637863,1592,538767,15666
2025-07-30T16:40:38.175977,18506,89815,105748918,3838790,3079,26341265,26341265,27094867007358,440489,156705,566105597,306409,3079,68,631329,1651,539217,15721
2025-07-30T16:40:43.335922,17739,81902,105752904,3910056,3471,26346071,26346071,27099289839232,439728,156731,566121788,306566,3471,77,634316,1610,539695,15840
2025-07-30T16:40:48.724099,17812,87368,105756890,3832785,2943,26350908,26350908,27103803735280,790748,156797,566137988,306720,2943,64,632519,1748,540147,15464
2025-07-30T16:40:53.855599,19221,77236,105761868,3826584,3002,26355748,26355748,27108834465115,443279,156863,566158208,306902,3002,64,638143,1454,540716,15930
2025-07-30T16:40:59.012707,17435,79941,105765854,3930080,4155,26360573,26360573,27113367522457,433372,156930,566174395,307058,4155,65,634835,1800,541166,15281
2025-07-30T16:41:04.152191,21485,82620,105769839,4576515,3227,26365367,26365367,27117845515313,438554,156996,566190573,307213,3227,60,808061,1584,542485,16083
2025-07-30T16:41:09.335425,17636,87592,105773823,3787054,3548,26370216,26370216,27122361955283,432370,157062,566206760,307369,3548,73,637861,1645,542936,15887
2025-07-30T16:41:14.488045,17397,83475,105777810,3851425,3350,26374581,26374581,27126917482640,432497,157088,566222964,307525,3350,63,640543,1654,543386,16760
2025-07-30T16:41:19.621515,19504,89231,105781795,3834653,3108,26378783,26378783,27131421286040,432838,157155,566239147,307680,3108,66,624363,1528,543838,16175
2025-07-30T16:41:24.817246,17984,83760,105786512,3696478,2977,26383593,26383593,27135835536005,498832,157221,566258323,307862,2977,62,643580,1574,544329,15352
2025-07-30T16:41:29.958522,19698,81150,105790763,3853473,2525,26388415,26388415,27140408870856,573562,157288,566275568,308021,2525,66,646959,1794,544852,15231
2025-07-30T16:41:35.106511,17662,78104,105798734,4030774,3020,26398029,26398029,27149688138900,445394,157420,566307940,308333,3020,70,636555,1733,546607,15784
2025-07-30T16:41:40.236593,17051,81408,105802720,3879980,3263,26402838,26402838,27154209398148,444952,157446,566324130,308487,3263,63,631986,1732,547062,15828
2025-07-30T16:41:45.359094,19714,84221,105806705,4118610,3929,26407676,26407676,27158749059180,432825,157513,566340326,308643,3929,62,638340,1508,547514,16014
2025-07-30T16:41:50.527314,19342,89777,105810691,3833208,2511,26412533,26412533,27163266045795,425761,157579,566356515,308799,2511,61,638068,1983,548724,15141
2025-07-30T16:41:55.698193,17978,86481,105815670,3816828,4042,26417338,26417338,27167872192520,438895,157645,566376716,308980,4042,68,628273,1975,549334,17310
2025-07-30T16:42:00.931701,17704,81793,105819654,3883709,3118,26422155,26422155,27172350416038,563397,157712,566392897,309136,3118,65,626865,2029,550190,15869
2025-07-30T16:42:06.056232,19761,75005,105823641,3697911,3434,26427026,26427026,27176923219835,439519,157778,566409089,309292,3434,70,629912,1675,550843,17180
2025-07-30T16:42:11.178903,18352,84246,105827625,3768814,3188,26431853,26431853,27181451253280,435678,157804,566425269,309447,3188,83,635972,1531,551329,15958
2025-07-30T16:42:16.319972,17623,88140,105831612,3776577,3022,26436246,26436246,27185714071972,435334,157870,566441465,309603,3022,67,634481,1674,551781,16537
2025-07-30T16:42:21.468052,17547,92264,105834603,3961060,3221,26440458,26440460,27189835633509,435062,157936,566453622,309731,3221,68,630494,1736,552769,15810
2025-07-30T16:42:26.661342,18584,87470,105838587,3811164,3202,26445166,26445166,27194178385480,430131,158001,566469794,309887,3202,65,803111,1559,553219,15397
2025-07-30T16:42:31.932691,17473,78020,105842573,3827224,3019,26449967,26449967,27198616207951,439673,158066,566485988,310044,3019,65,631031,1512,553670,15863
2025-07-30T16:42:37.082822,17606,80740,105846563,4303479,3183,26454781,26454781,27203651092465,439488,158132,566502185,310199,3183,61,629463,1641,554712,16189
2025-07-30T16:42:42.222928,17998,80797,105850547,4116097,2948,26459585,26459585,27208169815075,431006,158198,566518357,310354,2948,67,641086,1666,555202,15653
2025-07-30T16:42:47.358367,17938,84720,105854534,3787828,3379,26464410,26464410,27212631210958,434156,158264,566534560,310511,3379,65,639881,1571,555654,15453
2025-07-30T16:42:52.508041,17395,88069,105858640,3857771,3066,26469259,26469259,27217299898622,436633,158331,566551237,310675,3066,66,632547,1597,556766,15882
2025-07-30T16:42:57.641985,18182,78941,105863497,4382567,3189,26474086,26474086,27221713517953,441172,158356,566570952,310849,3189,71,633731,1622,557312,16067
2025-07-30T16:43:02.740658,17437,80455,105867484,3787675,3082,26478902,26478902,27226168467045,435774,158423,566587142,311004,3082,67,624677,1764,557774,16936
2025-07-30T16:43:07.904702,19271,116068,105871468,3719531,3742,26483785,26483785,27230759868994,468727,158489,566603315,311159,3742,65,647730,1646,558861,16187
2025-07-30T16:43:13.076149,17370,85839,105875454,3832438,3234,26488619,26488619,27235311558368,435349,158556,566619513,311316,3234,63,628230,1706,559369,16330
2025-07-30T16:43:18.229799,17344,82029,105879440,3987030,3046,26493414,26493414,27239863612558,437123,158621,566635701,311471,3046,63,632357,1487,559821,15632
2025-07-30T16:43:23.377483,17426,85870,105883424,4027181,3183,26498058,26498059,27244341004482,431904,158647,566651881,311627,3183,110,627203,1509,560275,16323
2025-07-30T16:43:28.590873,20261,83227,105888404,4189122,3152,26502296,26502296,27248959965295,431836,158714,566672102,311809,3152,67,635390,1565,560837,15881
2025-07-30T16:43:33.722509,17839,75765,105892390,3781864,3059,26506789,26506789,27253284595610,432688,158780,566688279,311964,3059,68,631542,1556,561287,18690
2025-07-30T16:43:38.887365,17134,84968,105896374,3874380,3486,26511608,26511608,27257843556979,432297,158847,566704459,312120,3486,64,639092,1868,561737,16999
2025-07-30T16:43:44.092418,17976,80699,105900363,4277133,3300,26516417,26516417,27262397477110,453447,158913,566720669,312278,3300,61,627655,1582,563050,15898
2025-07-30T16:43:49.266239,16878,82489,105904349,3838851,3627,26521257,26521257,27266845117825,433208,158979,566736859,312432,3627,69,628950,1584,563469,15656
2025-07-30T16:43:54.404352,17943,86644,105908333,3832137,3015,26526098,26526098,27271499210025,434124,159005,566753051,312588,3015,67,631965,1639,563974,16177
2025-07-30T16:43:59.524953,17211,80508,105913220,4411565,3062,26530961,26530961,27276172178521,433787,159072,566772898,312770,3062,71,638325,1536,564556,15470
2025-07-30T16:44:04.658158,17313,94545,105917298,3926301,3229,26535808,26535808,27280496680575,435399,159138,566789457,312930,3229,61,633786,1581,565043,15564
2025-07-30T16:44:09.767163,20032,92266,105921284,3819732,3292,26540690,26540690,27285143017092,433937,159204,566805651,313087,3292,66,649043,1666,565524,16212
2025-07-30T16:44:14.902398,18163,84414,105922287,3814462,3438,26545461,26545461,27289166999806,432457,159230,566809738,313161,3438,72,630368,1749,566410,16410
2025-07-30T16:44:20.084846,17711,82825,105922306,3858137,3184,26554934,26554934,27296670142832,435347,159281,566809869,313256,3184,66,636678,1601,566447,15611
2025-07-30T16:44:25.237753,17983,78224,105922315,4084540,3281,26559662,26559662,27300366001979,435212,159308,566809927,313303,3281,60,638678,1656,566467,15991
2025-07-30T16:44:30.383857,20290,82673,105922323,3823304,3704,26564124,26564124,27304139162574,431453,159333,566809992,313351,3704,65,632907,1588,566559,15049
2025-07-30T16:44:35.508003,17995,84849,105922334,3792210,3114,26568239,26568239,27307807228599,443050,159359,566810066,313399,3114,66,632381,1560,566581,15571
2025-07-30T16:44:40.632988,17531,80528,105922342,3686564,3278,26572782,26572782,27311613199477,455928,159385,566810125,313445,3278,66,641577,1691,566695,15964
2025-07-30T16:44:45.766690,17485,86901,105922354,3857967,3119,26577662,26577662,27315437052623,440511,159411,566810245,313497,3119,59,643992,1642,566790,16487
2025-07-30T16:44:50.908048,16552,79237,105922367,4052310,5219,26582411,26582411,27319264341729,431521,159436,566810322,313545,5219,67,622916,1690,566873,15920
2025-07-30T16:44:56.057968,17663,83237,105922375,3652600,3363,26587148,26587148,27323035360912,434810,159462,566810370,313592,3363,64,634541,1682,566893,15972
2025-07-30T16:45:01.206269,18476,75135,105922385,3817117,3016,26591869,26591869,27326806253817,434653,159488,566810444,313641,3016,68,637697,1667,566975,16177
2025-07-30T16:45:06.339222,17240,76577,105922394,3863013,4513,26596678,26596678,27330692627487,433501,159513,566810503,313687,4513,65,633044,1583,567055,15557
2025-07-30T16:45:11.468029,18059,76708,105922402,3734212,3187,26601402,26601402,27334529391439,434202,159539,566810559,313735,3187,67,633648,1628,567148,16842
2025-07-30T16:45:16.601642,20723,89714,105922412,3847349,3209,26606145,26606145,27338265406955,440680,159565,566810628,313783,3209,65,635991,1638,567286,15590
2025-07-30T16:45:21.727802,17986,82881,105922422,3768962,3185,26610876,26610876,27342090253539,429231,159591,566810685,313830,3185,68,631431,1496,567304,15637
2025-07-30T16:45:26.884486,17633,80895,105922430,3977531,3213,26615611,26615611,27345876509835,442742,159617,566810760,313877,3213,64,641680,1557,567390,17075
2025-07-30T16:45:32.034421,17326,82421,105922441,3816073,3195,26620365,26620365,27349678202857,441007,159643,566810828,313925,3195,65,625660,1484,567470,15100
2025-07-30T16:45:37.197211,19802,78848,105922450,3800285,3587,26625097,26625097,27353509891203,430935,159669,566810881,313972,3587,67,637758,1708,567550,15533
2025-07-30T16:45:42.350725,17804,85112,105922460,3792324,3161,26629796,26629796,27357237759622,432819,159694,566810960,314020,3161,67,624673,1642,567632,15548
2025-07-30T16:45:47.482544,16873,80935,105922469,3852577,3655,26634149,26634149,27360964191615,433072,159720,566811041,314067,3655,67,635726,1559,567651,15624
2025-07-30T16:45:52.620004,17310,75244,105922478,4006251,3118,26638225,26638225,27364815859493,435849,159746,566811098,314114,3118,60,631954,1549,567709,15654
2025-07-30T16:45:57.747432,17690,83897,105922488,3863893,3110,26642926,26642926,27368487966256,438399,159771,566811173,314163,3110,66,632155,1452,567757,15925
2025-07-30T16:46:02.867494,18396,80787,105922500,3777379,3959,26647651,26647651,27372164592591,440375,159797,566811245,314212,3959,65,629671,1580,567917,15952
2025-07-30T16:46:08.004168,17638,83144,105922508,3807711,3053,26652452,26652452,27376122604413,429122,159823,566811300,314259,3053,64,629894,1642,567972,16001
2025-07-30T16:46:13.152098,16450,80732,105922518,3742930,3052,26657178,26657178,27379893676906,435291,159849,566811375,314308,3052,66,635696,1555,567992,16191
2025-07-30T16:46:18.317211,17748,80042,105922528,3810181,3142,26661899,26661899,27383709007789,453377,159875,566811433,314358,3142,69,621677,1580,568083,16280
2025-07-30T16:46:23.463152,17134,78137,105922537,3792719,3272,26666606,26666606,27387542418504,431942,159900,566811513,314406,3272,61,637968,1639,568165,15484
2025-07-30T16:46:28.587857,18715,81132,105922548,3738269,3512,26671321,26671321,27391301401306,441049,159926,566811583,314454,3512,69,625847,1677,568187,15063
2025-07-30T16:46:33.721871,21520,84196,105922556,3783180,3145,26676037,26676037,27394959190276,433021,159952,566811635,314501,3145,68,644724,1548,568206,15399
2025-07-30T16:46:38.836858,18608,88745,105922566,3840097,3239,26680749,26680750,27398831537483,431393,159978,566811709,314550,3239,66,641521,1569,568230,16071
2025-07-30T16:46:43.998185,17143,79807,105922575,3933043,3067,26685455,26685455,27402548298857,434351,160003,566811779,314597,3067,68,623591,1551,568260,15152
2025-07-30T16:46:49.221232,20214,77914,105922583,3796078,3576,26690211,26690211,27406365124139,435639,160030,566811861,314645,3576,68,631955,1767,568278,15484
2025-07-30T16:46:54.375914,17698,83616,105922594,3864953,2951,26694944,26694944,27410294524994,436135,160055,566811935,314693,2951,65,627033,1724,568380,15579
2025-07-30T16:46:59.511311,17782,80841,105922603,3739867,3681,26699286,26699286,27414115190339,437677,160082,566811994,314740,3681,65,642591,1607,568398,15956
2025-07-30T16:47:04.644258,17230,79201,105922611,3875513,3299,26703299,26703299,27417760313803,428755,160108,566812050,314788,3299,67,644873,1644,568423,15706
2025-07-30T16:47:09.767005,17691,81855,105922624,3888128,3143,26708094,26708094,27421606845443,473375,160133,566812148,314838,3143,66,639386,1542,568451,16056
2025-07-30T16:47:14.911395,18261,78555,105922635,3874866,3704,26712813,26712813,27425455009628,429246,160159,566812213,314885,3704,68,632063,1579,568504,15745
2025-07-30T16:47:20.047347,18163,83606,105922655,3802994,3135,26722284,26722286,27433152883566,436642,160210,566812354,314980,3135,69,637329,1496,568547,16268
2025-07-30T16:47:25.180042,17334,105568,105922663,3788933,3032,26727027,26727027,27436918955799,431687,160236,566812409,315027,3032,61,634823,1653,568655,15677
2025-07-30T16:47:30.345859,17184,78922,105922673,3795693,3238,26731755,26731755,27440598082181,444242,160262,566812480,315076,3238,67,635075,1466,568673,15798
2025-07-30T16:47:35.475405,18111,82695,105922682,3861116,3298,26736493,26736493,27444451724378,428262,160288,566812541,315123,3298,68,635228,1468,568699,15833
2025-07-30T16:47:40.604871,17577,80980,105922691,3903812,3129,26741219,26741220,27448191622963,434810,160314,566812599,315171,3129,70,635171,1518,568719,15653
2025-07-30T16:47:45.749619,18115,83173,105922701,3829456,3188,26745965,26745965,27451880265157,431148,160339,566812679,315219,3188,65,629305,1554,568739,15953
2025-07-30T16:47:50.925539,16948,79460,105922711,3915103,2992,26750706,26750706,27455638142558,438881,160365,566812741,315266,2992,68,631745,1581,568789,15724
2025-07-30T16:47:56.068931,20520,78658,105922719,3948180,3840,26755431,26755431,27459460239149,434488,160391,566812803,315314,3840,63,630795,1607,568908,15498
2025-07-30T16:48:01.203217,17358,85307,105922730,3607451,3033,26760136,26760136,27463163983440,442969,160416,566812879,315361,3033,66,641077,1652,568951,16062
2025-07-30T16:48:06.327654,17605,78822,105922738,3939248,3494,26764758,26764758,27466974446596,434751,160442,566812931,315408,3494,65,632036,1537,569049,15989
2025-07-30T16:48:11.457648,17398,78390,105922748,3922649,2990,26768905,26768905,27470685137088,433092,160468,566813013,315458,2990,73,633466,1582,569149,16041
2025-07-30T16:48:16.598861,17468,80998,105922759,3738237,2969,26773277,26773277,27474284431127,435723,160494,566813082,315506,2969,66,647703,1683,569243,15657
2025-07-30T16:48:21.768100,19770,86808,105922770,3791301,4550,26777986,26777986,27478111361321,432154,160519,566813138,315553,4550,63,639506,1753,569338,15759
2025-07-30T16:48:26.922977,17586,79524,105922778,3786089,3131,26782716,26782716,27481834528604,440915,160545,566813207,315600,3131,57,632147,1604,569366,15247
2025-07-30T16:48:32.055363,17203,80557,105922789,4125598,3293,26787427,26787427,27485621886570,425557,160571,566813271,315648,3293,66,627360,1560,569460,15790
2025-07-30T16:48:37.188452,17271,79800,105922799,4212778,3115,26792173,26792173,27489884809398,434296,160597,566813323,315695,3115,63,625262,1512,569489,15852
2025-07-30T16:48:42.302980,19407,82165,105922809,3854655,3775,26796876,26796876,27493558454422,435676,160622,566813403,315743,3775,67,634338,1557,569523,15354
2025-07-30T16:48:47.421746,17257,88701,105922818,3666423,3233,26801639,26801639,27497299966186,426589,160648,566813472,315790,3233,72,628510,1511,569598,15672
2025-07-30T16:48:52.606417,17486,84200,105922827,3958285,3007,26806384,26806384,27501068749628,433744,160674,566813539,315838,3007,64,627726,1559,569644,15683
2025-07-30T16:48:57.777150,17711,82318,105922839,4126853,3096,26811105,26811105,27504857517473,441480,160699,566813626,315891,3096,70,621077,1542,569684,15835
2025-07-30T16:49:02.901546,18139,79269,105922847,3736581,3123,26815870,26815870,27508714024189,434750,160725,566813679,315938,3123,73,636806,1525,569804,16070
2025-07-30T16:52:00.858970,22037,89840,110385747,4175071,3895,26982253,26982253,27812932784205,438461,161643,578682955,317525,3895,68,1018787,1679,571970,18860
2025-07-30T16:52:16.990767,19012,87816,110751382,4111828,3728,26996566,26996566,27839121347821,657441,161719,579715092,317653,3728,63,640763,1619,572130,14787
2025-07-30T16:52:31.763620,23033,93088,111117544,4030062,3868,27010835,27010835,27865322036702,438883,161796,580749259,317783,3868,64,1007260,1726,572404,16245
2025-07-30T16:52:39.689704,22322,97510,111239511,4096287,3736,27014967,27014967,27873980756516,433374,161821,581093837,317825,3736,66,1012401,1645,572433,20413
2025-07-30T16:52:46.129171,18948,90098,111483407,4161795,3836,27024020,27024020,27891388123169,435264,161873,581783281,317919,3836,65,622333,1607,572629,15315
2025-07-30T16:52:54.516386,19044,92900,111604832,4057531,3627,27028785,27028785,27900140423519,608406,161899,582126445,317964,3627,68,636272,1711,572733,16278
2025-07-30T16:53:09.299537,19801,95557,111970716,4084098,3841,27043105,27043105,27926235749966,426357,161974,583156444,318092,3841,62,637896,1804,572956,20917
2025-07-30T16:53:26.981977,21403,97782,112458050,4020743,4080,27061788,27061788,27960696505279,432837,162075,584532251,318268,4080,69,969324,1796,573064,20529
2025-07-30T16:53:37.566956,21531,94003,112700836,4206221,3914,27070516,27070516,27978203170699,432753,162126,585218335,318350,3914,73,628323,1704,573204,16339
2025-07-30T16:54:40.032037,20054,91024,114342365,4000847,3764,27131639,27131641,28091195613100,440324,162460,589641612,318903,3764,66,629580,1633,573906,14905
2025-07-30T16:54:55.749445,22140,96121,114730508,4076865,3750,27146165,27146165,28117130470370,438264,162538,590651387,319045,3750,67,948668,1727,574019,15525
2025-07-30T16:55:07.629087,20445,95160,114972263,5319372,4538,27154786,27154786,28134339876285,427387,162589,591334199,319138,4538,67,630480,1844,574094,15915
2025-07-30T16:55:20.742583,20458,86516,115333769,5831906,3840,27168986,27168986,28160566378218,436132,162665,592355594,319259,3840,68,633730,1716,574347,15236
2025-07-30T16:56:00.404530,20187,88637,116305403,5623971,3797,27206088,27206088,28230481871103,660167,162866,595099531,319614,3797,69,636168,1686,574855,15470
2025-07-30T16:56:09.625669,21000,93746,116426854,4058335,4018,27210946,27210946,28239250565505,437871,162891,595442944,319650,4018,63,634358,1820,574965,15683
2025-07-30T16:56:19.609375,21077,89425,116669717,4286680,3769,27220460,27220460,28256701082800,685720,162941,596128664,319744,3769,69,951625,1634,575082,15801
2025-07-30T16:56:32.280203,22796,93474,117033068,4038632,3695,27234756,27234756,28282666105376,429592,163018,597154562,319869,3695,62,645051,1743,575269,16059
2025-07-30T16:56:46.039079,20426,112214,117398676,4112134,3572,27248352,27248352,28308561827813,688918,163094,598186853,320007,3572,66,622596,1551,575484,16047
2025-07-30T16:57:17.763928,20174,89830,118167906,4195545,4194,27276593,27276593,28360566604282,429059,163245,600236003,320270,4194,74,637381,1701,575963,16268
2025-07-30T16:58:47.956966,20035,87641,120464702,4066300,3928,27360283,27360283,28515920713001,428026,163705,606367714,321055,3928,60,631668,1711,576947,15262
2025-07-30T16:59:02.068805,20692,92964,120830207,4090201,3749,27374673,27374673,28541875816164,692163,163781,607400021,321185,3749,65,633406,1753,577188,16042
2025-07-30T16:59:07.195544,19652,95355,120951735,4047532,4149,27379537,27379537,28550617092425,435478,163806,607743036,321230,4149,64,629618,1771,577282,14985
2025-07-30T16:59:12.385575,17443,83899,120995050,4026081,3091,27384311,27384311,28556273263876,433540,163832,607865342,321292,3091,74,631437,1600,577306,15332
2025-07-30T16:59:17.521428,18966,79356,120995065,3747591,2811,27388986,27388986,28560146231811,432771,163857,607865405,321348,2811,61,644349,1631,577396,16060
2025-07-30T16:59:22.666161,20503,86215,120995076,4102886,3693,27392920,27392920,28563766459539,428894,163883,607865479,321402,3693,60,640657,1707,577484,16009
2025-07-30T16:59:27.831204,17761,82390,120995088,3734442,3057,27397530,27397530,28567683301251,428056,163908,607865561,321457,3057,64,626651,1662,577571,15837
2025-07-30T16:59:33.038821,12306,81637,120995097,3823138,3061,27402297,27402297,28571566526911,430291,163934,607865616,321507,3061,70,645921,1705,577696,15311
2025-07-30T16:59:38.153804,18563,83213,120995109,3919539,3192,27407070,27407070,28575528683501,436324,163960,607865693,321558,3192,65,647239,1655,577724,15602
2025-07-30T16:59:43.284845,20454,79956,120995124,3755761,3780,27411821,27411821,28579184991273,440349,163985,607865776,321610,3780,67,637156,1669,577812,16073
2025-07-30T16:59:48.431149,22405,83553,120995133,3769943,3243,27416624,27416624,28583080696904,431008,164012,607865844,321657,3243,70,637491,1574,577898,15791
2025-07-30T16:59:53.563449,17966,76908,120995144,3708792,2866,27421398,27421398,28586941866636,431080,164038,607865916,321708,2866,65,631092,1653,577986,15963
2025-07-30T16:59:58.694697,17004,83043,120995153,3897825,3072,27426157,27426157,28590679759454,437052,164063,607865976,321757,3072,63,627903,1418,578074,15565
2025-07-30T17:00:03.920635,17283,81183,120995162,3874802,3123,27430910,27430910,28594413374639,444870,164089,607866042,321808,3123,64,632637,1587,578100,15495
2025-07-30T17:00:09.124064,19577,90999,120995172,5051759,3625,27435824,27435824,28601370789886,430207,164113,607866123,321858,3625,70,641058,1554,579483,16722
2025-07-30T17:00:14.270497,17254,81812,120995182,4146167,2903,27440663,27440663,28606064420326,431717,164138,607866176,321905,2903,63,639441,1522,579810,17061
2025-07-30T17:00:19.446567,18615,78444,120995192,3998264,2519,27445440,27445440,28609865586896,433205,164164,607866248,321955,2519,68,655117,1994,579965,15761
2025-07-30T17:00:24.599560,18473,81333,120995203,3765516,3569,27450026,27450026,28613681220531,427639,164190,607866325,322003,3569,71,639145,1582,580049,15283
2025-07-30T17:00:29.755651,18651,81741,120995211,3912093,3554,27454162,27454164,28617303474365,425576,164216,607866390,322050,3554,60,619924,1721,580131,15612
2025-07-30T17:00:34.895973,17182,82475,120995222,3875975,4198,27458637,27458637,28621073211337,434465,164242,607866473,322099,4198,65,641884,1716,580149,15911
2025-07-30T17:00:40.058098,18885,77910,120995242,3693754,2998,27468175,27468175,28629043241630,430419,164293,607866591,322193,2998,65,630675,1438,580445,15111
2025-07-30T17:00:45.188464,17337,82715,120995256,4120073,3024,27472967,27472967,28632821434580,438613,164319,607866692,322244,3024,69,631360,1391,580524,15341
2025-07-30T17:00:50.313600,17906,79386,120995265,3853760,2975,27477745,27477745,28636554015599,432601,164345,607866750,322291,2975,64,634795,1499,580626,15641
2025-07-30T17:00:55.476554,18287,84962,120995273,3970380,3425,27482522,27482523,28640263116390,428062,164371,607866808,322339,3425,66,643050,1936,580654,15668
2025-07-30T17:01:00.679717,18287,80213,120995284,4211468,3132,27487286,27487286,28644137163563,435726,164396,607866880,322389,3132,67,640266,1575,580752,15326
2025-07-30T17:01:05.821000,17415,80819,120995294,3835153,2983,27492058,27492058,28648070348077,428492,164422,607866939,322437,2983,69,627688,1576,580853,15208
2025-07-30T17:01:10.928922,19304,87195,120995302,3741155,3164,27496931,27496931,28652010168229,430506,164448,607867005,322485,3164,65,641567,1702,580981,15512
2025-07-30T17:01:16.046676,18039,78558,120995316,3780635,3147,27501693,27501693,28655799840115,430215,164474,607867080,322533,3147,71,629608,1538,581003,15350
2025-07-30T17:01:21.200838,17866,83594,120995324,3941525,2985,27506471,27506471,28659417795880,425942,164500,607867135,322580,2985,68,640875,1485,581021,15721
2025-07-30T17:01:26.346336,17012,84448,120995333,3754912,3387,27511231,27511231,28663214569574,426883,164525,607867207,322628,3387,62,628712,1625,581086,15406
2025-07-30T17:01:31.505511,18395,78308,120995341,3868008,3283,27515491,27515491,28666865572611,433614,164552,607867267,322674,3283,69,648235,1577,581104,15493
2025-07-30T17:01:36.650035,20170,80270,120995350,3714946,3728,27519664,27519664,28670616526423,426662,164577,607867330,322722,3728,62,638548,1617,581154,16270
2025-07-30T17:01:41.776161,17943,81964,120995361,3803194,4314,27524434,27524434,28674423369398,433673,164603,607867406,322769,4314,68,628551,1779,581280,15935
2025-07-30T17:01:46.907910,17936,78179,120995370,3784009,3052,27529230,27529230,28678207625678,439084,164629,607867469,322815,3052,68,638491,1530,581327,15145
2025-07-30T17:01:52.039381,17438,79856,120995380,4148358,2967,27534006,27534006,28681958509779,433032,164654,607867539,322865,2967,67,644750,1626,581431,15444
2025-07-30T17:01:57.168012,18482,81292,120995391,3877674,5501,27538778,27538778,28685772329517,434139,164680,607867609,322912,5501,69,645966,1711,581541,15521
2025-07-30T17:02:02.304828,19506,86048,120995400,3660383,3484,27543546,27543546,28689511660069,427272,164706,607867674,322959,3484,65,634354,1652,581653,15602
2025-07-30T17:02:07.445613,17064,81973,120995408,3692115,2999,27548320,27548320,28693355650695,431409,164732,607867743,323007,2999,67,632000,1575,581746,15993
2025-07-30T17:02:12.591460,18187,84196,120995419,4093808,3159,27553173,27553173,28697119856582,437012,164758,607867811,323054,3159,65,654852,1621,581767,16087
2025-07-30T17:02:17.769351,18010,80579,120995429,3824047,3101,27557922,27557922,28700831315698,433592,164783,607867866,323101,3101,70,640213,1588,581850,15908
2025-07-30T17:02:22.895539,23828,83717,120995439,3753722,3032,27562733,27562733,28704647882188,436837,164809,607867944,323150,3032,66,637554,1578,581870,15989
2025-07-30T17:02:28.026253,17902,83948,120995448,3862168,3189,27567508,27567508,28708392882444,437063,164836,607868004,323197,3189,67,641772,1440,581890,15594
2025-07-30T17:02:33.131169,17808,84877,120995456,3781980,2943,27572260,27572260,28712210415221,437176,164861,607868066,323244,2943,66,638223,1608,581908,16131
2025-07-30T17:02:38.280093,16905,74680,120995466,3791079,3100,27576614,27576614,28716042191994,430596,164887,607868135,323292,3100,70,627320,1529,581930,15371
2025-07-30T17:02:43.409606,17012,78273,120995475,3989630,3143,27580696,27580696,28719708849574,433111,164913,607868190,323339,3143,69,627170,1660,581978,15740
2025-07-30T17:02:48.518146,18351,79512,120995484,3837261,3232,27585484,27585484,28723486968588,437108,164938,607868272,323387,3232,64,639336,1661,582100,15782
2025-07-30T17:02:53.658542,18504,81915,120995495,3836527,3556,27590284,27590284,28727293430551,436163,164965,607868358,323435,3556,64,619611,1661,582120,15265
2025-07-30T17:02:58.786011,17765,78368,120995503,3852879,2900,27595038,27595038,28731042613635,435164,164991,607868414,323481,2900,68,627999,1630,582137,15021
2025-07-30T17:03:03.920125,16495,75279,120995513,3731205,3089,27599810,27599810,28734824673006,430762,165017,607868487,323532,3089,67,627568,1492,582162,15888
2025-07-30T17:03:09.060111,17687,82252,120995525,3972302,3258,27604582,27604582,28738664736213,429345,165042,607868559,323580,3258,58,631020,1625,582184,15616
2025-07-30T17:03:14.199971,17386,82357,120995533,3679642,3380,27609424,27609424,28742501337492,435665,165068,607868624,323627,3380,66,629007,1441,582223,15439
2025-07-30T17:03:19.352179,19070,86251,120995544,3779409,3651,27614203,27614203,28746350617589,431733,165094,607868714,323676,3651,64,631219,1493,582320,15728
2025-07-30T17:03:24.501418,16871,82349,120995553,3649510,3163,27618973,27618973,28750192003161,435229,165120,607868769,323723,3163,66,632392,1550,582343,15955
2025-07-30T17:03:29.634487,18268,78592,120995561,3695835,3178,27623727,27623727,28753956216754,432885,165145,607868830,323771,3178,65,640830,1497,582427,15476
2025-07-30T17:03:34.759554,18286,81887,120995571,4061925,3301,27628491,27628491,28757675124256,430650,165171,607868895,323818,3301,79,630080,1621,582445,15275
2025-07-30T17:03:39.904308,20732,84221,120995580,3657478,3639,27633245,27633245,28761543754943,431729,165197,607868967,323865,3639,76,641807,1669,582464,16142
2025-07-30T17:03:45.100088,18199,91875,120995602,3798579,3092,27642028,27642028,28769221218456,429059,165249,607869125,323961,3092,71,638722,1607,582657,15945
2025-07-30T17:03:50.249065,16331,76928,120995610,3798567,2827,27646451,27646451,28772853034790,432319,165274,607869180,324008,2827,68,631641,1647,582678,15846
2025-07-30T17:03:55.436561,17542,81362,120995621,3914165,3400,27651225,27651225,28776606582275,430932,165300,607869264,324062,3400,67,637715,1540,582700,15311
2025-07-30T17:04:00.563299,17442,78028,120995630,3691093,3138,27656032,27656032,28780477605001,431128,165326,607869324,324109,3138,67,629345,1636,582722,15918
2025-07-30T17:04:05.689859,18037,80317,120995638,3736236,3192,27660785,27660785,28784281544598,433900,165352,607869383,324157,3192,66,643388,1634,582743,15278
2025-07-30T17:04:10.810165,18142,80242,120997663,3696842,3502,27665633,27665633,28788039871432,432755,165377,607877593,324206,3502,63,641344,1543,582761,15542
2025-07-30T17:04:15.991893,17366,78458,120998697,3755868,3419,27670399,27670399,28791889553953,445088,165403,607881846,324253,3419,65,628580,1528,582862,15672
2025-07-30T17:04:21.104806,16958,81059,121000734,3895287,3249,27675168,27675168,28795757257929,434289,165429,607890144,324301,3249,70,624459,1527,582891,16319
2025-07-30T17:04:26.281311,20791,87799,121002785,3804735,2840,27679918,27679918,28799624171969,432128,165455,607898519,324349,2840,64,632669,1693,582937,15742
2025-07-30T17:04:31.400558,19505,88712,121004812,3828243,3263,27684685,27684685,28803434389379,443394,165481,607906745,324396,3263,64,644337,1605,582965,15559
2025-07-30T17:04:36.529603,17491,80914,121006848,3844730,3348,27689435,27689435,28807182628690,436289,165506,607915039,324444,3348,68,630683,1686,582983,15798
2025-07-30T17:04:41.680245,18732,94233,121008380,3883532,2639,27694199,27694199,28810948543632,431938,165532,607921306,324492,2639,67,639876,1618,583003,15744
2025-07-30T17:04:46.835154,20342,76108,121009918,4090932,4139,27698832,27698832,28814891564337,433411,165558,607927630,324541,4141,64,634230,1688,583043,15341
2025-07-30T17:04:51.993115,16880,84219,121009952,3983598,2930,27702795,27702795,28818504541772,430771,165583,607927872,324590,2930,63,638789,1637,583150,15766
2025-07-30T17:04:57.128792,17513,77745,121009985,3867668,3245,27707530,27707530,28822309534652,434668,165609,607928103,324636,3245,73,632127,1494,583240,15409
2025-07-30T17:05:02.258926,18100,79875,121012021,3907542,3470,27712322,27712322,28826222590959,433293,165635,607936402,324684,3470,69,629712,1493,583370,15714
2025-07-30T17:05:07.380324,17062,77342,121014068,3871805,3078,27717071,27717071,28829993220581,425084,165661,607944763,324732,3078,65,637868,1473,583393,16209
2025-07-30T17:05:12.566862,18423,77634,121016100,3863776,3271,27721895,27721895,28833918139116,439330,165686,607953031,324779,3271,69,640672,1540,583473,15589
2025-07-30T17:05:17.716801,17118,83014,121018135,3679700,3010,27726661,27726661,28837828764251,436579,165712,607961316,324829,3010,65,628512,1491,583555,16287
2025-07-30T17:05:22.866983,17065,81113,121020167,3773539,3345,27731411,27731411,28841627829150,432939,165738,607969597,324877,3345,66,630289,1416,583575,15957
2025-07-30T17:05:28.029270,17099,78908,121022198,3955011,5011,27736160,27736160,28845424361621,428899,165764,607977857,324924,5011,65,631071,1628,583603,15412
2025-07-30T17:05:33.134522,17231,76909,121024228,3746765,3176,27740904,27740904,28849310851506,441327,165789,607986117,324972,3176,64,630837,1909,583627,15306
2025-07-30T17:05:38.268507,20006,86831,121026262,3716717,3455,27745658,27745658,28853136269471,428387,165815,607994393,325019,3455,64,639169,1778,583767,16253
2025-07-30T17:05:43.376290,18098,83141,121028293,3992527,2940,27750415,27750415,28856926453809,431027,165841,608002658,325065,2940,70,627841,1535,583798,15704
2025-07-30T17:05:48.526183,17888,81581,121030326,3852030,4120,27755185,27755185,28860763593108,425620,165866,608010949,325114,4120,64,639685,1685,583882,15909
2025-07-30T17:05:53.677489,17279,88748,121032358,3765535,3314,27759478,27759478,28864548017986,435022,165891,608019214,325161,3314,63,631736,1596,583902,15542
2025-07-30T17:05:58.911323,17351,84423,121033390,4014106,3023,27763601,27763601,28868276440881,428250,165917,608023468,325209,3023,68,625994,1598,583988,15628
2025-07-30T17:06:04.127398,16689,82757,121035424,3898332,3158,27768351,27768351,28872259218288,435693,165942,608031748,325256,3158,66,634338,1577,584070,15612
2025-07-30T17:06:09.262452,17324,85706,121037457,3808366,3645,27773113,27773113,28876176927910,432665,165968,608040020,325303,3647,64,632738,1650,584153,16099
2025-07-30T17:06:14.380980,17953,79626,121039489,3854781,3172,27777947,27777947,28880013268988,431442,165994,608048303,325350,3172,60,641971,1548,584258,15897
2025-07-30T17:06:19.509695,17096,104242,121041526,3904302,3183,27782713,27782713,28883817928593,429008,166019,608056593,325401,3183,71,619214,1665,584299,16355
2025-07-30T17:06:24.660022,19245,80885,121043562,3909459,3562,27787477,27787477,28887661179446,431135,166045,608064883,325448,3562,70,632886,1661,584327,16077
2025-07-30T17:06:29.826005,17880,80426,121045596,3820836,3080,27792244,27792244,28891533545569,451819,166071,608073173,325497,3080,64,636121,1574,584346,15762
2025-07-30T17:06:34.977658,18284,79841,121049665,3803431,3112,27801772,27801772,28899214081651,431112,166123,608089725,325592,3112,64,634492,1587,584409,15611
2025-07-30T17:06:40.123310,17223,76776,121051701,3924818,3218,27806544,27806544,28903426303992,428925,166149,608098013,325640,3218,67,628368,1556,584507,15775
2025-07-30T17:06:45.237291,18863,75632,121053737,3714172,3350,27811320,27811320,28907233127496,446044,166174,608106302,325687,3350,71,633400,1589,584539,15861
2025-07-30T17:06:50.361085,19378,87388,121053769,3810215,3647,27815763,27815764,28911041791488,426809,166200,608106555,325735,3647,63,627787,1689,584637,15923
2025-07-30T17:06:55.485106,17568,77956,121053803,3671126,3906,27819814,27819815,28914657609126,430400,166226,608106790,325783,3906,63,637323,1578,584663,15517
2025-07-30T17:07:00.626144,17683,79774,121055838,3812550,3072,27824504,27824504,28918422147379,437420,166251,608115064,325829,3072,70,633998,1552,584691,16020
2025-07-30T17:07:05.756462,17057,77346,121057870,3929749,3132,27829276,27829276,28922313274355,426615,166277,608123332,325877,3132,65,630078,1617,584724,15546
2025-07-30T17:07:10.919341,17934,83433,121059902,3826024,2999,27834122,27834122,28926243322107,433048,166303,608131595,325925,2999,72,637396,1573,584756,15425
2025-07-30T17:07:16.214307,17683,88537,121061934,3776590,3227,27838862,27838862,28930110803519,426980,166328,608139858,325972,3227,69,635455,1674,584792,15137
2025-07-30T17:07:21.318941,17216,79311,121063968,3888807,3769,27843660,27843660,28934219136895,429487,166354,608148146,326021,3769,68,629740,1596,584904,16912
2025-07-30T17:07:26.441933,16574,83649,121065001,3813221,3110,27848407,27848407,28938015421416,446881,166380,608152401,326067,3110,67,625259,1561,584938,16656
2025-07-30T17:07:31.571215,19346,82548,121066039,3855024,3609,27853173,27853173,28941813153450,438542,166405,608156688,326114,3609,68,632203,1709,584982,14916
2025-07-30T17:07:36.724394,18493,78394,121066070,3799060,3132,27857939,27857939,28945690495177,430760,166431,608156907,326164,3132,63,652781,1518,585003,15939
2025-07-30T17:07:41.856761,17547,82161,121067111,3861462,3032,27862695,27862695,28949461918588,424608,166457,608161208,326211,3032,65,641479,1633,585023,15507
2025-07-30T17:07:46.991347,17922,81185,121067144,4090592,3437,27867493,27867493,28953311538885,438542,166483,608161458,326259,3441,67,635069,1581,585077,15351
2025-07-30T17:07:52.121636,18339,77289,121067178,3740389,3419,27872274,27872274,28957084939047,432571,166509,608161721,326307,3419,70,637943,1513,585102,15739
2025-07-30T17:07:57.265328,17957,81417,121069219,3835291,3242,27876754,27876754,28960775294424,433497,166534,608170039,326353,3242,67,628371,1643,585230,15962
2025-07-30T17:08:02.448136,17619,80467,121071255,3933970,4104,27880683,27880683,28964547905971,435910,166560,608178346,326401,4104,63,629465,1668,585260,15731
2025-07-30T17:08:07.582488,18132,77712,121073290,3933085,2957,27885423,27885423,28968481571178,429740,166585,608186627,326449,2957,64,632576,1600,585361,15739
2025-07-30T17:08:12.765634,16966,80874,121075322,3738278,3176,27890265,27890265,28972260186612,465624,166611,608194896,326496,3176,69,634848,1671,585385,15500
2025-07-30T17:08:17.874904,20166,81217,121077353,3766477,3475,27895033,27895033,28976193517709,430759,166636,608203156,326544,3475,65,626064,1590,585483,15211
2025-07-30T17:08:22.999516,17994,81953,121079388,3857927,3790,27899797,27899797,28979957036951,431419,166663,608211439,326591,3794,64,634260,1620,585571,15472
2025-07-30T17:08:28.141538,18578,83765,121080422,3801095,3335,27904565,27904565,28983758920267,428113,166688,608215724,326639,3335,65,633926,1629,585673,15446
2025-07-30T17:08:33.343873,18620,79311,121082460,3965667,3787,27909327,27909327,28987541657624,451106,166714,608224031,326687,3787,65,639163,1648,585754,15173
2025-07-30T17:08:38.445256,18610,80297,121084502,3838712,3561,27914078,27914078,28991553908197,425351,166739,608232346,326734,3561,63,633536,1650,585776,15645
2025-07-30T17:08:43.569172,17207,86992,121086535,4066344,3768,27918844,27918844,28995396878092,442295,166765,608240631,326782,3768,65,631544,1836,585865,16525
2025-07-30T17:08:48.702826,17994,84543,121088571,3978446,3010,27923634,27923634,28999172777082,439824,166791,608248936,326832,3010,68,635433,1502,585994,16027
2025-07-30T17:08:53.839365,16933,80564,121090603,3866810,2981,27928404,27928404,29002972554729,427329,166816,608257197,326879,2981,61,628218,1506,586092,15372
2025-07-30T17:08:59.044111,17958,84233,121092634,3961937,2846,27933181,27933181,29006850392772,435911,166842,608265486,326932,2846,74,637787,1620,586118,15642
2025-07-30T17:09:04.219850,18837,83845,121093738,3755900,2964,27937599,27937599,29010628740087,429175,166867,608270028,326980,2964,61,632425,1498,586146,15637
2025-07-30T17:09:09.347807,17216,97655,121095700,3662617,3099,27941622,27941622,29014384904863,431430,166892,608278008,327027,3099,88,626686,1551,586259,15922
2025-07-30T17:09:14.454232,17092,91215,121097736,3745142,3148,27946474,27946474,29018204884267,447244,166918,608286304,327076,3148,63,621179,1699,586285,14579
2025-07-30T17:09:19.612711,16770,84282,121099769,4027814,2908,27951252,27951252,29022055260320,427333,166944,608294578,327123,2908,73,627837,1639,586402,16017
2025-07-30T17:09:24.756940,21353,80945,121101810,3749854,3695,27956008,27956008,29025873594851,428168,166969,608302901,327171,3695,64,653992,1625,586422,16194
2025-07-30T17:09:29.869822,24449,88609,121103848,3818288,3126,27960772,27960772,29029727214033,431993,166995,608311207,327219,3126,66,650058,1498,586448,15060
2025-07-30T17:09:34.989867,13083,77620,121104911,3719562,3283,27970303,27970303,29037258757190,431068,167046,608315677,327314,3283,65,649406,1596,586496,15945
2025-07-30T17:09:40.107342,17475,79400,121105951,4045747,2898,27975070,27975070,29041073192033,435110,167072,608319974,327362,2898,66,626348,1515,586602,15325
2025-07-30T17:09:45.235763,17967,82650,121107981,3913689,3370,27979866,27979866,29044877624862,422845,167098,608328243,327408,3370,63,636685,1577,586701,16087
2025-07-30T17:09:50.363966,18110,84933,121110019,3873381,3178,27984654,27984654,29048623804537,435649,167124,608336539,327458,3178,72,635440,1566,586719,16029
2025-07-30T17:09:55.542037,17045,80637,121112061,3782545,3174,27989412,27989412,29052405839727,428334,167150,608344869,327506,3174,66,626683,1528,586739,16139
2025-07-30T17:10:00.699501,18274,80583,121114091,3942541,4531,27994162,27994162,29056242498558,433128,167176,608353123,327553,4531,63,636657,1751,586844,15564
2025-07-30T17:10:05.844609,17390,81053,121116124,3803792,3210,27998510,27998510,29060096641914,428800,167201,608361412,327602,3210,61,633251,1705,586965,16786
2025-07-30T17:10:10.986049,20060,79645,121117157,3896096,5684,28002672,28002672,29063839249610,431142,167227,608365666,327649,5684,65,621180,1823,586991,16082
2025-07-30T17:10:16.105797,17241,80964,121119189,3997238,3782,28007424,28007424,29067667455602,437046,167252,608373946,327696,3782,67,629776,1573,587083,15530
2025-07-30T17:10:21.252867,20805,85102,121121224,3715152,3234,28012182,28012182,29071399670267,447712,167278,608382232,327743,3234,67,631294,1574,587107,15130
2025-07-30T17:10:26.408708,17732,85636,121123257,5064846,3185,28016954,28016954,29075293454778,425762,167304,608390518,327790,3185,72,638667,1672,587197,15732
2025-07-30T17:10:31.565812,19028,86458,121125289,3706257,3779,28021694,28021694,29079071302018,438746,167329,608398797,327837,3779,66,627580,1617,587281,16114
2025-07-30T17:10:36.699279,18210,84904,121127325,3712132,3092,28026454,28026454,29082970396234,431445,167354,608407080,327885,3092,67,628574,1610,587383,16037
2025-07-30T17:10:41.835018,17478,84795,121129357,3884671,3022,28031217,28031217,29086847098263,424791,167380,608415349,327932,3022,71,630684,1572,587402,15970
2025-07-30T17:10:46.962692,18038,78928,121131391,3888921,3292,28035993,28035993,29090737857497,442092,167405,608423645,327981,3292,62,642751,1548,587507,15579
2025-07-30T17:10:52.153176,19012,99005,121133425,3842178,3548,28040774,28040774,29094482473919,429060,167431,608431923,328028,3548,64,639326,1624,587525,15310
2025-07-30T17:10:57.353525,17435,93067,121135458,3976120,3142,28045531,28045531,29098397799693,442841,167456,608440196,328076,3142,64,629841,1541,587615,15508
2025-07-30T17:11:02.506674,17552,83506,121137495,3755175,3114,28050292,28050292,29102314458540,436049,167482,608448500,328126,3114,60,629794,1540,587701,16102
2025-07-30T17:11:07.628335,13518,82128,121139528,4028564,3200,28054824,28054824,29106182734496,430861,167508,608456761,328173,3200,62,645943,1701,587810,15903
2025-07-30T17:11:12.750848,17706,83076,121141555,4136141,3631,28059143,28059143,29109865680691,442174,167534,608465008,328221,3631,63,630579,1624,587830,15467
2025-07-30T17:11:17.931118,17822,86918,121143588,4157879,3104,28063537,28063537,29113629793195,427807,167559,608473276,328269,3104,65,627701,1675,587916,15938
2025-07-30T17:11:23.117515,16695,77720,121145621,3819867,3367,28068301,28068301,29117549025977,430155,167585,608481542,328316,3367,67,622439,1823,588014,15656
2025-07-30T17:11:28.220186,20374,80970,121147651,3920528,1890,28073069,28073069,29121409138015,430636,167611,608489808,328364,1890,68,956645,1921,588031,15451
2025-07-30T17:11:33.355720,17481,80696,121149685,4077474,3181,28077817,28077817,29125243625643,436343,167636,608498080,328412,3181,71,638931,1551,588057,15854
2025-07-30T17:11:38.478257,17791,75649,121151716,3875010,3865,28082569,28082569,29129093045854,431017,167661,608506343,328459,3865,63,631367,1666,588083,15665
2025-07-30T17:11:43.612296,18151,84394,121153020,3950623,3085,28087326,28087326,29132930872688,429005,167687,608511705,328508,3085,68,632454,1578,588109,15805
2025-07-30T17:11:48.737048,17595,79006,121154783,3787657,3252,28092109,28092109,29136728569152,439667,167712,608518897,328555,3252,66,631439,1555,588129,16336
2025-07-30T17:11:53.872529,18066,75627,121156816,3841060,2967,28096896,28096896,29140555627511,437108,167739,608527175,328603,2967,63,640548,1477,588152,15137
2025-07-30T17:11:59.018910,17260,79523,121158850,3772921,2999,28101663,28101663,29144381428468,436440,167765,608535460,328651,2999,63,623869,1530,588276,15211
2025-07-30T17:12:04.167765,17480,82628,121160883,3752883,3390,28106427,28106427,29148207140200,427865,167790,608543734,328697,3390,72,638405,1753,588366,16166
2025-07-30T17:12:09.297037,18476,88227,121162919,3999031,3107,28111197,28111197,29152136380995,432613,167816,608552041,328745,3107,66,649179,1627,588466,15738
2025-07-30T17:12:14.430166,17607,80913,121164968,3663048,3298,28115303,28115303,29155835769030,439212,167842,608560404,328795,3298,64,631431,1610,588490,15595
2025-07-30T17:12:19.543553,17546,93432,121167001,4272452,3255,28119699,28119699,29159518445513,428176,167868,608568655,328842,3255,63,634908,1493,588580,15320
2025-07-30T17:12:24.655951,16692,80619,121169030,4011058,3705,28124479,28124479,29163513192814,526527,167893,608576917,328889,3707,63,624169,1512,588666,17964
2025-07-30T17:12:29.810695,17583,82889,121170506,3874006,3903,28129231,28129231,29167232205188,436768,167918,608582946,328937,3903,71,643579,1613,588772,15605
2025-07-30T17:12:34.960390,17011,83160,121172103,3644639,3011,28133991,28133991,29171129646216,433972,167944,608589483,328983,3011,68,643234,1563,588858,15507
2025-07-30T17:12:40.164906,17524,82267,121176185,3806292,2748,28143524,28143524,29179050267275,438230,167996,608606110,329078,2748,70,630244,1674,588960,15568
2025-07-30T17:12:45.306574,16901,85416,121178212,3849306,3118,28148313,28148313,29182937566430,426136,168021,608614365,329126,3118,64,627045,1569,589048,15617
2025-07-30T17:12:50.437332,22007,80738,121180244,3758513,3527,28153090,28153090,29186793997550,436340,168047,608622623,329174,3527,67,642459,1800,589141,16415
2025-07-30T17:12:55.562929,16638,83232,121180285,3804576,2958,28157838,28157838,29190429217476,430795,168072,608622914,329220,2958,64,628511,1524,589238,15782
2025-07-30T17:13:00.769285,17627,78872,121180309,3944702,3176,28162599,28162599,29194184878615,440163,168098,608623090,329267,3176,67,628190,1480,589326,15380
2025-07-30T17:13:05.919103,19222,79826,121182340,3996402,3432,28167361,28167361,29198153204842,434825,168124,608631355,329315,3432,66,644283,1598,589349,15700
2025-07-30T17:13:11.069747,18321,96890,121183692,3762476,2987,28172075,28172075,29201955560510,440743,168149,608636890,329362,2987,70,632092,1540,589445,15284
2025-07-30T17:13:16.204988,18067,84287,121185406,3858993,3755,28176153,28176153,29205703033347,475441,168175,608643889,329412,3755,69,637203,1620,589527,15356
2025-07-30T17:13:21.347138,16762,74508,121187444,3866577,3567,28180608,28180608,29209541878869,429584,168201,608652191,329460,3567,69,622884,1637,589611,15406
2025-07-30T17:13:26.474964,17388,96775,121189476,3860980,3284,28185354,28185354,29213233407888,428331,168226,608660458,329507,3284,78,628773,1583,589713,15967
2025-07-30T17:13:31.620720,19267,79850,121191510,3826427,3651,28190126,28190126,29217123749039,429451,168252,608668743,329556,3651,69,638222,1744,589734,15808
2025-07-30T17:13:36.820377,17443,80464,121193547,3768976,3259,28194881,28194881,29220954930875,439972,168278,608677041,329603,3259,61,637369,1553,589820,15979
2025-07-30T17:13:41.976464,18104,79461,121195587,3927519,2902,28199651,28199651,29224867246238,429902,168303,608685364,329650,2902,58,630052,1709,589906,16443
2025-07-30T17:13:47.124659,17268,77260,121197628,3962906,5156,28204457,28204457,29228727493792,425491,168329,608693688,329697,5156,59,621431,1783,590039,15027
2025-07-30T17:13:52.263106,19407,82671,121199671,4228261,3677,28209244,28209244,29232567398916,428573,168354,608702022,329744,3677,65,622810,1823,590133,15641
2025-07-30T17:13:57.376564,18121,84116,121201702,3739543,3030,28214032,28214032,29236388489994,439563,168380,608710310,329797,3030,70,641468,1599,590161,15641
2025-07-30T17:14:02.513985,17613,81336,121202754,3903244,3143,28218850,28218850,29240199592048,632521,168406,608714673,329844,3143,68,628861,1454,590276,15763
2025-07-30T17:14:07.710152,16961,79913,121204790,3786481,3219,28223603,28223603,29243985705214,426679,168431,608722967,329891,3219,62,631240,1597,590385,15833
2025-07-30T17:14:12.905112,16858,87829,121205812,3751950,3180,28228439,28228439,29247844282489,434509,168456,608727162,329940,3180,68,630324,1645,590485,15655
2025-07-30T17:14:18.054397,19701,84517,121205821,3984937,3588,28233183,28233183,29251824816982,439638,168482,608727232,329987,3588,74,637183,1604,590582,15184
2025-07-30T17:14:23.178896,18079,83632,121205830,3729072,3043,28237480,28237480,29255436889981,430495,168508,608727295,330035,3043,63,633911,1427,590600,15472
2025-07-30T17:14:28.309225,22637,80365,121205843,3931145,3087,28241613,28241613,29259107960160,427438,168533,608727378,330085,3087,67,639748,1806,590620,15687
2025-07-30T17:14:33.457520,17101,78921,121205852,3735893,3061,28246391,28246391,29262963553349,432156,168560,608727433,330132,3061,58,634551,1524,590648,15113
2025-07-30T17:14:38.632367,17952,90436,121205860,3850370,3661,28251147,28251147,29266785603777,428296,168585,608727494,330179,3661,61,631777,1602,590666,15480
2025-07-30T17:14:43.748932,20105,87148,121205872,3830044,3128,28255920,28255920,29270627553512,434299,168611,608727570,330227,3128,67,640732,1556,590684,15595
2025-07-30T17:14:48.871578,16910,79581,121205882,3856831,3121,28260814,28260816,29274527532926,434967,168637,608727667,330276,3121,70,626881,1562,590806,16059
2025-07-30T17:14:53.993418,18497,77092,121205891,3727180,3105,28265603,28265603,29278208302084,431272,168663,608727737,330324,3105,70,633848,1612,590867,15809
2025-07-30T17:14:59.167055,18259,77393,121205902,3851792,3226,28270363,28270363,29282002898145,435105,168689,608727814,330372,3226,64,637336,1686,590952,15686
2025-07-30T17:15:04.347572,20450,84708,121205910,3739246,3548,28275136,28275136,29285766564141,446807,168715,608727869,330419,3548,69,634162,1569,590978,15294
2025-07-30T17:15:09.502788,17655,88776,121205920,3942930,2980,28279892,28279892,29289636576408,434541,168740,608727943,330468,2980,66,645198,1689,591070,16777
2025-07-30T17:15:14.640248,17038,78473,121205929,3945597,3032,28284740,28284740,29293522810627,431201,168766,608728015,330515,3032,65,633040,1693,591190,16040
2025-07-30T17:15:19.779627,16363,84395,121205937,3907143,3213,28289510,28289510,29297314687000,429427,168792,608728084,330563,3213,61,631275,1551,591210,15586
2025-07-30T17:15:24.893852,17516,83613,121205948,3774101,3131,28294268,28294268,29301081176626,439668,168818,608728156,330611,3131,64,634261,1644,591316,17088
2025-07-30T17:15:30.012492,19863,85876,121205965,3759006,3877,28302704,28302704,29308445130132,445482,168869,608728274,330705,3877,66,635210,1826,591516,16046
2025-07-30T17:15:35.158243,17542,85908,121205978,3863152,2773,28307487,28307487,29312175514098,428899,168896,608728357,330755,2773,63,627635,1496,591608,15874
2025-07-30T17:15:40.446602,17998,81244,121205987,3933182,3088,28312251,28312251,29315925390013,442463,168922,608728411,330802,3088,67,628580,1655,591631,15905
2025-07-30T17:15:45.619109,17246,78180,121205995,3912590,3045,28317029,28317029,29319961368537,437038,168947,608728486,330850,3045,69,640096,1477,591741,16698
2025-07-30T17:15:50.745069,21544,86395,121206007,3673601,3833,28321797,28321797,29323741592603,440757,168972,608728558,330897,3833,68,635018,1830,591848,15258
2025-07-30T17:15:55.866264,17970,79024,121206015,3752956,3330,28326563,28326563,29327507982974,433793,168998,608728610,330943,3330,71,629965,1557,591952,15403
2025-07-30T17:16:00.989353,17065,80096,121206025,3658984,3067,28331309,28331309,29331286072868,433399,169023,608728679,330992,3067,67,622115,1553,592054,15979
2025-07-30T17:16:06.159762,18319,82037,121206034,4249036,4281,28336082,28336082,29335047168176,429898,169049,608728734,331039,4281,70,635676,1745,592151,15745
2025-07-30T17:16:11.345353,19860,80428,121206042,3730917,3506,28340918,28340918,29338848685951,441292,169075,608728797,331086,3506,69,639207,1657,592169,15563
2025-07-30T17:16:16.492669,16439,79456,121206053,3783078,3055,28345660,28345660,29342699740626,434099,169100,608728871,331137,3055,63,627193,1630,592275,15581
2025-07-30T17:16:21.621646,18564,78679,121206063,3738774,5172,28350426,28350426,29346487474407,439336,169126,608728927,331184,5172,66,633200,1721,592294,15932
2025-07-30T17:16:26.755349,18147,79869,121206071,3953123,1829,28355182,28355182,29350221766781,429954,169152,608728994,331232,1829,65,659846,1862,592314,15330
2025-07-30T17:16:31.878051,17943,77524,121206082,4031318,3073,28359632,28359632,29353856954710,444000,169178,608729066,331280,3073,64,656525,1625,592334,16282
2025-07-30T17:16:37.034887,19664,81533,121206090,3880964,3561,28363592,28363592,29357553961897,429123,169203,608729126,331326,3561,76,634530,1604,592354,15698
2025-07-30T17:16:42.189755,17841,80729,121206100,3750940,3061,28368318,28368318,29361301756646,429092,169229,608729202,331376,3061,63,632035,1556,592452,15706
2025-07-30T17:16:47.322357,18408,83269,121206112,3798632,3122,28373098,28373098,29365171469753,428238,169255,608729285,331424,3122,71,651924,1670,592488,15574
2025-07-30T17:16:52.440478,17886,76561,121206122,3846402,3280,28377862,28377862,29369001263995,437958,169281,608729341,331470,3280,63,654129,1525,592512,15253
2025-07-30T17:16:57.559628,16829,82618,121206132,3872986,3156,28382624,28382624,29372681785654,426533,169307,608729417,331519,3156,67,629614,1574,592536,15632
2025-07-30T17:17:02.700137,20445,82721,121206141,3901156,3670,28387368,28387368,29376509968774,435094,169333,608729475,331565,3672,70,632904,1758,592556,15590
2025-07-30T17:17:07.872463,15899,78276,121206153,3862366,3340,28392148,28392148,29380430125112,437212,169399,608729536,331613,3340,71,628563,1611,592576,15826
2025-07-30T17:17:13.031756,17727,77457,121206163,3673553,2965,28396969,28396969,29384315886537,439831,169424,608729601,331661,2965,68,617173,1594,592727,15475
2025-07-30T17:17:18.142031,18175,76105,121206172,3943236,3812,28401725,28401725,29388077797174,452467,169450,608729661,331707,3812,63,625931,1591,592791,15526
2025-07-30T17:17:23.253981,18970,80161,121206181,3944322,3430,28406505,28406505,29391823483914,427681,169476,608729741,331755,3430,70,631999,1592,592811,15241
2025-07-30T17:17:28.395177,18634,85041,121206192,3866555,3507,28411262,28411262,29395566662065,436460,169502,608729807,331803,3507,71,632827,1708,592831,15671
2025-07-30T17:17:33.525431,17730,80633,121206200,3719111,3465,28416014,28416014,29399526590732,429017,169528,608729859,331849,3465,67,640181,1593,592855,15511
2025-07-30T17:17:38.645377,16965,80953,121206210,4264900,3699,28420631,28420631,29403207567581,423067,169553,608729938,331899,3699,67,626366,1536,592875,15736
2025-07-30T17:17:43.773078,16532,79508,121206219,3825723,3125,28424917,28424917,29406838118752,429506,169579,608730009,331946,3125,68,630334,1678,592981,15579
2025-07-30T17:17:48.901864,18433,84430,121206229,4031954,3200,28429175,28429175,29410593382737,434903,169605,608730093,331993,3200,67,642097,1497,592998,14930
2025-07-30T17:17:54.034083,18350,84232,121206243,3821658,3163,28433945,28433945,29414356865899,434387,169631,608730179,332043,3163,62,636724,1620,593046,15523
2025-07-30T17:17:59.175090,17067,80016,121206252,3902281,3131,28438674,28438674,29418118121281,436649,169656,608730237,332090,3131,66,622886,1610,593068,15542
2025-07-30T17:18:04.434196,17635,81882,121206260,4101821,3215,28443432,28443432,29421880637763,428832,169682,608730297,332138,3215,67,631985,1577,593092,15079
2025-07-30T17:18:09.596567,15979,83077,121206270,4028600,3092,28448193,28448193,29425893607554,435734,169708,608730362,332185,3092,66,623046,1714,593117,15571
2025-07-30T17:18:14.723205,19702,79405,121206279,4109744,3849,28453034,28453034,29429729735020,435351,169734,608730427,332232,3849,71,639271,1670,593137,15807
2025-07-30T17:18:19.842243,18235,76172,121206287,3887597,3205,28457798,28457798,29433469328500,429785,169760,608730494,332280,3205,62,635229,1614,593244,15668
2025-07-30T17:18:24.991102,17409,78532,121206307,3660600,3067,28467299,28467299,29440945591366,436055,169811,608730629,332375,3067,69,631465,1612,593312,17069
2025-07-30T17:18:30.137920,17146,80453,121206317,4009819,4369,28472057,28472057,29444622705383,439666,169837,608730698,332423,4369,67,625635,1737,593329,15509
2025-07-30T17:18:35.254328,17372,77008,121206326,3951397,3405,28476803,28476803,29448394286509,434027,169862,608730753,332470,3405,69,633852,1518,593353,15743
2025-07-30T17:18:40.376983,17414,84796,121206336,3805505,3413,28481564,28481564,29452609468412,443324,169888,608730813,332518,3413,64,631456,1731,593373,15464
2025-07-30T17:18:45.532418,18056,79630,121206346,3866599,3637,28486036,28486036,29456374705803,433214,169914,608730897,332566,3637,67,646098,1910,593404,15471
2025-07-30T17:18:50.670396,17502,81845,121206356,4006906,3004,28490083,28490083,29459991164616,438282,169940,608730954,332613,3004,61,642456,1606,593422,16035
2025-07-30T17:18:55.821424,18075,80662,121206364,4226354,2989,28494754,28494754,29463771048176,431349,169965,608731029,332666,2989,61,633730,1560,593532,15524
2025-07-30T17:19:00.978757,17661,77644,121206378,3800512,3088,28499528,28499528,29467541445367,434282,169991,608731111,332716,3088,68,631167,1492,593558,15982
2025-07-30T17:19:06.091306,17411,82224,121206387,3716335,3253,28504286,28504286,29471398382435,430075,170017,608731165,332762,3253,62,638912,1580,593623,15218
2025-07-30T17:19:11.216702,18025,78927,121207398,3778144,3084,28509140,28509140,29475262721749,428153,170081,608735305,332829,3084,70,630706,1559,593688,16356
2025-07-30T17:19:16.416828,18277,99597,121207428,3799843,3070,28513897,28513897,29479189752455,427478,170106,608735504,332981,3070,57,645035,1486,593716,16134
2025-07-30T17:19:21.577634,20204,83764,121207440,3868555,3536,28518667,28518667,29483100683352,441344,170170,608735627,333066,3536,67,643937,1592,593916,15201
2025-07-30T17:19:26.816511,22266,78413,121207450,3833515,3004,28523433,28523433,29486815174281,438846,170195,608735743,333137,3004,63,883743,1540,593940,16396
2025-07-30T17:19:31.942910,17834,83312,121207469,3940880,3139,28528200,28528200,29490902115627,432847,170221,608735899,333259,3139,62,632775,1500,594260,15790
2025-07-30T17:19:37.067255,18415,79984,121207481,4045288,3326,28532976,28532976,29494788889865,437520,170247,608736019,333347,3326,66,636651,1622,594315,14896
2025-07-30T17:19:42.211988,19511,77189,121207500,3927562,3616,28537734,28537734,29498546029925,429982,170273,608736195,333468,3616,66,633406,1631,594435,15485
2025-07-30T17:19:47.427909,17304,89010,121207514,4098821,2984,28542526,28542526,29502396713658,423886,170298,608736341,333564,2984,66,630003,1674,594553,15843
2025-07-30T17:19:52.567715,17785,80104,121207524,3710917,3409,28547056,28547056,29506245820593,433265,170324,608736466,333639,3409,70,633444,1660,594667,16202
2025-07-30T17:19:57.707556,17767,80195,121207540,3958454,3089,28551240,28551240,29509938004601,429968,170350,608736607,333734,3089,66,638949,1600,594746,15641
2025-07-30T17:20:02.837629,17177,81305,121207548,3758839,3198,28555717,28555717,29513560347940,437697,170376,608736694,333803,3198,66,634341,1600,594790,15837
2025-07-30T17:20:07.966629,19603,79252,121207559,3828416,4726,28560480,28560480,29517449239637,432074,170402,608736816,333878,4726,66,631585,1701,594873,15921
2025-07-30T17:20:13.162344,17633,78345,121207573,3892351,3433,28565331,28565331,29521305144395,427325,170427,608736930,333943,3433,64,644609,1516,594953,15589
2025-07-30T17:20:18.297355,16877,80697,121207581,3714390,3030,28570111,28570111,29525160620023,433017,170453,608737014,334006,3030,68,633704,1567,594973,16427
2025-07-30T17:20:23.438160,17184,80421,121207591,4075912,3088,28574882,28574882,29528936741150,434828,170479,608737115,334072,3088,65,635122,1638,594997,16379
2025-07-30T17:20:28.579723,18449,77724,121207601,3973241,3056,28579636,28579636,29532719086871,430730,170504,608737206,334135,3056,64,627031,1638,595018,15942
2025-07-30T17:20:33.821811,17254,84130,121207609,3784115,3569,28584412,28584412,29536507816636,445938,170530,608737296,334200,3569,65,643625,1704,595042,15863
2025-07-30T17:20:38.981197,17106,85005,121207649,4048209,3125,28589185,28589185,29540702786613,432122,170594,608737673,334371,3125,62,618511,1598,595083,15677
2025-07-30T17:20:44.106944,17719,79136,121207790,3839798,2913,28594034,28594034,29545507813123,430309,170626,608738786,334974,2913,70,630844,1534,595664,17714
2025-07-30T17:20:49.239119,18627,81024,121207798,4064117,2942,28598835,28598835,29549251044126,436736,170652,608738877,335022,2942,66,643408,1785,595706,15798
2025-07-30T17:20:54.369481,19886,77032,121207809,4005044,3586,28603615,28603615,29553062020525,444608,170678,608738941,335070,3586,65,633455,1573,595738,15843
2025-07-30T17:20:59.509702,17680,82816,121207818,3748942,3339,28608288,28608290,29556883125369,427784,170703,608739000,335117,3339,64,634257,1623,595758,16066
2025-07-30T17:21:04.677888,17032,76177,121207829,3906763,4319,28612341,28612343,29560428558468,431183,170728,608739074,335166,4319,65,631940,1838,595794,16297
2025-07-30T17:21:09.808736,19105,80984,121207838,4102276,3174,28616829,28616829,29564283947151,458111,170800,608739206,335237,3174,68,650024,1498,595896,15144
2025-07-30T17:21:14.942488,17259,79743,121208861,3850808,3116,28621765,28621765,29568538256072,435063,170825,608743422,335353,3116,67,641076,1565,596543,16698
2025-07-30T17:21:20.115846,19420,84504,121208905,3797747,3776,28631337,28631337,29576340128947,433544,170922,608743753,335592,3776,71,627726,1643,597251,16116
2025-07-30T17:21:25.268813,17406,79996,121208914,3836805,3222,28636120,28636120,29580115757015,431005,170948,608743860,335661,3222,64,628780,1514,597518,16096
2025-07-30T17:21:30.385934,18270,84184,121208933,3746110,3225,28640888,28640888,29583948409422,430597,170974,608744029,335784,3225,63,639608,1595,597539,16062
2025-07-30T17:21:35.518100,17810,77076,121208946,3887321,3283,28645640,28645640,29587738699140,437395,170999,608744150,335873,3283,67,639407,1847,597623,15225
2025-07-30T17:21:40.658257,17363,86257,121208963,3724854,3072,28650410,28650412,29591666458570,437127,171025,608744312,335994,3072,60,634653,1572,597645,15970
2025-07-30T17:21:45.770797,16873,86449,121208979,3891044,3168,28655214,28655214,29595562964346,439578,171051,608744460,336091,3168,66,627658,1622,597725,15515
2025-07-30T17:21:50.897740,16703,82501,121208988,3839261,3157,28659988,28659988,29599275135332,433704,171076,608744557,336165,3157,65,629082,1449,597747,15946
2025-07-30T17:21:56.086184,17338,91149,121209004,3852514,2792,28664764,28664764,29603121166158,434873,171102,608744700,336260,2792,62,629579,1648,597829,15419
2025-07-30T17:22:01.247495,19223,83704,121209013,3749997,3309,28669354,28669354,29606968883915,429906,171128,608744791,336329,3309,65,638956,1640,597912,15938
2025-07-30T17:22:06.371595,18015,82054,121209023,3844745,3029,28673527,28673528,29610735759170,436055,171154,608744892,336402,3029,64,637627,1665,598051,15687
2025-07-30T17:22:11.502632,17448,80915,121209033,3794419,3294,28678044,28678044,29614496383236,433422,171180,608744989,336467,3294,65,634834,1536,598069,16397
2025-07-30T17:22:16.644770,17000,81118,121209042,3960502,3208,28682818,28682818,29618200452621,437111,171206,608745071,336531,3208,67,617766,1599,598151,15191
2025-07-30T17:22:21.798901,17583,83345,121209050,3889903,3265,28687602,28687602,29622004129953,443639,171231,608745165,336595,3265,66,641258,1671,598209,15927
2025-07-30T17:22:26.924880,20495,78632,121209064,3783544,3331,28692376,28692376,29625842373931,432002,171257,608745276,336662,3331,63,648240,1484,598255,16421
2025-07-30T17:22:32.058971,17255,81148,121209073,3824040,3389,28697145,28697145,29629643141550,434095,171284,608745368,336725,3389,64,640555,1494,598302,15906
2025-07-30T17:22:37.192165,16691,79321,121209099,4084759,3108,28701919,28701919,29633493740018,428395,171309,608745564,336784,3108,66,769551,1543,598344,15953
2025-07-30T17:22:42.320712,18349,84090,121209262,5076499,3339,28706776,28706776,29638387238249,436038,171379,608746896,337501,3339,66,640255,1617,598578,15581
2025-07-30T17:22:47.437231,16910,82447,121209270,3860938,3013,28711549,28711549,29642178207024,438126,171404,608746956,337548,3013,66,630931,1647,599033,16226
2025-07-30T17:22:52.582552,20370,78891,121209280,3884605,3532,28716324,28716324,29646028698014,438763,171430,608747029,337597,3532,69,628760,1676,599053,15871
2025-07-30T17:22:57.752024,17585,87549,121209290,3878397,3260,28721084,28721084,29649810423212,434853,171456,608747090,337644,3260,65,628880,1539,599073,15765
2025-07-30T17:23:02.902053,18595,80392,121209298,4040648,3191,28725849,28725849,29653603620548,435480,171482,608747159,337691,3191,68,640747,1604,599165,16071
2025-07-30T17:23:08.013951,18088,80027,121209308,4062749,3203,28730525,28730525,29657350055357,439014,171507,608747224,337739,3203,66,631386,1557,599187,15358
2025-07-30T17:23:13.140114,19432,83914,121210332,3759827,3566,28734885,28734885,29661595222519,433861,171579,608751509,337878,3566,68,623996,1715,600318,16576
2025-07-30T17:23:18.260325,17366,87366,121210360,4230083,3376,28739267,28739267,29665444475829,429504,171605,608751709,338030,3376,69,628587,1667,600344,15723
2025-07-30T17:23:23.566548,17126,80812,121210373,3815017,2993,28744064,28744064,29669379217386,435146,171676,608751838,338113,2993,67,627839,1704,600506,15651
2025-07-30T17:23:28.726426,17288,80594,121210382,3890196,3121,28748838,28748838,29673539163069,437457,171701,608751932,338187,3121,62,630064,1605,600609,15300
2025-07-30T17:23:33.859029,18558,86309,121210401,3851686,3092,28753634,28753634,29677452852023,439437,171765,608752106,338316,3092,62,644676,1646,601009,15820
2025-07-30T17:23:38.982960,17436,78411,121210417,3792167,3527,28758414,28758414,29681419831858,437147,171791,608752250,338406,3527,65,624013,1792,601217,15448
2025-07-30T17:23:44.144393,17952,81420,121210434,3710395,3093,28763189,28763189,29685183503677,435737,171817,608752399,338526,3093,69,624406,1564,601237,15268
2025-07-30T17:23:49.270121,18016,85322,121210449,3760049,3414,28767974,28767974,29689036009162,432042,171842,608752552,338622,3414,66,630320,1630,601275,16152
2025-07-30T17:23:54.403406,17580,80861,121210459,3862269,3152,28772762,28772762,29692768737846,435857,171868,608752651,338694,3152,66,644988,1452,601430,16541
2025-07-30T17:23:59.547419,18022,77240,121210473,3770798,3331,28777542,28777542,29696567186422,433793,171894,608752797,338794,3331,68,646906,1787,601510,15537
2025-07-30T17:24:04.694316,20456,79245,121210483,3756180,3543,28782346,28782346,29700354862451,436986,171919,608752901,338864,3543,67,629158,1745,601596,15746
2025-07-30T17:24:09.854200,17944,84297,121210493,3801415,3478,28787133,28787133,29704232450962,434865,171945,608752992,338936,3478,78,634042,1682,601677,14824
2025-07-30T17:24:14.983098,17899,80866,121210513,3733654,3280,28795995,28795995,29711760608323,430930,171997,608753178,339065,3280,65,628113,1451,601783,15416
2025-07-30T17:24:20.145443,17659,91808,121210521,3829260,3230,28800413,28800413,29715430739449,432661,172023,608753259,339128,3230,61,634733,1593,601860,15354
2025-07-30T17:24:25.314278,17442,86060,121210532,3788253,3279,28805172,28805172,29719227964663,432883,172048,608753366,339194,3279,60,642433,1646,601964,15382
2025-07-30T17:24:30.439425,17770,83692,121210541,3793283,2981,28809946,28809946,29723049917042,443063,172074,608753451,339257,2981,67,639531,1509,602046,14915
2025-07-30T17:24:35.564189,19338,83633,121210553,3903114,3182,28814717,28814717,29726937470161,432618,172100,608753539,339316,3182,68,641317,1566,602068,15575
2025-07-30T17:24:40.722364,17599,82556,121210725,3893573,3054,28819560,28819560,29732167603019,437913,172168,608754919,340038,3054,70,628708,1721,602583,16244
2025-07-30T17:24:45.905715,18817,74972,121210734,3819521,2982,28824465,28824465,29736066782602,433588,172194,608755017,340087,2982,67,639092,1647,602653,15592
2025-07-30T17:24:51.042724,17235,83106,121210742,3973595,3237,28829247,28829247,29739991717710,435101,172220,608755086,340134,3237,61,629026,1636,602679,15627
2025-07-30T17:24:56.168660,17292,82238,121210753,3768883,3106,28834015,28834015,29743740091694,429657,172246,608755157,340183,3106,73,621876,1633,602699,16065
2025-07-30T17:25:01.309890,18144,75024,121210762,3888315,3510,28838757,28838757,29747392698504,427765,172271,608755221,340230,3510,62,638066,1675,602770,15277
2025-07-30T17:25:06.463284,17840,78101,121210770,3775045,3381,28843533,28843533,29751285829008,433511,172298,608755292,340278,3381,65,648374,1510,602991,15118
2025-07-30T17:25:11.583543,20326,83325,121211795,3900672,3516,28848526,28848528,29755700697750,438705,172369,608759602,340418,3516,64,638592,1814,603683,15902
2025-07-30T17:25:16.709147,18180,93121,121211823,3878778,3931,28853073,28853073,29759541356647,424655,172395,608759794,340569,3931,68,637574,1597,603703,15877
2025-07-30T17:25:21.838916,17843,79389,121211836,4365339,3495,28856982,28856982,29763218986659,435562,172465,608759926,340654,3495,71,644015,1664,603894,15553
2025-07-30T17:25:26.988509,17125,83289,121211846,3859357,3264,28861756,28861756,29767051405163,434886,172491,608760022,340721,3264,62,627693,1552,603903,16580
2025-07-30T17:25:32.114110,18193,82905,121211863,4173053,3089,28866526,28866526,29770893508956,434729,172517,608760181,340844,3089,72,638477,1563,603921,15967
2025-07-30T17:25:37.252100,18348,90787,121211877,3715896,3486,28871284,28871284,29774670978826,434586,172542,608760314,340934,3486,68,619923,1800,604475,15915
2025-07-30T17:25:42.435967,20431,88145,121211897,3942554,3165,28876067,28876067,29778568728138,440075,172569,608760480,341054,3165,68,631545,1541,604550,16088
2025-07-30T17:25:47.561590,17414,77177,121211910,3860871,3200,28880864,28880864,29782493551390,434383,172595,608760626,341151,3200,58,627955,1501,604571,15757
2025-07-30T17:25:52.682286,17699,79541,121211924,3959389,3098,28885641,28885641,29786199661302,427160,172620,608760750,341227,3098,63,634053,1476,604657,15932
2025-07-30T17:25:57.833754,17496,72040,121211939,3752777,3154,28890415,28890415,29790052552310,440254,172646,608760885,341320,3154,65,644898,1600,604740,15493
2025-07-30T17:26:03.059294,18169,84468,121211947,3763054,3274,28895181,28895181,29793912935324,432709,172672,608760982,341392,3274,64,633724,1620,604826,15711
2025-07-30T17:26:08.200528,17144,86007,121211959,3706315,2932,28899954,28899954,29797782220682,432583,172698,608761083,341465,2932,60,626533,1622,604913,15387
2025-07-30T17:26:13.303799,17355,75707,121211967,3753698,3246,28904795,28904795,29801536322904,438118,172723,608761146,341519,3246,66,632466,1594,604937,15645
2025-07-30T17:26:18.471989,17155,78667,121211978,4444376,3090,28909567,28909567,29805388194710,438914,172749,608761254,341590,3090,68,627769,1766,605083,15666
2025-07-30T17:26:23.645009,17255,81036,121211987,3827540,3241,28913841,28913841,29809129376950,433349,172775,608761336,341654,3241,64,628833,1604,605101,15866
2025-07-30T17:26:28.797259,19491,90795,121211996,3874728,3555,28917999,28917999,29812830950264,428027,172801,608761424,341717,3555,65,637660,1872,605118,15585
2025-07-30T17:26:33.920462,18648,79952,121212006,3806476,4623,28922745,28922745,29816629168744,438865,172826,608761521,341782,4623,63,654484,1582,605136,15722
2025-07-30T17:26:39.046161,17733,86530,121212015,3822931,3023,28927525,28927525,29820386945788,435883,172852,608761601,341850,3023,66,637811,1630,605154,16076
2025-07-30T17:26:44.206496,17804,84288,121212191,4006270,3218,28932384,28932386,29825396169090,435687,172922,608763032,342564,3218,67,684769,1570,605717,15187
2025-07-30T17:26:49.389231,19366,86494,121212202,3700380,3631,28937173,28937173,29829190486142,427081,172947,608763121,342611,3631,66,651190,1705,605781,15561
2025-07-30T17:26:54.549924,17793,88628,121212210,3742205,3209,28941949,28941949,29833070634308,435730,172973,608763172,342657,3209,68,632876,1621,605801,16064
2025-07-30T17:26:59.686826,19296,80145,121212221,3765943,3182,28946725,28946725,29836859407714,430396,172999,608763253,342707,3182,64,632095,1610,605819,15527
2025-07-30T17:27:04.834755,18557,80664,121212233,4564791,2816,28951482,28951482,29840532341381,432976,173025,608763328,342755,2816,79,644230,1660,605873,15327
2025-07-30T17:27:09.970234,17179,81088,121213265,3857828,3304,28961237,28961237,29848794904322,429418,173122,608767680,342943,3304,69,630018,1637,607120,15536
2025-07-30T17:27:15.089083,18132,85004,121213274,3970883,3532,28966021,28966021,29852509191445,438982,173148,608767740,342990,3532,67,654558,1786,607129,16099
2025-07-30T17:27:20.242899,17973,75273,121213302,3705866,3296,28970834,28970834,29856297602771,439972,173174,608767934,343142,3296,69,644573,1531,607157,15881
2025-07-30T17:27:25.416160,18139,82257,121213316,3661912,4282,28975209,28975209,29860121255970,432826,173245,608768066,343227,4282,69,630330,1680,607359,15182
2025-07-30T17:27:30.556325,17744,78943,121213325,3952937,3377,28979272,28979272,29863806112852,436520,173270,608768163,343295,3377,63,633750,1602,607403,15912
2025-07-30T17:27:35.681420,18843,82664,121213342,3748219,3571,28984040,28984040,29867633028889,437127,173296,608768329,343417,3571,66,633706,1573,607431,15725
2025-07-30T17:27:40.821378,17958,80248,121213357,3795854,3149,28988796,28988796,29871408069919,434489,173322,608768462,343506,3149,68,628341,1617,607459,15387
2025-07-30T17:27:45.974820,19678,76016,121213374,3979734,2990,28993594,28993594,29875405923145,433334,173347,608768626,343626,2990,69,627752,1527,607779,17512
2025-07-30T17:27:51.106632,17824,75865,121213389,4015317,3644,28998387,28998387,29879287794182,450473,173373,608768781,343723,3644,73,624048,1510,607819,15408
2025-07-30T17:27:56.233520,19462,84363,121213400,3683617,3492,29003159,29003159,29883069669685,431454,173399,608768885,343797,3492,72,634278,1626,607843,15901
2025-07-30T17:28:01.361114,17783,84000,121213413,3886304,3260,29007931,29007931,29886896669982,445770,173425,608769016,343892,3260,63,636832,1701,607885,15224
2025-07-30T17:28:06.499263,17459,83500,121213423,3683700,3104,29012707,29012707,29890702263146,440393,173451,608769123,343962,3104,66,637272,1615,607926,15565
2025-07-30T17:28:11.706413,17629,88878,121213436,3879368,3090,29017537,29017537,29894454101159,437334,173476,608769234,344035,3090,65,626123,1421,607952,15636
2025-07-30T17:28:16.850746,23441,85077,121213444,3924726,3038,29022310,29022310,29898443993989,434413,173502,608769317,344099,3038,66,632539,1417,608072,15699
2025-07-30T17:28:21.977199,17953,86525,121213454,3679054,2909,29027080,29027080,29902280256212,432312,173528,608769412,344165,2909,64,639143,1578,608172,15820
2025-07-30T17:28:27.098235,17969,81742,121213464,3890668,3273,29031828,29031828,29905927833857,432832,173553,608769498,344229,3273,67,635293,1596,608262,16050
2025-07-30T17:28:32.264958,17931,83652,121213472,3741055,3258,29036487,29036487,29909730616587,433174,173580,608769590,344294,3258,66,643233,1563,608300,16231
2025-07-30T17:28:37.489097,17607,75900,121213483,4040692,3226,29040532,29040532,29913520087799,433186,173606,608769682,344358,3226,63,636353,1551,608355,16080
2025-07-30T17:28:42.602609,19307,97455,121213656,3826555,3118,29045123,29045123,29918487737407,444982,173675,608771116,345079,3118,66,650886,1643,608623,15832
2025-07-30T17:28:47.720495,20300,78935,121213668,4047826,3695,29049911,29049911,29922213647928,450431,173701,608771205,345128,3695,77,626965,1683,608662,16023
2025-07-30T17:28:52.866383,17435,81708,121213677,3838825,3280,29054670,29054670,29925998400159,435846,173727,608771264,345174,3280,62,626183,1500,608708,15581
2025-07-30T17:28:58.014115,22617,111576,121213686,3867315,3263,29059432,29059432,29929787995667,455950,173752,608771339,345226,3263,72,646868,1503,608767,16023
2025-07-30T17:29:03.131084,17995,81773,121213696,4017460,5156,29064214,29064214,29933589321635,424948,173778,608771408,345274,5156,70,634874,1684,608813,15761
2025-07-30T17:29:08.281973,20655,82569,121213705,3983910,3193,29068961,29068961,29937257121971,442379,173803,608771465,345321,3193,63,635470,1685,608868,16900
2025-07-30T17:29:13.424856,17357,86504,121213724,3883472,3288,29073941,29073941,29941588692971,429104,173875,608771681,345442,3288,65,631467,1560,610130,15782
2025-07-30T17:29:18.563156,17236,80066,121213737,4029063,3348,29078697,29078697,29945467323627,428848,173901,608771766,345491,3348,67,629908,1554,610407,16133
2025-07-30T17:29:23.701510,17675,83505,121213747,3901991,2983,29083459,29083459,29949092346625,434898,173927,608771820,345538,2983,67,636588,1505,610455,15485
2025-07-30T17:29:28.851360,17869,79489,121213756,3751893,3123,29088223,29088223,29952921909260,433459,173953,608771884,345586,3123,66,625477,1635,610503,15131
2025-07-30T17:29:33.977744,18295,83171,121213767,4104849,3434,29092981,29092981,29956747863209,434007,173979,608771963,345634,3434,70,637851,1599,610621,15947
2025-07-30T17:29:39.095960,16919,83493,121213775,3792210,3217,29097734,29097734,29960407462767,434051,174004,608772016,345680,3217,67,635781,1563,610677,15557
2025-07-30T17:29:44.233864,17057,76891,121213785,3993933,3618,29102019,29102019,29964331905293,428016,174031,608772087,345729,3618,67,633601,1702,610785,15332
2025-07-30T17:29:49.430523,17728,77040,121213794,4083842,3088,29106174,29106174,29968045394108,436060,174056,608772155,345776,3088,62,631950,1567,610865,15821
2025-07-30T17:29:54.531008,17099,84321,121213802,3715478,3099,29110934,29110934,29971876143325,427850,174082,608772215,345824,3099,64,629292,1565,610947,16149
2025-07-30T17:29:59.656070,20346,78231,121213813,3765493,3728,29115691,29115691,29975595076812,433874,174108,608772302,345871,3728,65,631184,1527,611027,15812
2025-07-30T17:30:04.812360,16977,82001,121213822,3752498,3230,29120423,29120423,29979346194527,428019,174134,608772359,345918,3230,63,634799,1528,611052,16170
2025-07-30T17:30:09.973523,17470,80792,121213845,3772943,3333,29130021,29130021,29987085154469,436598,174228,608772496,346014,3333,67,639120,1521,611259,15745
2025-07-30T17:30:15.097529,18516,86965,121213853,3925324,3991,29134757,29134757,29990722651381,436892,174253,608772551,346061,3991,64,629312,1656,611343,15845
2025-07-30T17:30:20.254434,20250,78508,121213863,4072601,3791,29139499,29139499,29994438466393,436092,174280,608772634,346111,3791,66,642279,1732,611471,16198
2025-07-30T17:30:25.435198,17202,86896,121213876,3802317,3141,29144251,29144251,29998278516251,436589,174305,608772712,346159,3141,67,625490,1676,611507,15913
2025-07-30T17:30:30.590572,16965,80021,121213884,3886443,3063,29148978,29148978,30002159126643,433137,174331,608772762,346206,3063,74,630177,1476,611587,16087
2025-07-30T17:30:35.727593,17206,79269,121213894,3744069,3070,29153725,29153725,30005974279362,436243,174357,608772835,346255,3070,67,628488,1577,611673,15870
2025-07-30T17:30:40.897313,18896,85846,121213905,3734112,3605,29158468,29158468,30010128819509,560367,174383,608772902,346302,3605,66,633215,1729,611754,15218
2025-07-30T17:30:46.034438,17148,76583,121213913,3731605,3167,29163224,29163224,30013912539370,434783,174408,608772987,346350,3167,65,629436,1541,611832,16633
2025-07-30T17:30:51.145265,18228,77446,121213923,3730341,3137,29167385,29167385,30017650421084,425022,174434,608773055,346398,3137,64,641083,1519,611852,15696
2025-07-30T17:30:56.276913,17731,79249,121213933,4013177,3383,29171624,29171624,30021284351766,438530,174460,608773115,346444,3383,65,638723,1566,611936,15536
2025-07-30T17:31:01.420068,18639,78447,121213941,3793224,3199,29176358,29176358,30025067492292,430832,174486,608773188,346491,3199,64,642602,1615,612050,16171
2025-07-30T17:31:06.537751,19784,77761,121213953,3709627,3485,29181117,29181117,30028936554753,435432,174512,608773266,346539,3485,65,635085,1590,612102,16560
2025-07-30T17:31:11.659058,18746,79517,121213963,3767488,3041,29185942,29185942,30032776050049,444034,174538,608773339,346586,3041,64,651198,1591,612121,15573
2025-07-30T17:31:16.814864,17804,88396,121213973,3741587,3179,29190680,29190680,30036568787585,436494,174563,608773412,346635,3179,67,630859,1517,612244,15344
2025-07-30T17:31:21.955773,17880,79165,121213982,3903070,3299,29195444,29195444,30040426554742,426983,174590,608773476,346682,3299,67,632820,1580,612286,15492
2025-07-30T17:31:27.088810,17842,77154,121213991,3745607,3137,29200192,29200192,30044071212473,439791,174615,608773538,346730,3137,61,631062,1521,612381,15807
2025-07-30T17:31:32.241120,18822,92888,121214002,3871537,3401,29204921,29204921,30047823386282,432131,174640,608773609,346779,3401,61,626396,1610,612413,15471
2025-07-30T17:31:37.373530,17137,79533,121214014,3888673,3011,29209684,29209684,30051655428914,436628,174666,608773676,346826,3011,70,640961,1606,612511,16369
2025-07-30T17:31:42.477959,18240,84035,121214022,3755005,3128,29214427,29214427,30055374794486,435334,174692,608773732,346874,3128,64,633072,1646,612541,16113
2025-07-30T17:31:47.627980,21875,84026,121214032,3896119,2824,29219216,29219216,30059228711969,432514,174718,608773810,346922,2824,67,630010,1557,612597,15535
2025-07-30T17:31:52.799811,19167,84760,121214041,3849563,3258,29223986,29223986,30062988064451,435675,174744,608773866,346969,3258,63,634583,1662,612651,16076
2025-07-30T17:31:57.931147,17767,79101,121214050,3899106,3196,29228595,29228595,30066757530418,437352,174769,608773930,347017,3196,68,638017,1647,612689,15796
2025-07-30T17:32:03.070859,17821,79018,121214061,3836707,3135,29232990,29232990,30070417425887,428555,174795,608774006,347065,3135,64,638705,1594,612729,15731
2025-07-30T17:32:08.212289,16986,75458,121214069,4104446,3142,29237127,29237127,30074233920066,431343,174821,608774063,347112,3142,67,629904,1554,612834,15266
2025-07-30T17:32:13.334317,17662,85597,121214079,3973378,3253,29241963,29241963,30078015070087,434724,174847,608774135,347161,3253,66,633779,1487,612868,16150
2025-07-30T17:32:18.483706,19867,78372,121214088,3822486,3887,29246717,29246717,30081722258339,431249,174873,608774193,347207,3887,68,634312,1700,612886,15938
2025-07-30T17:32:23.625772,17038,78854,121214096,3827348,3302,29251476,29251476,30085482399471,431620,174898,608774264,347254,3302,63,628556,1545,612906,15395
2025-07-30T17:32:28.760556,18311,82625,121214106,3820465,2932,29256227,29256227,30089253100146,439624,174924,608774348,347302,2932,61,661957,1611,612926,15373
2025-07-30T17:32:33.890661,17895,78406,121214116,5105147,4234,29260975,29260975,30092932244796,432559,174949,608774406,347349,4234,67,629991,1676,612946,15624
2025-07-30T17:32:39.046274,19894,81300,121214124,3858821,4239,29265729,29265729,30096747189167,436351,174975,608774467,347397,4239,63,633131,1609,613060,15654
2025-07-30T17:32:44.188392,18506,86011,121214137,3795730,3042,29270481,29270481,30100503431631,432466,175001,608774551,347447,3042,63,636060,1713,613080,16204
2025-07-30T17:32:49.315905,17345,82034,121214146,4024979,3195,29275250,29275250,30104310536108,426472,175026,608774628,347494,3195,66,627912,1531,613118,15231
2025-07-30T17:32:54.447957,17867,81313,121214155,3911589,3065,29280028,29280028,30108015331280,433757,175052,608774691,347542,3065,68,644179,1641,613207,15296
2025-07-30T17:32:59.590538,17672,82968,121214167,3862841,3266,29284784,29284784,30111821106330,431499,175078,608774761,347590,3266,66,633241,1644,613285,17140
2025-07-30T17:33:04.740164,20323,84318,121214176,3705246,3713,29289546,29289546,30115728847475,430453,175104,608774816,347637,3713,76,628073,1713,613372,15879
2025-07-30T17:33:09.872526,17520,80509,121214186,3892426,3091,29293940,29293940,30119443140217,431879,175129,608774896,347686,3091,64,634844,1514,613452,15520
2025-07-30T17:33:15.011069,17774,75600,121214203,3743892,3338,29302789,29302789,30127068011674,439113,175181,608775011,347781,3338,65,641171,1543,613561,16063
2025-07-30T17:33:20.157497,17802,81539,121214213,4150520,3433,29307545,29307545,30130722667389,429921,175207,608775079,347829,3433,64,634382,1601,613677,15191
2025-07-30T17:33:25.287421,18682,83690,121214222,3937269,3113,29312291,29312291,30134492932676,443196,175232,608775135,347876,3113,64,657792,1690,613761,16260
2025-07-30T17:33:30.407363,19424,83735,121214232,3773613,3738,29317058,29317058,30138306474849,441102,175258,608775203,347924,3738,67,628903,1817,613842,15899
2025-07-30T17:33:35.543401,17504,85018,121214243,3881442,3313,29321811,29321811,30141980339923,435270,175284,608775275,347972,3313,72,635351,1546,613860,15985
2025-07-30T17:33:40.699873,17566,76665,121214251,3717169,3378,29326564,29326564,30145773694738,442960,175309,608775328,348019,3378,66,634469,1805,613982,15236
2025-07-30T17:33:45.836805,19588,79053,121214261,3759092,3600,29331358,29331358,30149645577464,432063,175336,608775411,348069,3600,69,635581,1628,614077,15648
2025-07-30T17:33:50.963771,18043,84921,121214273,3805413,3377,29336145,29336145,30153476401228,439154,175361,608775483,348116,3377,63,623387,1585,614159,15734
2025-07-30T17:33:56.109258,16822,76800,121214281,3928268,3310,29340928,29340928,30157231026106,435387,175388,608775547,348168,3310,67,629032,1668,614223,15702
2025-07-30T17:34:01.292231,17271,82672,121214292,3940366,2970,29345727,29345727,30161023300677,426960,175413,608775621,348217,2970,63,630523,1531,614267,15794
2025-07-30T17:34:06.436796,17609,89429,121214301,3690316,3143,29350485,29350487,30164906881982,444486,175439,608775683,348264,3143,64,630516,1478,614316,15754
2025-07-30T17:34:11.555137,19239,84585,121214311,3745248,3289,29355342,29355342,30168621068100,429673,175465,608775751,348312,3289,68,631877,1582,614336,15990
2025-07-30T17:34:16.697774,17240,80797,121214323,3798239,3096,29359301,29359301,30172172010180,428954,175490,608775829,348360,3096,67,636706,1542,614368,15490
2025-07-30T17:34:21.905959,17448,80504,121214333,3748249,3233,29363738,29363738,30175952821295,428083,175516,608775894,348407,3233,70,635306,1488,614490,15658
2025-07-30T17:34:27.032573,17791,81997,121214342,3944392,3122,29368505,29368505,30179840228793,430475,175542,608775965,348454,3122,65,646310,1609,614508,16054
2025-07-30T17:34:32.163611,17315,77841,121214354,3771240,3265,29373257,29373257,30183536626651,431351,175568,608776032,348502,3265,67,641491,1461,614596,15528
2025-07-30T17:34:37.273295,21198,82289,121214362,3808153,5010,29378016,29378016,30187292944864,439434,175593,608776084,348549,5010,72,627902,1801,614676,15111
2025-07-30T17:34:42.438385,16530,76859,121214373,3830058,3349,29382776,29382776,30191197697927,444694,175619,608776164,348598,3349,67,635554,1599,614758,16007
2025-07-30T17:34:47.600202,17761,79516,121214382,3751224,3094,29387663,29387663,30194987147731,433323,175644,608776249,348647,3094,62,642568,1797,614790,15739
2025-07-30T17:34:52.724420,17871,82489,121214390,3899506,3146,29392449,29392449,30198808943071,438328,175670,608776322,348695,3146,66,626439,1547,614879,15811
2025-07-30T17:34:57.879322,19538,78584,121214401,3766415,3067,29397215,29397215,30202505035504,436006,175696,608776400,348743,3067,67,620816,1785,614946,15325
2025-07-30T17:35:03.021069,18116,83000,121214415,3784372,3191,29401999,29401999,30206309257529,435152,175760,608776472,348791,3191,65,651521,1597,615069,15633
2025-07-30T17:35:08.153502,17808,83797,121214423,3939517,5024,29406758,29406758,30210150052962,430324,175785,608776526,348839,5024,67,645252,1647,615244,15515
2025-07-30T17:35:13.293631,18035,84089,121214434,3948660,3286,29411598,29411598,30213910880735,434721,175811,608776604,348888,3286,63,632972,1610,615288,15707
2025-07-30T17:35:18.456643,17692,75964,121214443,3840435,3030,29416219,29416219,30217733393725,426919,175836,608776661,348935,3030,67,635161,1468,615336,16219
2025-07-30T17:35:23.588296,19788,84820,121214451,3764228,3255,29420187,29420187,30221372018083,432329,175862,608776722,348982,3255,68,625859,1748,615381,15404
2025-07-30T17:35:28.732424,17335,78655,121214463,3835078,4566,29424791,29424791,30224992457095,436806,175887,608776798,349030,4566,65,632842,1541,615421,15661
2025-07-30T17:35:33.928349,17592,78104,121214472,3979836,3573,29429546,29429546,30228726051695,441527,175912,608776856,349077,3573,64,637449,1657,615463,15807
2025-07-30T17:35:39.062950,18085,78536,121214483,3730874,3702,29434323,29434323,30232654870642,433466,175938,608776928,349126,3702,63,641147,1837,615609,15680
2025-07-30T17:35:44.189578,21586,83873,121214493,3868266,3746,29439088,29439088,30236443451090,428525,175964,608776987,349173,3746,70,643257,1714,615650,15774
2025-07-30T17:35:49.308079,18574,82661,121214501,3960181,3187,29443885,29443885,30240176637932,435405,175990,608777059,349221,3187,66,646194,1540,615754,15611
2025-07-30T17:35:54.469174,18031,85221,121214511,3776349,3150,29448674,29448674,30243942320991,433993,176016,608777138,349269,3150,71,642916,1669,615834,15930
2025-07-30T17:35:59.590851,17415,90627,121214522,3926768,2981,29453449,29453449,30247704535137,440847,176041,608777207,349316,2981,66,642542,1527,615924,16244
2025-07-30T17:36:04.710899,18930,78107,121214531,3881461,3200,29458224,29458224,30251430848393,439763,176067,608777271,349363,3200,66,634327,1586,616012,16550
2025-07-30T17:36:09.830070,18104,94775,121214544,3816501,3199,29462981,29462981,30255287976153,427279,176093,608777354,349412,3199,65,637381,1625,616044,15295
2025-07-30T17:36:14.985667,17619,78016,121214563,3919406,3274,29472599,29472599,30262896034079,439867,176144,608777507,349509,3274,66,624906,1564,616124,16227
2025-07-30T17:36:20.114613,17834,79901,121214574,3788369,3321,29477048,29477048,30266547758195,426950,176170,608777574,349557,3321,68,629209,1571,616236,15534
2025-07-30T17:36:25.264703,17354,79389,121214583,3845444,3244,29481070,29481070,30270031831680,429898,176195,608777628,349604,3244,64,637618,1515,616280,15502
2025-07-30T17:36:30.429082,20026,79916,121214594,3852446,3591,29485762,29485762,30273878929747,426089,176221,608777704,349652,3591,64,632118,1572,616368,15515
2025-07-30T17:36:35.584336,17954,89200,121214603,3769315,3783,29490518,29490518,30277754895981,448589,176247,608777759,349699,3783,68,637130,1534,616464,15870
2025-07-30T17:36:40.742499,18288,76764,121214616,3901048,3263,29495300,29495300,30281930672912,433622,176273,608777832,349747,3263,66,636722,1561,616560,15236
2025-07-30T17:36:45.869630,16690,77664,121214626,3865394,6624,29500091,29500091,30285713038608,434701,176299,608777911,349794,6624,73,631719,1788,616588,15572
2025-07-30T17:36:50.993308,19240,84768,121214635,4127693,3522,29504864,29504864,30289483717850,430676,176324,608777967,349840,3522,64,630428,1677,616682,16417
2025-07-30T17:36:56.126532,18002,82774,121214644,3826446,3167,29509635,29509635,30293170768678,433369,176350,608778037,349888,3167,63,633188,1559,616764,16026
2025-07-30T17:37:01.284169,18435,81413,121214656,4901844,3164,29514402,29514402,30296995508455,444409,176376,608778110,349935,3164,64,645541,1560,616848,15407
2025-07-30T17:37:06.410453,18046,84936,121214664,3887696,3128,29519155,29519155,30300819564010,437578,176402,608778158,349982,3128,65,632812,1537,616946,15624
2025-07-30T17:37:11.546492,17730,81365,121214675,3855581,3115,29524008,29524008,30304628980521,434369,176427,608778237,350032,3115,66,632019,1524,617000,15743
2025-07-30T17:37:16.703451,16751,83578,121214687,3944342,3404,29528777,29528777,30308453867084,433748,176453,608778322,350079,3404,64,644317,1596,617084,15830
2025-07-30T17:37:21.833451,17843,84831,121214695,3880327,3120,29533570,29533570,30312268727227,436298,176479,608778391,350126,3120,65,637403,1676,617162,15386
2025-07-30T17:37:27.026153,18214,80772,121214706,3816717,3132,29538302,29538302,30315986490768,425698,176505,608778466,350175,3132,66,635602,1697,617225,15753
2025-07-30T17:37:32.175508,17634,78832,121214716,3756015,3029,29542440,29542440,30319821930731,441243,176531,608778524,350221,3029,59,628286,1699,617271,15988
2025-07-30T17:37:37.295915,18823,79673,121214724,3704139,3643,29546753,29546753,30323523608347,433350,176556,608778596,350268,3643,76,636585,1585,617289,16363
2025-07-30T17:37:42.433545,17776,86893,121214736,3731148,4487,29551518,29551518,30327322580298,433620,176582,608778665,350316,4487,65,632156,1760,617319,15673
2025-07-30T17:37:47.565289,17644,79183,121214745,3832706,3118,29556311,29556311,30331021448906,436094,176608,608778729,350362,3118,65,634955,1513,617351,15527
2025-07-30T17:37:52.778171,17967,76537,121214753,3999071,3247,29561074,29561074,30334753428460,562407,176633,608778795,350410,3247,63,647429,1630,617472,15923
2025-07-30T17:37:57.927463,17326,77872,121214765,3836710,3520,29565850,29565850,30338667186211,437081,176659,608778864,350458,3520,68,630529,1547,617500,15711
2025-07-30T17:38:03.052807,18095,84992,121214774,3689714,3258,29570606,29570606,30342397411342,436547,176685,608778923,350505,3258,56,631123,1550,617531,16251
2025-07-30T17:38:08.192793,18173,79709,121214784,3880793,3142,29575377,29575377,30346108860563,437303,176710,608778997,350554,3142,62,632626,1618,617555,15571
2025-07-30T17:38:13.432923,18555,76517,121214794,3901498,3160,29580228,29580228,30349907640037,427444,176736,608779060,350601,3160,64,627187,1458,617579,15481
2025-07-30T17:38:18.577302,16688,79340,121214802,3809260,3202,29584997,29584997,30353883037830,436014,176762,608779117,350649,3202,63,630102,1610,617605,15714
2025-07-30T17:38:23.836304,17218,85710,121214812,3695863,3441,29589764,29589764,30357685578835,431536,176788,608779195,350697,3441,67,624792,1578,617623,15571
2025-07-30T17:38:29.005716,17538,85622,121214825,3856086,3404,29594533,29594533,30361403079820,436270,176814,608779270,350744,3404,75,631761,1635,617733,16431
2025-07-30T17:38:34.151075,16806,86675,121214834,3868842,3335,29599283,29599283,30365252750001,427985,176839,608779335,350790,3335,65,635815,1511,617795,16106
2025-07-30T17:38:39.275142,18934,76984,121214844,3879683,3066,29603875,29603875,30369074190096,440870,176865,608779403,350838,3066,66,632531,1596,617815,16143
2025-07-30T17:38:44.404279,18074,80020,121214854,3894591,3225,29607928,29607928,30372599296050,437361,176891,608779461,350885,3225,65,633403,1616,617835,16122
2025-07-30T17:38:49.538456,19269,77544,121214862,3795482,3545,29612482,29612482,30376351258603,435971,176917,608779537,350932,3545,63,632978,1666,617872,15657
2025-07-30T17:38:54.659328,17643,84705,121214873,3743574,3759,29617240,29617240,30380184137513,434297,176942,608779606,350980,3759,65,626354,1624,617892,17330
2025-07-30T17:38:59.790216,17114,79160,121214882,3910527,3338,29622009,29622009,30383922811212,442030,176968,608779674,351032,3338,65,633677,1685,617910,15649
2025-07-30T17:39:04.942241,17095,81902,121214893,4045730,3177,29626796,29626796,30387675006938,429059,176994,608779748,351081,3177,65,629561,1641,618022,16009
2025-07-30T17:39:10.088181,18097,81440,121214911,3799119,3694,29636382,29636382,30395388374680,434716,177045,608779877,351176,3694,64,626798,1773,618161,15845
2025-07-30T17:39:15.213633,16281,82657,121214923,3724455,3085,29641146,29641146,30399159617859,432692,177071,608779956,351224,3085,64,624046,1556,618244,15991
2025-07-30T17:39:20.358789,17322,78157,121214932,3768064,3108,29645901,29645901,30402908775730,427715,177097,608780016,351270,3108,69,629415,1637,618338,15148
2025-07-30T17:39:25.501134,18090,80060,121214941,3727537,3944,29650655,29650655,30406638358279,434927,177123,608780082,351319,3944,65,631617,1550,618448,15634
2025-07-30T17:39:30.627916,18007,93785,121214955,3846415,3192,29655400,29655400,30410452858727,433112,177148,608780168,351369,3192,63,628588,1514,618544,15733
2025-07-30T17:39:35.783804,18976,85505,121214964,3889532,3540,29661224,29661224,30414621443349,427843,177177,608780222,351418,3540,67,624882,1733,618569,16130
2025-07-30T17:39:40.919111,17102,84369,121214973,3727981,3248,29664915,29664915,30420619486152,439769,177200,608780292,351464,3248,71,650625,1634,618661,15795
2025-07-30T17:39:46.047380,17358,78493,121214984,3856373,3397,29669126,29669126,30424340737691,436058,177226,608780380,351512,3397,70,632076,1574,618679,15495
2025-07-30T17:39:51.176288,18202,80758,121214993,3826999,3203,29673352,29673352,30427974771568,433727,177252,608780434,351559,3203,60,636468,1522,618777,15394
2025-07-30T17:39:56.299496,19354,77163,121215005,3817296,3562,29678113,29678113,30431692643910,435574,177277,608780509,351608,3562,66,646768,1515,618870,16130
2025-07-30T17:40:01.425937,17200,83593,121215015,3766289,3267,29682857,29682857,30435501911463,427849,177303,608780570,351654,3267,66,637793,1576,618992,15855
2025-07-30T17:40:06.550258,18022,76684,121215023,3835885,3041,29687616,29687616,30439258533796,436775,177329,608780633,351702,3041,68,629058,1444,619107,15616
2025-07-30T17:40:11.689513,16960,77581,121215034,3845710,3825,29692448,29692448,30443073271966,431331,177355,608780705,351750,3825,65,632259,1687,619133,15684
2025-07-30T17:40:16.832964,18251,77804,121215043,3890537,3204,29697204,29697204,30446932191803,433977,177381,608780763,351797,3204,68,633000,1602,619225,15018
2025-07-30T17:40:21.946859,17046,92779,121215051,3737523,3167,29701947,29701947,30450679603374,442248,177406,608780830,351845,3167,69,636835,1688,619313,17300
2025-07-30T17:40:27.089448,18554,83662,121215063,4030737,3273,29706702,29706702,30454340489061,432822,177432,608780913,351893,3273,65,634031,1614,619407,15803
2025-07-30T17:40:32.237104,18283,81612,121215072,3770521,5097,29711448,29711448,30458142180868,437450,177458,608780966,351940,5097,62,639861,1613,619525,15852
2025-07-30T17:40:37.365051,18090,83534,121215082,4255400,3272,29716203,29716203,30461969745782,442276,177483,608781041,351989,3272,63,631754,1501,619551,16858
2025-07-30T17:40:42.502074,17159,78480,121215094,3688011,3216,29720956,29720956,30465655872565,441701,177509,608781112,352037,3216,64,623184,1567,619645,15489
2025-07-30T17:40:47.650197,20073,87603,121215104,4320043,3531,29725727,29725727,30469550033574,431550,177535,608781177,352084,3531,65,626074,1729,619735,15602
2025-07-30T17:40:52.758100,18066,79924,121215114,3746403,3218,29730374,29730374,30473335891505,435026,177560,608781258,352133,3218,63,639428,1469,619827,15491
2025-07-30T17:40:57.880921,18045,78808,121215124,3731941,3118,29734523,29734523,30476914670290,443897,177586,608781321,352180,3118,61,632902,1511,619917,15500
2025-07-30T17:41:03.019786,17820,77064,121215133,4016088,2975,29738902,29738902,30480693139625,429499,177612,608781382,352227,2975,67,630390,1509,620016,15411
2025-07-30T17:41:08.195848,18957,87553,121215143,4126424,3488,29743643,29743643,30484449318342,434848,177637,608781448,352275,3488,66,638500,1731,620110,15978
2025-07-30T17:41:13.318226,17542,80758,121215153,3838940,3143,29748482,29748482,30488328597861,441554,177663,608781509,352322,3143,67,625908,1383,620128,15453
2025-07-30T17:41:18.436204,16716,82798,121215161,3718368,3070,29753241,29753241,30492080649467,433729,177689,608781574,352370,3070,66,632799,1600,620210,15861
2025-07-30T17:41:23.595031,18329,81364,121215172,3903125,3037,29757994,29757994,30495894653813,554953,177715,608781656,352418,3037,64,648375,1653,620305,16081
2025-07-30T17:41:28.748831,17723,89750,121215181,3724203,4209,29762742,29762742,30499671069543,437415,177740,608781716,352465,4209,66,643341,1784,620393,15692
2025-07-30T17:41:33.877838,17567,83176,121215192,3734182,3157,29767520,29767520,30503492333952,430429,177767,608781806,352514,3157,63,629573,1539,620509,15645
2025-07-30T17:41:39.015827,17367,83145,121215201,3714547,3188,29772269,29772269,30507198321159,436462,177792,608781868,352560,3188,68,628234,1562,620527,16027
2025-07-30T17:41:44.174270,17771,79329,121215210,3743934,3053,29777023,29777023,30510999897473,437982,177818,608781940,352607,3053,69,637161,1455,620547,15520
2025-07-30T17:41:49.332617,17843,85652,121215220,3837861,3417,29781801,29781801,30514784297405,429180,177844,608782034,352655,3417,71,636216,1946,620568,16324
2025-07-30T17:41:54.466261,18810,77017,121215233,3857526,3644,29786591,29786591,30518568046046,436893,177870,608782104,352703,3644,70,624898,1651,620586,16015
2025-07-30T17:41:59.600726,17806,85228,121215243,4013624,3339,29791331,29791331,30522319526859,424084,177895,608782164,352750,3339,66,636101,1524,620604,16041
2025-07-30T17:42:04.736858,16862,78589,121215254,3834070,3322,29795555,29795555,30525955172924,443703,177920,608782237,352799,3323,66,625868,1577,620717,15966
2025-07-30T17:42:09.887760,18198,88868,121215263,3900902,3131,29799715,29799715,30529649685185,425511,177946,608782293,352845,3131,65,641599,1608,620831,15937
2025-07-30T17:42:15.036546,17499,76797,121215285,3986144,2876,29809307,29809307,30537284225203,439080,177998,608782449,352940,2876,63,624779,1578,620953,15586
2025-07-30T17:42:20.161971,19670,85065,121215293,4007728,3544,29814087,29814087,30541034658569,441205,178024,608782505,352987,3544,63,642356,1641,621055,15261
2025-07-30T17:42:25.300346,18514,78112,121215304,3751804,3099,29818845,29818845,30544749638163,428535,178050,608782592,353035,3099,69,632549,1574,621079,15281
2025-07-30T17:42:30.462873,18039,79049,121215314,3713779,3068,29823581,29823581,30548452178117,439485,178075,608782654,353081,3068,66,631231,1523,621171,15393
2025-07-30T17:42:35.591563,17058,80310,121215322,3877674,2984,29828339,29828339,30552352621311,437925,178101,608782719,353129,2984,60,632942,1522,621269,16255
2025-07-30T17:42:40.744099,17787,84242,121215335,3962460,3598,29833105,29833105,30556568016133,445948,178128,608782792,353176,3598,69,647881,1617,621355,15376
2025-07-30T17:42:45.889787,17765,86969,121215344,3868257,3111,29837871,29837871,30560371760185,439604,178153,608782857,353223,3111,66,637283,1583,621447,15669
2025-07-30T17:42:51.025655,17709,73245,121215352,5474159,3201,29842629,29842629,30564124919471,434538,178179,608782917,353271,3201,65,635771,1617,621551,15338
2025-07-30T17:42:56.159972,17307,78908,121215366,3873107,3016,29847385,29847385,30567866012749,430747,178204,608783002,353321,3016,167,643822,1507,621569,15684
2025-07-30T17:43:01.301155,20436,85198,121215376,3855409,3527,29852121,29852121,30571612008795,432690,178230,608783061,353368,3527,68,638537,1810,621662,16106
2025-07-30T17:43:06.437379,18007,88413,121215384,3830442,4786,29856711,29856712,30575375112919,431449,178255,608783122,353415,4786,70,633074,1727,621748,15590
2025-07-30T17:43:11.568591,17074,79225,121215396,3769826,4531,29861077,29861077,30579023199591,433507,178281,608783198,353463,4531,64,624937,1604,621838,15652
2025-07-30T17:43:16.700039,17159,79816,121215404,3918152,3034,29865356,29865356,30582873924297,429964,178307,608783248,353510,3034,64,627889,1690,621926,16320
2025-07-30T17:43:21.843028,20842,80204,121215414,4299518,3010,29870125,29870125,30586691146138,432605,178333,608783319,353559,3010,169,636230,1557,622016,16060
2025-07-30T17:43:26.967360,17314,84142,121215424,3814051,3093,29874873,29874873,30590478123904,435194,178358,608783383,353606,3093,66,635155,1598,622036,15633
2025-07-30T17:43:32.118111,17907,84805,121215433,3736233,3203,29879635,29879635,30594304284192,429086,178384,608783446,353654,3203,56,629879,1532,622121,15075
2025-07-30T17:43:37.313156,18396,79527,121215443,3995988,3182,29884398,29884398,30598213904436,425495,178411,608783517,353702,3182,72,640551,1597,622139,15760
2025-07-30T17:43:42.448496,17378,78152,121215453,4052288,3106,29889147,29889147,30602003574583,428769,178436,608783574,353749,3106,81,626228,1544,622165,15521
2025-07-30T17:43:47.860776,18692,82777,121215461,3867230,3115,29893922,29893922,30605691283440,442667,178461,608783651,353797,3115,62,652332,1686,622202,15579
2025-07-30T17:43:54.705430,17627,83243,121215472,3734310,3203,29898702,29898702,30609837244469,433331,178487,608783723,353845,3203,66,631774,1418,622343,15952
2025-07-30T17:43:59.884748,17640,79548,121215481,3783092,3297,29903478,29903478,30613510582724,430805,178513,608783790,353897,3297,64,643103,1563,622392,15950
2025-07-30T17:44:05.027499,17294,79841,121215504,3877918,4086,29913052,29913052,30621052453187,428835,178565,608783946,353995,4086,69,635810,1638,622506,15486
2025-07-30T17:44:10.139734,17875,77825,121215513,3857952,3162,29917875,29917876,30624811955586,433176,178590,608784001,354042,3162,66,636684,1529,622524,15657
2025-07-30T17:44:15.308851,19637,85413,121215521,3717878,3507,29922241,29922241,30628488686365,424824,178616,608784069,354090,3507,66,636690,1693,622552,15932
2025-07-30T17:44:20.503175,16316,83494,121215532,3944158,2950,29926290,29926290,30632104206932,434912,178642,608784134,354138,2950,69,620746,1653,622570,15101
2025-07-30T17:44:25.635828,17780,83360,121215540,3832040,3218,29931056,29931056,30635986230624,428500,178667,608784188,354184,3218,83,625899,1478,622674,17218
2025-07-30T17:44:30.776000,18259,80676,121215550,3977996,3391,29935820,29935820,30639671756251,430560,178693,608784256,354233,3391,64,633676,1526,622706,15282
2025-07-30T17:44:35.891538,18441,84422,121215560,3771525,3148,29940586,29940586,30643512985525,436220,178719,608784318,354280,3148,64,641355,1577,622723,16713
2025-07-30T17:44:41.034031,17531,107412,121215568,3748124,3119,29945358,29945358,30647324503518,430482,178745,608784402,354328,3119,67,627955,1449,622741,15242
2025-07-30T17:44:46.188547,16693,84464,121215581,4221996,3126,29950260,29950260,30651144758468,436244,178771,608784515,354378,3126,70,635332,1571,622783,15992
2025-07-30T17:44:51.336183,18175,81238,121215589,3882293,3224,29955022,29955022,30654909706380,430902,178796,608784570,354425,3224,69,634765,1609,622803,15803
2025-07-30T17:44:56.448507,25346,81813,121215599,4070698,3659,29959803,29959803,30658730705250,431261,178822,608784639,354474,3659,71,633697,1664,622826,15234
2025-07-30T17:45:01.573337,17087,78078,121215608,3871264,3104,29964559,29964559,30662541748270,432156,178848,608784702,354521,3104,63,619609,1565,622940,15668
2025-07-30T17:45:06.707236,18033,83566,121215617,3964158,3292,29969311,29969311,30666266208364,434717,178873,608784759,354568,3292,69,642336,1537,622997,16193
2025-07-30T17:45:11.855814,18119,79075,121215627,3871026,3586,29974157,29974157,30670070788690,434209,178899,608784833,354616,3586,69,631006,1525,623015,15756
2025-07-30T17:45:16.968534,18172,81891,121215639,3895076,2981,29978919,29978919,30673912050533,430014,178925,608784902,354664,2981,66,651867,1609,623120,16084
2025-07-30T17:45:22.116571,20491,84350,121215647,3829453,3303,29983451,29983452,30677603560638,425658,178951,608784954,354711,3303,63,657626,1766,623140,15514
2025-07-30T17:45:27.264592,17435,80302,121215657,3956154,3769,29987610,29987610,30681345716397,431761,178977,608785026,354760,3769,68,629772,1649,623256,15444
2025-07-30T17:45:32.389794,17912,77523,121215666,3832772,3072,29992072,29992072,30685237454627,431739,179002,608785082,354806,3072,66,628302,1636,623274,15998
2025-07-30T17:45:37.530668,17866,82649,121215676,3885321,3055,29996820,29996820,30688920247518,461820,179027,608785149,354854,3055,66,633123,1576,623294,16714
2025-07-30T17:45:42.684529,18555,83885,121215687,3691306,3156,30001575,30001575,30692715552479,435301,179053,608785235,354902,3156,63,637978,1537,623315,15772
2025-07-30T17:45:47.822224,17892,84456,121215695,3717901,3345,30006359,30006359,30696515349451,438448,179079,608785297,354949,3345,70,625961,1818,623337,15397
2025-07-30T17:45:52.977661,18250,83460,121215705,3818811,2892,30011123,30011123,30700207061591,445550,179104,608785371,354998,2892,67,633377,1628,623359,16093
2025-07-30T17:45:58.092954,17127,80063,121215714,4390873,3814,30015881,30015881,30704034713748,428260,179130,608785428,355045,3814,58,625748,1559,623463,15662
2025-07-30T17:46:03.249746,17730,73609,121215722,3867159,3133,30020636,30020636,30707687812703,429845,179156,608785490,355093,3133,63,627185,1495,623577,16306
2025-07-30T17:46:08.384140,19110,119315,121215734,3785588,3593,30025399,30025399,30711629336856,429330,179182,608785562,355141,3593,65,628939,1701,623676,15446
2025-07-30T17:46:13.508534,17715,85599,121215743,3794598,3340,30030249,30030249,30715492002894,435407,179208,608785619,355188,3340,62,628695,1516,623766,15217
2025-07-30T17:46:18.677963,16826,86103,121215752,3757915,3163,30035006,30035006,30719182526221,441237,179233,608785680,355239,3163,67,628845,1597,623788,15728
2025-07-30T17:46:23.828218,21007,79648,121215765,3995296,3206,30039767,30039767,30723066754370,435557,179259,608785762,355290,3206,68,641128,1715,623965,15311
2025-07-30T17:46:28.955907,19524,82007,121215774,3820413,3738,30044532,30044532,30726882083734,435682,179285,608785820,355336,3738,70,639735,1751,623985,16742
2025-07-30T17:46:34.079901,18544,83946,121215782,3827064,3224,30048640,30048640,30730396745564,444824,179311,608785883,355384,3224,62,642489,1619,624079,15972
2025-07-30T17:46:39.219111,17135,78700,121215793,3790186,3474,30052917,30052917,30734202597099,431581,179336,608785951,355432,3474,68,621353,1630,624099,15522
2025-07-30T17:46:44.383416,17725,79524,121215802,4019522,3120,30057682,30057682,30737976994190,436328,179362,608786008,355479,3120,69,625646,1477,624117,16079
2025-07-30T17:46:49.519617,17639,82528,121215810,3903849,3228,30062469,30062469,30741850035537,428136,179388,608786090,355527,3228,66,627013,1575,624140,15931
2025-07-30T17:46:54.698111,19574,78169,121215821,3825246,3538,30067230,30067230,30745782707787,427746,179413,608786164,355575,3538,64,636701,1632,624162,15916
2025-07-30T17:46:59.824087,17214,77637,121215830,3781513,3029,30071992,30071992,30749707076776,438356,179439,608786223,355622,3029,62,642681,1658,624182,15938
2025-07-30T17:47:05.310157,17691,82212,121215850,3772865,3208,30081501,30081501,30757487412895,434102,179491,608786357,355716,3208,63,639322,1543,624356,15659
2025-07-30T17:47:10.460052,17903,80509,121215858,3955241,5556,30086339,30086339,30761578821785,432850,179516,608786438,355764,5556,71,632581,1596,624376,15946
2025-07-30T17:47:15.573844,17142,79493,121215869,3834944,3443,30091091,30091091,30765507335682,431679,179542,608786526,355812,3443,65,629988,1710,624398,16282
2025-07-30T17:47:20.705732,17630,87818,121215877,4047630,3067,30095885,30095885,30769285939709,442916,179568,608786593,355859,3067,65,660127,1544,624418,16371
2025-07-30T17:47:25.850252,17009,78333,121215887,3768716,2832,30100636,30100636,30773043324608,431518,179593,608786665,355909,2832,63,624593,1664,624437,15446
2025-07-30T17:47:30.986864,18531,77353,121215898,3892861,3164,30105403,30105403,30776861419114,429514,179619,608786735,355957,3164,69,649384,1579,624545,15672
2025-07-30T17:47:36.121837,20863,75974,121215908,3739337,3619,30109803,30109803,30780553924088,430068,179646,608786795,356004,3619,65,671633,1608,624563,15252
2025-07-30T17:47:41.244506,18323,85969,121215918,3795582,3200,30113802,30113802,30784315358343,436816,179671,608786870,356052,3200,64,651329,1509,624599,16238
2025-07-30T17:47:46.373832,18867,81229,121215929,3886110,2970,30118586,30118586,30788128400914,442770,179697,608786946,356100,2970,66,662294,1606,624619,15404
2025-07-30T17:47:51.544472,17925,78188,121215937,3942442,3494,30123348,30123348,30791832649317,448265,179722,608787004,356147,3494,63,629155,1789,624637,15610
2025-07-30T17:47:56.703231,17423,78767,121215947,3868741,3212,30128110,30128110,30795619087468,427576,179748,608787075,356196,3212,69,632580,1626,624661,16162
2025-07-30T17:48:01.858337,19910,79481,121215956,3783192,3830,30132866,30132866,30799455396542,430866,179774,608787134,356243,3830,65,642171,1805,624690,15592
2025-07-30T17:48:06.987843,16919,80366,121215966,3831578,3246,30137633,30137633,30803265922242,446047,179800,608787206,356291,3246,67,637534,1587,624801,15407
2025-07-30T17:48:12.128948,17976,82638,121215977,3779317,3197,30142457,30142457,30807026272451,433521,179825,608787274,356338,3197,68,639965,1511,624858,15471
2025-07-30T17:48:17.259274,18536,81277,121215985,4110353,5138,30147219,30147219,30810930461966,431664,179851,608787326,356385,5138,65,634642,1741,624962,15562
2025-07-30T17:48:22.387146,18579,82134,121215996,3780650,3205,30151973,30151973,30814630890403,439839,179877,608787400,356434,3205,67,636893,1549,624982,15765
2025-07-30T17:48:27.527182,19030,95988,121216005,3938336,3575,30156719,30156720,30818409136538,436703,179903,608787461,356481,3575,68,632829,1749,625066,16101
2025-07-30T17:48:32.674635,18396,83961,121216013,4204137,3200,30161484,30161484,30822251209092,437917,179929,608787513,356529,3200,63,646537,1643,625158,15920
2025-07-30T17:48:37.848363,17211,81356,121216024,4007301,3238,30166224,30166224,30825930321809,429182,179954,608787591,356578,3238,64,632597,1582,625245,16883
2025-07-30T17:48:42.994810,18318,82834,121216038,4021898,3088,30170977,30170977,30830257690487,429877,179980,608787662,356626,3088,67,634673,1650,625263,15372
2025-07-30T17:48:48.116593,17614,82361,121216046,3839027,3003,30175238,30175238,30834013795589,434591,180006,608787729,356673,3003,69,640256,1523,625302,15443
2025-07-30T17:48:53.248853,17614,89024,121216056,3838655,3105,30179405,30179405,30837622550978,440524,180031,608787813,356722,3105,66,633745,1502,625319,15545
2025-07-30T17:48:58.464871,18374,76050,121216066,3779352,3181,30184163,30184163,30841440841580,438244,180057,608787889,356774,3181,63,643582,1422,625339,16639
2025-07-30T17:49:03.591845,17332,81358,121216074,3914668,3148,30188949,30188949,30845353480977,427214,180083,608787953,356822,3148,64,627805,1652,625367,15360
2025-07-30T17:49:08.881106,18795,81182,121216086,3814795,3127,30193697,30193697,30849149625633,440045,180109,608788028,356870,3127,64,639918,1562,625474,15972
2025-07-30T17:49:14.309261,20954,98211,121216093,3831469,4321,30198518,30198518,30856181014552,426366,180134,609125079,356910,4321,66,628325,1837,625534,15707
2025-07-30T17:49:19.741221,23772,91012,121216104,8379990,4384,30203236,30203236,30865240508811,429544,180158,609639763,356958,4384,65,1632387,1622,625619,24407
2025-07-30T17:49:24.980773,23163,98062,121216122,3959911,4127,30212577,30212577,30883297287957,438319,180205,610678150,357044,4127,68,1619812,1702,625723,15919
2025-07-30T17:49:30.490632,21754,102107,121216130,3997256,4073,30216254,30216256,30892087456916,1134482,180228,611213377,357082,4073,66,793006,1706,625823,15423
2025-07-30T17:49:35.862941,23184,100319,121216138,8737834,3670,30221003,30221003,30901477291993,427557,180252,611744326,357120,3670,68,1643065,1655,625840,25399
2025-07-30T17:49:41.325338,21236,92446,121216148,8741638,4105,30225736,30225736,30910459926280,432376,180276,612275762,357167,4105,69,623409,1631,625866,15545
2025-07-30T17:49:46.674884,21520,110919,121216161,8734217,3447,30230508,30230508,30919548008221,434765,180300,612800133,357228,3447,62,646807,1822,625968,26464
2025-07-30T17:49:52.063735,25124,89934,121216172,4722373,4186,30235246,30235246,30928746208835,438155,180322,613327992,357275,4186,65,638777,1667,625994,15730
2025-07-30T17:49:58.382768,26113,92348,121216182,9821872,4465,30239525,30239525,30937720747412,435742,180346,613853690,357321,4465,67,1656340,1703,626018,16400
2025-07-30T17:50:03.534765,20904,89086,121216193,4030629,4234,30243585,30243585,30946713444825,436034,180368,614375372,357364,4234,66,641925,1692,626038,25394
2025-07-30T17:50:08.791852,20621,100321,121216203,4006613,3557,30248326,30248326,30954965497454,998434,180392,614830424,357412,3557,76,642098,1632,626061,15810
2025-07-30T17:50:15.139155,24372,88768,121216225,8544265,3832,30257878,30257878,30972954797628,1161841,180439,615870661,357509,3832,68,1644035,1538,626189,15313
2025-07-30T17:50:20.725003,20890,106824,121216232,4004192,3708,30262630,30262630,30981950733282,1193767,180463,616403143,357543,3708,71,630317,1703,626295,15410
2025-07-30T17:50:26.480969,20996,99691,121216241,4043677,3804,30267109,30267109,30990905786258,1125951,180486,616934439,357583,3804,72,639766,1692,626319,16270
2025-07-30T17:50:32.422839,20878,89684,121216251,8920649,4169,30271222,30271223,30999759880569,1204187,180510,617449326,357634,4169,65,638327,1642,626415,29516
2025-07-30T17:50:37.850856,24482,88740,121216259,4010747,4015,30275725,30275725,31008909943341,430226,180534,617979845,357671,4015,140,1590323,1687,626501,25061
2025-07-30T17:50:43.555186,20273,100227,121216273,8462304,4372,30280443,30280443,31018031271766,428313,180556,618518100,357719,4372,65,632526,1585,626603,15740
2025-07-30T17:50:48.927630,23377,100593,121216283,4087351,4248,30285190,30285190,31026876280923,431054,180580,619054049,357759,4248,67,1585893,1697,626625,25211
2025-07-30T17:50:54.360149,21157,88841,121216295,4116615,4223,30289915,30289915,31036136924875,1157280,180601,619587983,357813,4223,65,637372,1718,626715,16481
2025-07-30T17:50:59.804106,20582,91548,121216306,4067632,3980,30294647,30294647,31045323671685,435505,180624,620122619,357860,3980,72,628421,1618,626793,15810
2025-07-30T17:51:04.931090,20803,92263,121216315,4080685,3728,30299367,30299367,31054436973568,455450,180647,620648868,357900,3728,67,633948,1645,626880,23996
2025-07-30T17:51:11.078301,23271,105268,121216334,4942511,3799,30308886,30308886,31071862349860,448390,180693,621638555,357992,3799,64,1565926,1620,626981,15986
2025-07-30T17:51:16.748472,21120,90220,121216342,4061835,4517,30312947,30312948,31080911867765,1177596,180716,622171663,358025,4517,67,632847,1792,627067,16560
2025-07-30T17:51:22.460455,20803,97159,121216352,4269741,3922,30317189,30317189,31089908030639,524347,180739,622700934,358078,3922,64,634752,1681,627207,15402
2025-07-30T17:51:27.888861,22886,98486,121216363,6699015,4392,30321906,30321906,31099227361973,437303,180763,623241870,358128,4392,69,1639157,1629,627287,16505
2025-07-30T17:51:33.512583,20216,90707,121216372,4382200,3935,30326604,30326604,31108217233145,1150241,180786,623768877,358178,3935,68,630322,1673,627305,16355
2025-07-30T17:51:38.798416,24451,100042,121216385,4133326,3900,30331286,30331286,31117356737000,427541,180808,624296446,358222,3900,63,1620720,1727,627391,24570
2025-07-30T17:51:44.458746,20122,99908,121216392,4012555,3762,30336002,30336002,31127021088753,1165846,180832,624834847,358266,3762,67,629536,1694,627471,20906
2025-07-30T17:51:50.159537,21378,89688,121216415,8451789,7576,30345429,30345429,31145305384433,1146721,180877,625892572,358362,7576,77,641112,1850,627614,24563
2025-07-30T17:51:56.104572,24840,88275,121216423,8992259,4259,30350131,30350131,31154155539441,432876,180900,626429288,358399,4259,64,1542109,1679,627694,15130
2025-07-30T17:52:01.579590,23357,99910,121216432,4102718,4003,30354490,30354490,31163114391193,432019,180923,626951583,358440,4003,61,1563026,1706,627772,15914
2025-07-30T17:52:06.727516,23546,96973,121216445,4064426,4009,30358637,30358637,31171980853432,1011311,180946,627443651,358488,4009,60,1692882,1572,627799,16725
2025-07-30T17:52:12.432621,21151,102242,121216455,4045174,4640,30363253,30363253,31180828070595,437819,180970,627949954,358536,4640,65,632628,1864,627917,17100
2025-07-30T17:52:17.925590,23823,98228,121216465,8443264,3650,30367999,30367999,31189861574032,1178370,180995,628484044,358574,3650,63,1654772,1614,628021,25572
2025-07-30T17:52:24.336658,24659,88665,121216474,4161309,3685,30372728,30372728,31199042287801,453618,181018,629020486,358625,3685,70,1678292,1556,628043,15908
2025-07-30T17:52:30.290684,23219,88765,121216493,4059390,3941,30382137,30382137,31217339006956,425515,181063,630082853,358711,3941,68,1619172,1633,628211,15508
2025-07-30T17:52:35.950979,20870,87356,121216502,4198489,3916,30386838,30386838,31226348506422,432555,181085,630600585,358755,3916,67,628180,1766,628287,24856
2025-07-30T17:52:42.162431,20576,89807,121216512,4150838,3995,30391336,30391336,31235506857818,443723,181108,631142540,358805,3995,66,624621,1686,628369,23643
2025-07-30T17:52:48.054652,21130,87715,121216525,4136319,2944,30395570,30395570,31244665571732,436996,181131,631671678,358854,2944,67,692036,1809,628387,16371
2025-07-30T17:52:53.509079,21135,95948,121216534,4530348,4304,30399934,30399934,31253826389962,1151165,181154,632203268,358904,4304,63,636137,1797,628469,16166
2025-07-30T17:52:59.176330,21704,100059,121216546,4003501,3722,30404673,30404673,31263254195689,431603,181178,632741169,358944,3722,66,639815,1700,628585,15586
2025-07-30T17:53:04.287757,23846,100505,121216556,4268784,3861,30409404,30409404,31272042290647,1091958,181203,633261128,358994,3861,68,1611156,1698,628676,16253
2025-07-30T17:53:09.783740,21039,100165,121216568,4063817,4200,30414123,30414123,31280670439436,438020,181226,633740148,359037,4200,63,640697,1653,628749,24596
2025-07-30T17:53:15.718617,20309,98647,121216595,8880318,3742,30423184,30423184,31298962796902,1083868,181272,634771181,359120,3742,68,627303,1680,628849,24915
2025-07-30T17:53:21.642111,23172,90644,121216607,4165490,4054,30427238,30427238,31307796285523,439260,181294,635301622,359172,4054,68,1659659,1667,628918,16116
2025-07-30T17:53:27.050715,22121,98687,121216617,8539561,3979,30431976,30431976,31317361870218,1153240,181318,635842277,359217,3979,69,1482219,1796,628940,37703
2025-07-30T17:53:32.881526,24509,97858,121216625,8638167,3981,30436701,30436701,31326170667650,425907,181341,636364572,359253,3981,66,1611530,1597,629065,24232
2025-07-30T17:53:38.549018,24422,92905,121216632,8740114,4270,30441443,30441443,31335312523995,443190,181365,636899913,359299,4270,57,1643417,1645,629161,15723
2025-07-30T17:53:44.334352,23858,88409,121216644,4262273,4731,30446177,30446177,31344436643670,442880,181388,637431169,359340,4731,69,1635346,1744,629191,25582
2025-07-30T17:53:50.040355,24067,94748,121216665,4001899,4320,30455679,30455679,31362816739219,1119795,181434,638489392,359442,4320,65,1631272,1807,629409,15922
2025-07-30T17:53:55.941999,20530,100567,121216674,8477083,3789,30460372,30460372,31371769955607,437608,181458,639029023,359496,3789,66,630784,1712,629429,16147
2025-07-30T17:54:01.629051,26760,96598,121216681,4003967,3777,30464095,30464095,31380634076104,1156312,181481,639553846,359539,3777,67,1628493,1654,629529,15104
2025-07-30T17:54:06.867233,21423,88968,121216694,4283080,3870,30468841,30468841,31389059725972,606605,181505,640012895,359586,3870,137,637893,1758,629550,15769
2025-07-30T17:54:12.225813,23344,98126,121216706,4079626,3961,30473635,30473635,31398121465293,434541,181528,640541770,359620,3961,68,1590354,1698,629588,15717
2025-07-30T17:54:18.550280,20835,86885,121216717,4028241,3842,30478425,30478425,31407696458108,1167456,181552,641081385,359667,3842,67,634873,1770,629619,23782
2025-07-30T17:54:23.989310,23533,94496,121216730,4062621,3416,30482689,30482689,31417015729163,436476,181575,641617586,359723,3416,62,1597536,1985,629637,16158
2025-07-30T17:54:29.182062,20577,91088,121216744,4325075,3961,30486820,30486820,31426048844542,425665,181599,642138391,359772,3961,69,626477,1824,629660,16163
2025-07-30T17:54:35.067117,24180,89257,121216763,4063081,3781,30496309,30496309,31444192801108,438181,181646,643200258,359862,3781,65,1605304,1690,629866,25461
2025-07-30T17:54:40.795136,21047,99698,121216774,8725165,4853,30501029,30501029,31453550274721,1156689,181669,643734990,359901,4853,67,641203,1722,629954,15698
2025-07-30T17:54:46.279322,23243,99554,121216786,4917116,4450,30505899,30505899,31462946307714,429164,181692,644268505,359955,4450,66,1627955,1647,630045,16112
2025-07-30T17:54:51.952662,21964,91271,121216796,4021882,3819,30510645,30510645,31472019059639,1182957,181715,644802942,360001,3819,68,1384110,1635,630063,15932
2025-07-30T17:54:57.327208,23562,94669,121216802,8427830,3934,30515385,30515385,31481374501391,436821,181739,645340189,360039,3934,65,1662567,1798,630177,26065
2025-07-30T17:55:02.561942,20806,90804,121216813,4245652,3542,30520095,30520095,31490652965744,1093284,181760,645851420,360088,3542,74,637653,1669,630197,16123
2025-07-30T17:55:08.254531,20792,95912,121216825,4138004,4263,30524616,30524616,31499250748780,439415,181783,646324537,360139,4263,63,631456,1658,630282,15096
2025-07-30T17:55:13.850422,19472,91438,121216836,8800623,3950,30528517,30528517,31508300661062,432084,181806,646851808,360188,3950,64,624521,1746,630360,15972
2025-07-30T17:55:19.843759,23045,93148,121216846,8887269,3944,30533260,30533260,31517956423783,1171580,181830,647385959,360230,3944,67,1606778,1688,630441,16115
2025-07-30T17:55:25.259265,24588,89933,121216870,9107938,4061,30542723,30542723,31536740419741,562782,181877,648452727,360331,4061,60,1612140,1704,630611,15574
2025-07-30T17:55:30.942377,23623,85719,121216883,8941306,4088,30547467,30547467,31545523860661,1172178,181901,648981230,360374,4088,74,1647233,1703,630661,25866
2025-07-30T17:55:36.353372,20040,89016,121216890,5568299,4257,30552181,30552181,31554746037867,440837,181923,649510707,360420,4257,68,635601,1775,630748,25165
2025-07-30T17:55:42.555439,19591,96191,121216902,7806182,4123,30556902,30556902,31563640105825,1154553,181946,650038774,360473,4123,67,625929,1723,630834,25189
2025-07-30T17:55:48.256914,21670,91190,121216914,4040410,3987,30561646,30561646,31572805076975,1164528,181969,650575418,360517,3987,66,652852,1740,630910,15995
2025-07-30T17:55:53.915917,21830,115225,121216924,8967388,4057,30565858,30565858,31581664413037,1176152,181993,651109644,360557,4057,65,731447,1681,630928,16040
2025-07-30T17:55:59.815595,19095,88910,121216936,4101516,4278,30570008,30570008,31590674627664,1143465,182017,651651478,360605,4278,66,641434,1618,631017,25590
2025-07-30T17:56:04.949494,23426,102510,121216945,8415773,4244,30574745,30574745,31599922090009,441654,182040,652167002,360646,4244,63,1594108,1673,631101,25348
2025-07-30T17:56:10.852173,20700,92845,121216963,4061274,4012,30584266,30584266,31617385927587,439622,182085,653157555,360738,4012,61,627960,1630,631230,15961
2025-07-30T17:56:16.756064,21851,94887,121216973,8423884,3563,30588975,30588975,31626413559174,1186905,182107,653687695,360786,3563,67,735098,1642,631314,25097
2025-07-30T17:56:22.882769,20891,91068,121216982,4557688,4262,30593697,30593697,31635630691864,442697,182130,654224683,360827,4262,67,622466,1701,631342,15655
2025-07-30T17:56:28.534050,23128,98239,121216990,9004594,4194,30598399,30598401,31644817655521,431717,182152,654761122,360872,4194,69,1582794,1587,631451,15923
2025-07-30T17:56:34.084088,20880,98601,121217000,4023745,4212,30603146,30603146,31654058709311,438848,182176,655287956,360919,4212,65,638922,1721,631559,15509
2025-07-30T17:56:39.403889,22124,100591,121217013,9089938,4048,30607342,30607342,31663366584651,431530,182199,655816841,360963,4048,67,629610,1665,631602,17007
2025-07-30T17:56:44.816601,25158,88317,121217025,4166303,4093,30611475,30611475,31672225842770,431839,182222,656334092,361010,4093,63,1654217,1585,631683,15740
2025-07-30T17:56:50.275520,20644,95922,121217046,4560242,3868,30620964,30620964,31690374421939,1155909,182268,657392909,361098,3868,69,629563,1703,631721,26342
2025-07-30T17:56:56.608580,23320,89214,121217055,4149515,4040,30625677,30625677,31699417941192,430087,182291,657926306,361137,4040,65,1537101,1825,631739,16604
2025-07-30T17:57:01.785473,23505,97901,121217062,3976229,4097,30630401,30630401,31708354691775,430194,182314,658462035,361185,4097,67,1577212,1594,631759,15346
2025-07-30T17:57:06.978699,22336,89781,121217073,8965097,6046,30635136,30635136,31716772974682,440305,182338,658920596,361229,6046,69,1478845,1989,631784,15552
2025-07-30T17:57:12.991604,24679,89092,121217080,4665783,4045,30639959,30639959,31726051161534,1182403,182362,659453483,361268,4045,64,1457357,1569,631914,15747
2025-07-30T17:57:18.673797,23871,97704,121217089,9055519,4319,30644676,30644676,31735382007417,431262,182384,659985079,361317,4319,82,1590719,1646,631948,15889
2025-07-30T17:57:25.060572,20039,90196,121217105,4041751,4751,30653075,30653075,31753398293947,439468,182432,661059346,361409,4751,66,641130,1818,632131,24416
2025-07-30T17:57:30.529457,21012,88261,121217118,8722436,4151,30657815,30657815,31762416760574,1197334,182456,661594781,361460,4151,69,632448,1649,632149,15732
2025-07-30T17:57:36.696916,20989,90585,121217125,4071429,4388,30662536,30662536,31771471482822,1124862,182478,662115871,361496,4388,73,644319,1724,632229,20846
2025-07-30T17:57:42.649210,23451,90209,121217137,4633694,3892,30667254,30667254,31780479421724,436294,182500,662650758,361551,3892,66,1624900,1513,632316,23191
2025-07-30T17:57:48.226319,20530,99467,121217147,7581380,4020,30672018,30672018,31789442640534,431883,182523,663183168,361586,4020,67,632696,1567,632334,15361
2025-07-30T17:57:54.197774,24924,86016,121217158,8120250,4792,30676787,30676787,31798665650972,1206606,182547,663728864,361641,4792,69,1642831,1755,632416,15159
2025-07-30T17:58:00.582317,20052,99074,121217186,8922151,4314,30685250,30685250,31816835739771,436524,182593,664791759,361737,4314,64,633469,1724,632525,24463
2025-07-30T17:58:05.729101,20625,102448,121217192,4097799,3952,30689896,30689896,31825398894927,438887,182618,665261311,361779,3952,61,630718,1645,632557,16043
2025-07-30T17:58:11.028038,21906,102592,121217203,4140661,4225,30694740,30694740,31834702469666,436956,182643,665797217,361832,4225,66,637724,1587,632577,25094
2025-07-30T17:58:16.702406,25242,96652,121217213,4050710,3740,30699504,30699504,31843931948785,1104825,182668,666331143,361875,3740,64,1638837,1698,632597,15871
2025-07-30T17:58:22.855619,20354,97663,121217223,4272820,4238,30704228,30704228,31852656683801,425531,182691,666861015,361925,4238,69,630545,1677,632615,26203
2025-07-30T17:58:28.579443,20790,101066,121217234,4133749,4117,30708589,30708589,31861756460756,426722,182714,667399109,361962,4117,63,629621,1690,632635,15418
2025-07-30T17:58:33.802279,19841,93221,121217245,4035171,4437,30712599,30712599,31871068923663,1161779,182739,667932144,362014,4437,72,630669,1816,632737,25685
2025-07-30T17:58:39.114983,20115,91600,121217257,8942266,3873,30717323,30717323,31880158722195,434327,182762,668460100,362065,3873,67,638722,1773,632819,15410
2025-07-30T17:58:44.809504,22834,95028,121217271,8730593,3894,30722058,30722058,31889173185040,431538,182786,668998880,362101,3894,66,1641610,1717,632867,15860
2025-07-30T17:58:51.030304,23547,91525,121217290,4281939,4191,30731556,30731556,31907489755051,1190867,182833,670063179,362202,4191,70,1597686,1716,632986,15624
2025-07-30T17:58:56.957229,21406,105100,121217304,8859310,4189,30736277,30736277,31916698631669,1194823,182856,670594488,362254,4189,66,644825,1748,633070,15637
2025-07-30T17:59:02.065869,20959,93429,121217310,8533869,4296,30741031,30741031,31925858040328,436449,182878,671137255,362289,4296,65,629700,1596,633092,25958
2025-07-30T17:59:07.165886,21650,93881,121217323,3913268,4086,30745128,30745129,31934018992324,428836,182901,671583024,362337,4086,69,634883,1724,633175,16385
2025-07-30T17:59:12.322632,17558,89004,121217334,9128181,3994,30749476,30749476,31939529627366,441951,182926,671770984,362387,3994,68,650660,1665,633221,18108
2025-07-30T17:59:17.469976,17427,79090,121217345,4003303,3092,30754259,30754259,31943527451364,441396,182953,671771052,362439,3092,62,632520,1735,633309,15265
2025-07-30T17:59:22.609921,17327,84722,121217358,3746918,2820,30759011,30759011,31947272641197,439869,182978,671771137,362494,2820,66,636043,1562,633361,16012
2025-07-30T17:59:27.735174,18164,82804,121217367,3851845,3791,30763765,30763765,31951046291019,430093,183004,671771204,362541,3791,71,621435,1538,633457,15586
2025-07-30T17:59:32.864737,18274,78142,121217378,3719537,3282,30768525,30768525,31954797463517,435734,183030,671771282,362590,3282,67,628965,1627,633492,16029
2025-07-30T17:59:38.119022,17952,81912,121217387,3801386,3162,30773288,30773288,31958715298594,435737,183056,671771340,362637,3162,70,642159,1546,633524,15614
2025-07-30T17:59:43.273325,18508,79911,121217398,3710027,6478,30778051,30778051,31962707966264,430467,183082,671771408,362684,6478,64,648272,1871,633552,15928
2025-07-30T17:59:48.572768,17718,79687,121217409,4068684,3300,30782832,30782832,31966474692753,436577,183108,671771490,362733,3300,66,628706,1720,633582,14944
2025-07-30T17:59:53.750603,19886,83738,121217418,3797931,3885,30787584,30787584,31970632131524,432551,183133,671771548,362779,3885,66,631310,1796,633617,15338
2025-07-30T17:59:58.914078,17448,84791,121217426,3926779,3373,30792351,30792351,31974464401116,428223,183159,671771608,362827,3373,73,631937,1664,633729,16549
2025-07-30T18:00:04.060235,20656,82330,121217439,3687639,3151,30797101,30797101,31978361712329,439655,183185,671771692,362881,3151,69,640403,1574,633765,16781
2025-07-30T18:00:09.188137,23823,76333,121217448,3893823,3124,30801842,30801842,31982268687083,427771,183211,671771747,362927,3124,67,641816,1623,633878,15718
2025-07-30T18:00:14.306639,18126,78569,121217457,3785408,3649,30805983,30805983,31985889170791,435513,183237,671771810,362974,3649,59,631870,1572,633911,15774
2025-07-30T18:00:19.436114,18214,83852,121217467,3782034,3289,30810321,30810321,31989609263861,445453,183262,671771880,363023,3289,63,624731,1590,633935,15434
2025-07-30T18:00:24.569061,17168,83837,121217478,3833724,2916,30815073,30815073,31993368827436,433444,183288,671771951,363070,2916,64,630319,1575,633959,15170
2025-07-30T18:00:29.760840,17193,85269,121217486,3708774,3162,30819834,30819834,31997230443308,431504,183314,671772024,363118,3162,64,625386,1557,633983,15524
2025-07-30T18:00:34.891070,17761,78969,121217497,3805303,3019,30824600,30824600,32001026877894,429750,183339,671772086,363166,3019,64,646054,1510,634009,16259
2025-07-30T18:00:40.024798,17077,86493,121217520,3914214,3338,30834118,30834118,32008985080779,435993,183392,671772217,363261,3338,66,624813,1463,634143,15418
2025-07-30T18:00:45.168884,19517,89151,121217529,3855440,3164,30838905,30838905,32012642255580,437030,183417,671772281,363308,3164,66,637777,1602,634193,15666
2025-07-30T18:00:50.322939,16784,78847,121217537,3799879,3141,30843679,30843679,32016434627118,428516,183443,671772344,363356,3141,71,642252,1512,634217,15478
2025-07-30T18:00:55.501118,18460,75320,121217548,3884531,2830,30848450,30848450,32020226708548,428559,183469,671772419,363405,2830,69,625623,1558,634247,15986
2025-07-30T18:01:00.660596,19060,86217,121217556,3824103,3529,30853197,30853197,32024012713215,426464,183494,671772470,363452,3529,66,619743,1598,634273,16048
2025-07-30T18:01:05.776615,18282,84688,121217566,4024971,3265,30857956,30857956,32027844137285,437278,183521,671772540,363501,3265,65,633005,1565,634298,16578
2025-07-30T18:01:10.921238,17385,85771,121217578,3743092,3222,30862805,30862805,32031581090984,433063,183546,671772613,363549,3222,63,637619,1686,634322,16349
2025-07-30T18:01:16.172854,18689,78596,121217589,3821458,3255,30866998,30866998,32035401738856,428173,183572,671772674,363596,3255,61,621477,1534,634340,15564
2025-07-30T18:01:21.331804,18039,80988,121217597,3814477,2954,30871211,30871212,32039294950299,449586,183598,671772740,363643,2954,62,655911,1628,634450,15968
2025-07-30T18:01:26.461387,19740,83600,121217608,3820575,3495,30875957,30875957,32043110351254,440715,183623,671772808,363690,3495,65,637949,1688,634565,15719
2025-07-30T18:01:31.604406,17617,83151,121217616,3884111,3401,30880728,30880728,32046815670861,432385,183649,671772864,363737,3401,64,625447,1567,634589,15073
2025-07-30T18:01:36.740224,18032,80881,121217626,3790873,3340,30885469,30885469,32050647896835,424474,183674,671772936,363786,3340,62,626065,1651,634699,15558
2025-07-30T18:01:41.863752,18266,76484,121217636,3799630,3020,30890232,30890232,32054396545762,429687,183700,671772995,363833,3020,64,645026,1646,634718,15853
2025-07-30T18:01:46.996416,18151,83119,121217644,3819866,3882,30895027,30895027,32058240770794,439270,183726,671773069,363880,3882,61,648864,1766,634740,15356
2025-07-30T18:01:52.120674,17844,80004,121217655,3815003,3062,30899788,30899788,32062041898354,436520,183751,671773145,363928,3062,63,636324,1620,634760,15649
2025-07-30T18:01:57.251728,18278,81416,121217663,3865692,3148,30904547,30904548,32065750696266,429832,183777,671773203,363975,3148,67,647062,1710,634780,15694
2025-07-30T18:02:02.405251,17706,79536,121217673,3863895,3530,30909323,30909323,32069560527583,428532,183803,671773285,364024,3530,71,634042,1505,634809,15441
2025-07-30T18:02:07.553046,17984,81735,121217682,3713121,3082,30914081,30914081,32073426107799,433747,183828,671773351,364071,3082,66,635041,1613,634919,15694
2025-07-30T18:02:12.738602,20288,82926,121217691,3819656,3351,30918929,30918929,32077258269324,452618,183854,671773410,364119,3351,66,652018,1626,635023,16461
2025-07-30T18:02:17.869754,17592,82561,121217701,3797970,4027,30923706,30923706,32081146662098,433003,183880,671773495,364168,4027,69,631141,1884,635109,15631
2025-07-30T18:02:23.103682,18496,80697,121217713,4002525,3493,30928014,30928014,32084761815597,435802,183905,671773570,364215,3493,66,649487,1603,635192,15837
2025-07-30T18:02:28.351233,18007,80396,121217721,3969703,3241,30932146,30932146,32088606239727,438603,183931,671773626,364261,3241,65,642356,1503,635210,15912
2025-07-30T18:02:33.486334,18028,81151,121217732,3891965,3069,30936917,30936917,32092585144968,428430,183957,671773701,364310,3069,65,646494,1544,635234,16609
2025-07-30T18:02:38.638627,17798,84985,121217741,3879775,3247,30941670,30941670,32096254296145,431079,183983,671773759,364357,3247,68,656301,1586,635256,16204
2025-07-30T18:02:43.788387,16364,78553,121217749,3857248,3459,30946439,30946439,32100052382502,428801,184008,671773823,364404,3459,67,624211,1618,635274,15585
2025-07-30T18:02:48.915929,18322,83404,121217761,4954172,3116,30951232,30951232,32103866040058,434279,184034,671773902,364452,3116,69,640585,1617,635296,15726
2025-07-30T18:02:54.048885,17188,92573,121217770,3779603,2961,30956007,30956007,32107509737169,433707,184059,671773959,364499,2961,66,625172,1625,635350,15708
2025-07-30T18:02:59.163577,19379,77868,121217778,3804587,3540,30960770,30960770,32111368552401,534078,184085,671774023,364547,3540,60,634129,1644,635456,16288
2025-07-30T18:03:04.485652,17731,80932,121217789,3936844,3166,30965549,30965549,32115142062177,435252,184111,671774088,364595,3166,61,629655,1598,635490,15683
2025-07-30T18:03:09.622121,17749,78382,121217797,3681798,3312,30970312,30970312,32119351233153,440781,184137,671774145,364642,3312,65,621884,1625,635511,15591
2025-07-30T18:03:14.773482,17535,81072,121217807,4009527,4522,30975183,30975183,32123186818820,439411,184163,671774219,364691,4522,67,640233,1655,635529,16556
2025-07-30T18:03:19.904056,17086,83859,121217817,3847383,3229,30979956,30979956,32127096458612,447157,184189,671774280,364737,3229,64,631838,1667,635547,15546
2025-07-30T18:03:25.037388,20012,87582,121217838,3780563,3551,30989131,30989131,32134495770318,432734,184240,671774433,364834,3551,68,642525,1758,635576,15598
2025-07-30T18:03:30.194996,17102,81598,121217847,3699107,3319,30993323,30993323,32138144030717,439357,184266,671774493,364881,3319,66,629631,1612,635628,15392
2025-07-30T18:03:35.343039,18382,77097,121217855,3829462,2995,30997911,30997911,32141917811322,427270,184292,671774569,364929,2995,71,626561,1538,635738,15928
2025-07-30T18:03:40.499362,18321,84824,121217866,3901801,3183,31002696,31002696,32145676264913,430579,184318,671774648,364978,3183,64,656987,1546,635760,18299
2025-07-30T18:03:45.617306,18232,85661,121217876,3802844,3097,31007467,31007467,32149531595481,431097,184343,671774728,365025,3097,64,627150,1505,635898,15336
2025-07-30T18:03:50.730262,17698,92110,121217884,3753851,3310,31012258,31012258,32153365861200,456703,184368,671774795,365073,3310,70,639305,1709,636008,16185
2025-07-30T18:03:55.921524,16526,87470,121217895,4126373,3127,31017044,31017044,32157239193996,438616,184395,671774862,365121,3127,66,626695,1428,636108,16065
2025-07-30T18:04:01.076671,16554,82140,121217903,3902762,3156,31021839,31021839,32161068944824,430388,184420,671774919,365168,3156,76,625488,1599,636210,16003
2025-07-30T18:04:06.219603,20923,77753,121217913,3930447,3809,31026620,31026620,32164884981692,437536,184446,671774990,365216,3809,66,640186,1524,636303,15777
2025-07-30T18:04:11.367924,24650,98164,121310864,4220701,5575,31031475,31031475,32170213453780,432181,184472,672021770,365256,5575,71,658783,1686,636328,19372
2025-07-30T18:04:16.490990,20201,88884,121557305,4125768,3881,31036255,31036255,32175970045659,427429,184499,672543483,365302,3881,63,625185,1641,636348,17382
2025-07-30T18:04:21.612580,21386,91781,121813209,4165573,4038,31041040,31041040,32181653293144,424943,184525,673071606,365348,4038,65,635592,1494,636368,16232
2025-07-30T18:04:26.759180,20968,89980,122072821,4132929,3968,31045844,31045844,32187494231817,438717,184552,673606907,365389,3968,61,626206,1670,636388,15655
2025-07-30T18:04:31.897977,21455,90780,122334957,4069709,3868,31050634,31050634,32193518625436,429305,184579,674147201,365449,3868,67,634906,1573,636408,15942
2025-07-30T18:04:37.019004,21539,91637,122592643,4002800,3786,31054598,31054598,32199373067147,432273,184606,674678596,365494,3786,64,631740,1645,636503,15830
2025-07-30T18:04:42.137325,20667,90321,122838462,4069301,4067,31059069,31059069,32205021492260,446608,184632,675186092,365534,4067,69,629504,1678,636541,15366
2025-07-30T18:04:47.296742,21363,93053,123097201,4141438,4034,31064007,31064007,32211182014163,432468,184659,675719509,365585,4034,67,634666,1661,636583,15942
2025-07-30T18:04:52.577269,20868,91404,123355754,4292630,3989,31068808,31068808,32217181947300,433885,184685,676252318,365629,3989,69,642146,1732,636604,15545
2025-07-30T18:04:57.743581,23282,89841,123621985,4051556,3922,31073606,31073606,32223513461443,435579,184712,676800827,365677,3922,68,659213,1641,636627,15311
2025-07-30T18:05:02.891687,20547,93781,123884466,4167050,4135,31078399,31078399,32229539479832,441832,184739,677341910,365727,4135,58,638156,1726,636649,15790
2025-07-30T18:05:08.015263,19257,95431,124107531,3963991,3920,31083198,31083198,32234987103184,436919,184766,677803860,365761,3920,65,633038,1647,636670,16949
2025-07-30T18:05:13.142306,21799,89259,124331499,4052317,4340,31088055,31088055,32240571020514,436466,184791,678267611,365812,4340,63,640927,1718,636773,15415
2025-07-30T18:05:18.262461,20320,92932,124587619,3997638,3780,31092852,31092852,32246589652046,441878,184818,678795772,365856,3780,64,630486,1780,636838,16070
2025-07-30T18:05:23.429653,22310,92316,124851192,4039541,3917,31097633,31097633,32252722220617,434580,184845,679339077,365905,3917,67,641642,1613,636930,15338
2025-07-30T18:05:28.607414,21318,93621,125109101,4092380,3859,31102435,31102435,32258828458902,431221,184872,679870703,365946,3859,64,631429,1620,636950,15273
2025-07-30T18:05:33.778107,20973,90064,125367440,4081898,4246,31107211,31107211,32264703134761,430165,184898,680403521,365992,4246,66,631778,1771,637044,15747
2025-07-30T18:05:38.895410,21834,91703,125628825,4099739,3816,31112013,31112013,32270554966558,436264,184925,680942142,366030,3816,66,627573,1708,637062,15763
2025-07-30T18:05:44.020716,21130,95254,125882794,4000692,4166,31116016,31116016,32276151586250,428736,184951,681466140,366075,4166,65,642437,1645,637080,16276
2025-07-30T18:05:49.175088,20348,91603,126132287,4159617,4072,31120500,31120500,32281858912809,435581,184978,681980870,366124,4072,71,629994,1772,637106,15822
2025-07-30T18:05:54.325511,20978,96548,126390175,4155624,4064,31125321,31125321,32287822465222,446152,185005,682512404,366169,4064,64,632306,1649,637126,15883
2025-07-30T18:05:59.456608,21578,91456,126654881,3904230,3992,31130125,31130125,32293715026220,423819,185032,683057761,366222,3992,76,642709,1663,637144,16518
2025-07-30T18:06:04.577615,20929,93326,126913266,4016332,3640,31134915,31134915,32299642335343,429524,185059,683590300,366275,3640,62,625648,1863,637257,15827
2025-07-30T18:06:09.696294,20419,94113,127129728,4000594,3632,31139717,31139717,32304838512926,438144,185085,684038791,366309,3632,69,650510,1717,637306,16177
2025-07-30T18:06:14.836587,17832,88634,127369195,4001818,3893,31144583,31144583,32310476963516,436000,185111,684533546,366363,3893,67,640095,1821,637324,15503
2025-07-30T18:06:20.005807,20797,90815,127874442,4026207,3986,31154191,31154191,32322060815392,434235,185165,685575654,366441,3986,67,628678,1626,637371,15278
2025-07-30T18:06:25.226817,21050,96117,128134019,4113031,3822,31158998,31158998,32327885885213,430985,185192,686110658,366485,3822,64,628404,1642,637484,16440
2025-07-30T18:06:30.350505,21484,92552,128393698,4185510,4387,31163788,31163788,32333818563035,436055,185218,686645830,366532,4387,66,634586,1617,637503,15763
2025-07-30T18:06:35.553295,21032,91812,128652980,4054058,4180,31168596,31168596,32339698244666,429835,185245,687180232,366578,4180,69,632232,1603,637587,15576
2025-07-30T18:06:40.687899,21258,89464,128916013,4166308,3843,31173421,31173421,32346272167303,426655,185272,687722138,366624,3843,164,624334,1664,637630,15376
2025-07-30T18:06:45.810004,22224,91229,129151731,4047225,3804,31177726,31177726,32351728567686,440421,185298,688209066,366674,3804,63,641175,1766,637718,15964
2025-07-30T18:06:50.948657,21846,92676,129408095,4081591,3330,31181944,31181944,32357478349800,430768,185325,688737777,366719,3330,68,639107,1705,637740,16029
2025-07-30T18:06:56.089188,20064,87884,129669479,3955947,3833,31186744,31186744,32363332172619,428829,185352,689276170,366768,3833,64,629538,1629,637836,15736
2025-07-30T18:07:01.252996,20748,88390,129929858,4214550,3791,31191549,31191549,32369259324656,430232,185379,689812706,366811,3791,71,620854,1717,637936,15119
2025-07-30T18:07:06.393103,20294,91272,130143357,3953898,3834,31196336,31196336,32374566470527,435524,185405,690255566,366860,3834,66,628304,1643,638033,16345
2025-07-30T18:07:11.517609,21634,92860,130386015,3940615,3607,31201220,31201220,32380203371197,427148,185432,690756609,366907,3607,67,633098,1944,638059,15830
2025-07-30T18:07:16.668034,23217,92162,130629991,4020880,3915,31205995,31205995,32386018101592,432373,185458,691260731,366950,3915,64,635477,1681,638087,15602
2025-07-30T18:07:21.786774,21597,96282,130889859,4160343,3960,31210807,31210807,32391830848267,430805,185485,691796407,366993,3960,68,631241,1778,638116,16170
2025-07-30T18:07:26.944731,22004,90144,131150119,4101668,4057,31215598,31215598,32397560539776,431434,185512,692332373,367035,4057,66,646790,1771,638139,16056
2025-07-30T18:07:32.106046,21274,90613,131409089,4136244,3903,31220362,31220362,32403397619631,438735,185539,692866088,367075,3903,68,638824,1645,638163,15909
2025-07-30T18:07:37.249032,21977,93200,131669729,4258152,3714,31225165,31225165,32409363116260,438393,185565,693403061,367121,3714,63,626211,1679,638189,15853
2025-07-30T18:07:42.383101,21892,90120,131928103,4123117,3684,31229960,31229960,32415261063555,443435,185592,693935656,367171,3684,64,644460,1683,638293,15904
2025-07-30T18:07:47.521257,19793,92549,132170954,4245832,4117,31234780,31234780,32420920002290,429156,185619,694437194,367212,4117,72,627522,1621,638341,16276
2025-07-30T18:07:52.643911,21371,90772,132426331,3998033,6024,31239095,31239095,32426624699469,431958,185646,694963914,367265,6024,65,626139,1810,638365,15421
2025-07-30T18:07:57.764276,21455,91468,132685811,3962150,3743,31243271,31243271,32432476892300,433710,185672,695498930,367315,3743,63,622360,1796,638391,15618
2025-07-30T18:08:03.083907,20738,108493,132942684,4061075,3762,31248062,31248062,32438320540516,430540,185699,696028422,367367,3762,65,648211,1640,638417,15675
2025-07-30T18:08:08.272885,20162,94676,133158858,4094463,4127,31252846,31252846,32444000496207,429572,185726,696476611,367411,4127,62,629240,1565,638437,15804
2025-07-30T18:08:13.427176,20829,87361,133394869,4025402,3986,31257709,31257709,32449758044660,439649,185752,696964483,367458,3986,66,653995,1848,638552,16006
2025-07-30T18:08:18.554135,20422,91537,133635817,4025021,3662,31262490,31262490,32455500163782,441024,185778,697462258,367495,3662,62,629286,1760,638664,15791
2025-07-30T18:08:23.698074,21893,96002,133892461,4157809,4026,31267289,31267289,32461226705705,432747,185805,697991554,367546,4026,66,634424,1693,638684,15437
2025-07-30T18:08:28.869603,22079,90077,134149705,4043432,3949,31272071,31272071,32467185926146,424651,185831,698521702,367589,3949,71,635039,1601,638705,17478
2025-07-30T18:08:34.031720,20962,89596,134407593,4148100,4206,31276857,31276857,32473121001689,434588,185858,699053230,367633,4206,72,634602,1841,638731,15230
2025-07-30T18:08:39.148427,21540,89624,134669924,4240204,4049,31281653,31281653,32478974653169,431454,185885,699593892,367680,4049,64,635454,1752,638753,15874
2025-07-30T18:08:44.279484,21678,93128,134928388,4138130,3231,31286443,31286443,32484723291513,435349,185911,700126617,367739,3231,65,629358,1706,638771,15652
2025-07-30T18:08:49.435134,21039,91462,135174210,4148830,3921,31291260,31291260,32490541279711,436508,185938,700633956,367781,3921,60,630473,1569,638893,15969
2025-07-30T18:08:54.579398,21978,94056,135429393,4073688,4013,31296050,31296050,32496344245740,431744,185964,701160336,367828,4013,65,626625,1750,638941,15924
2025-07-30T18:08:59.746345,21299,89372,135687267,4117821,4078,31300336,31300336,32502151264746,427033,185991,701691769,367873,4078,59,642163,1678,638959,16299
2025-07-30T18:09:04.912273,20892,97197,135945626,4030803,4004,31304540,31304540,32507923962077,428849,186018,702224157,367916,4004,70,651140,1658,638983,15900
2025-07-30T18:09:10.051744,21793,88115,136394435,3983842,4575,31314193,31314193,32518852759440,439825,186071,703153400,368009,4575,68,629780,1834,639024,15694
2025-07-30T18:09:15.184606,21162,93648,136645846,4219978,4049,31318978,31318978,32525045301931,433679,186097,703672074,368048,4049,67,641202,1719,639046,16300
2025-07-30T18:09:20.330602,21162,91440,136894532,4025722,3901,31323775,31323775,32530718616053,431231,186124,704185361,368106,3901,68,624784,1726,639160,16439
2025-07-30T18:09:25.478574,20744,93614,137152873,3932027,3704,31328568,31328568,32536466002251,430400,186151,704717947,368155,3704,78,633696,1686,639194,16094
2025-07-30T18:09:30.605979,22022,89503,137407193,4100005,3689,31333362,31333362,32542277460834,441684,186178,705242554,368190,3689,66,630205,1800,639214,15401
2025-07-30T18:09:35.730552,21262,94123,137664078,4165512,4356,31338145,31338145,32548358760024,428307,186204,705772186,368245,4356,60,626489,1852,639308,15347
2025-07-30T18:09:40.878408,21270,102708,137922493,4076356,4100,31342937,31342937,32554071029376,432125,186231,706305179,368287,4100,64,632013,1841,639328,16292
2025-07-30T18:09:46.068219,20998,85419,138178298,4098335,4034,31347752,31347752,32559947286292,444011,186258,706832847,368332,4034,67,630191,1779,639348,15316
2025-07-30T18:09:51.223259,20979,90875,138421814,4066302,4139,31352555,31352555,32565503579148,427398,186284,707335741,368382,4139,67,633966,1733,639464,16296
2025-07-30T18:09:56.359456,20958,91455,138676487,4116434,4077,31357349,31357349,32571273794536,434699,186311,707860949,368415,4077,68,632754,1610,639570,15522
2025-07-30T18:10:01.502979,20914,91508,138931926,4042826,3981,31361841,31361841,32576991635974,447489,186338,708387657,368466,3981,67,634798,1662,639662,16107
2025-07-30T18:10:06.624072,18738,88992,139152805,4867968,4171,31365898,31365898,32582263581537,428730,186364,708845310,368501,4171,66,627405,1715,639753,15988
2025-07-30T18:10:11.746890,21812,93542,139394218,4050192,3588,31370689,31370689,32587843004613,438049,186391,709343874,368560,3588,64,636329,1691,639773,15455
2025-07-30T18:10:16.880214,21864,92691,139653771,4032695,3931,31375489,31375489,32593758484402,431228,186418,709879004,368599,3931,67,631517,1743,639792,15466
2025-07-30T18:10:22.052884,21445,91334,139900976,3797920,3912,31380286,31380286,32599474188376,444015,186445,710389518,368641,3912,66,637669,1707,639810,16143
2025-07-30T18:10:27.260521,20843,91748,140162536,4092719,3997,31385075,31385075,32605542882753,434497,186471,710928623,368694,3997,68,632533,1616,639834,15964
2025-07-30T18:10:32.417314,22043,93173,140419470,4165068,4058,31389871,31389871,32611568198811,430745,186498,711458517,368732,4058,66,634100,1709,639856,15361
2025-07-30T18:10:37.543163,21475,90526,140678467,4568248,3784,31394677,31394677,32617583959374,430761,186525,711992198,368777,3784,65,631388,1709,639877,15774
2025-07-30T18:10:42.690707,21872,92464,140932006,3985441,3973,31399463,31399463,32623330862414,431350,186551,712515063,368828,3973,65,635900,1648,639907,16081
2025-07-30T18:10:47.882536,21541,89512,141190398,4015812,3829,31404292,31404292,32629279057926,431115,186578,713047922,368874,3829,65,632735,1570,640019,16743
2025-07-30T18:10:53.063914,20691,92727,141440166,4261166,3964,31409095,31409095,32635155543619,432350,186605,713563446,368921,3964,59,629739,1588,640103,15909
2025-07-30T18:10:58.188372,22563,91693,141699439,4131703,4022,31413902,31413902,32641126186056,433681,186631,714098155,368968,4022,68,639700,1734,640200,15973
2025-07-30T18:11:03.349362,21569,93721,141961027,4144621,4025,31418693,31418693,32647124644100,436479,186658,714637008,369022,4025,67,662114,1697,640286,15438
2025-07-30T18:11:08.490707,17380,105240,142178564,3878081,3897,31422889,31422889,32652296351465,433045,186684,715087709,369070,3897,65,631095,1582,640309,15759
2025-07-30T18:11:13.640891,19762,91475,142422622,4070636,4481,31427220,31427220,32657974467661,428015,186711,715591919,369122,4481,66,641226,1756,640399,15478
2025-07-30T18:11:18.793641,20794,93964,142680125,4125133,3838,31431984,31431984,32663810032578,438576,186737,716122786,369168,3838,64,634919,1733,640481,15202
2025-07-30T18:11:23.970837,21734,86935,142924738,4080313,4153,31436781,31436781,32669613871109,436603,186764,716627640,369204,4153,67,645367,1821,640567,15148
2025-07-30T18:11:29.134698,21498,91224,143186044,4162324,3927,31441572,31441572,32675731475119,443471,186791,717166009,369255,3927,69,637835,1677,640657,15462
2025-07-30T18:11:34.279954,21343,92835,143449617,4018827,4128,31446350,31446350,32681540091326,431365,186817,717709061,369302,4128,65,636511,1806,640758,16216
2025-07-30T18:11:39.427498,21124,93614,143710274,4023750,4051,31451135,31451135,32687512984340,427609,186844,718246305,369349,4051,77,630745,1769,640859,16036
2025-07-30T18:11:44.550222,22251,90110,143970765,4226535,4129,31455933,31455933,32693426713269,435758,186871,718782896,369396,4129,65,634189,1634,640878,15767
2025-07-30T18:11:49.681915,19644,91408,144228349,4067075,4160,31460730,31460731,32699354210235,440692,186897,719313894,369443,4160,67,630987,1620,640898,15882
2025-07-30T18:11:54.828192,20523,97875,144474404,4024233,3965,31465544,31465544,32705169024858,442892,186924,719821884,369485,3965,64,629136,1733,640916,15615
2025-07-30T18:11:59.944482,21350,90608,144738519,4148029,4211,31470339,31470339,32711340216428,436463,186951,720366009,369542,4211,63,634742,1722,640940,15983
2025-07-30T18:12:05.147302,21005,89109,145219108,4035228,4157,31479897,31479897,32722686379850,438475,187004,721359175,369638,4157,69,633314,1736,641111,16760
2025-07-30T18:12:10.308501,24101,86693,145467094,3921430,3918,31484443,31484443,32728224271766,434029,187030,721870862,369679,3918,67,636104,1678,641129,15450
2025-07-30T18:12:15.543065,20591,91258,145726790,3983501,3737,31488454,31488454,32733983766199,431253,187057,722406531,369726,3737,65,635641,1658,641233,15336
2025-07-30T18:12:20.668545,21402,93794,145971127,4149498,4168,31493228,31493228,32739804115578,429943,187083,722911050,369771,4168,65,647714,1624,641254,16278
2025-07-30T18:12:25.796379,20131,89958,146230459,4667825,4145,31498020,31498020,32745873179289,430885,187110,723445872,369811,4145,65,640630,1629,641366,15147
2025-07-30T18:12:30.919874,20430,92555,146487151,3949899,3938,31502797,31502797,32751738984566,442112,187137,723975117,369870,3938,67,633289,1617,641384,15992
2025-07-30T18:12:36.054226,23424,95690,146750115,4152396,4010,31507592,31507592,32757869640973,441843,187164,724517067,369919,4010,68,620333,1636,641488,15258
2025-07-30T18:12:41.198939,21062,94116,147014497,4135030,3356,31512395,31512395,32763889806648,436984,187191,725061946,369966,3356,67,636011,1674,641587,15455
2025-07-30T18:12:46.316818,22163,92457,147274116,3955764,4121,31517199,31517199,32770291717863,437092,187217,725597052,370014,4121,64,641732,1677,641605,15996
2025-07-30T18:12:51.461283,20594,93028,147526645,4139200,4332,31522006,31522006,32775976489463,433619,187244,726118126,370061,4332,69,626201,1752,641625,15444
2025-07-30T18:12:56.617789,20712,91774,147781867,4024470,3885,31526781,31526781,32781920724969,442212,187271,726644328,370108,3885,67,634653,1719,641645,15639
2025-07-30T18:13:01.781069,22292,89940,148043664,4286308,3535,31531548,31531548,32787892574275,425419,187298,727183631,370149,3535,62,631354,1560,641673,16577
2025-07-30T18:13:06.943868,19249,89509,148268934,4027676,3907,31536334,31536334,32793420815805,431901,187324,727649713,370195,3907,65,622050,1559,641699,15729
2025-07-30T18:13:12.066458,22673,89840,148505516,4205940,3473,31541183,31541185,32799149373913,434772,187350,728138697,370240,3473,69,818110,1629,641823,16045
2025-07-30T18:13:17.191342,22207,93834,148769639,3989396,3961,31545852,31545852,32805346927209,428884,187378,728683046,370288,3961,68,753745,1696,641843,15694
2025-07-30T18:13:22.499842,21151,90835,149030463,4155481,3901,31550769,31550769,32811569595770,428915,187405,729221006,370332,3901,71,634113,1775,641861,15889
2025-07-30T18:13:27.661842,16297,92274,149274255,4059018,4033,31554407,31554407,32817478380402,431332,187430,729723852,370379,4033,66,636517,1762,641879,15461
2025-07-30T18:13:32.784693,21246,88791,149538191,4072426,4187,31559185,31559185,32823634240212,433961,187457,730267920,370420,4187,71,645778,1622,641899,16597
2025-07-30T18:13:37.919905,20452,106848,149800059,4221521,3928,31563965,31563965,32829663453180,425604,187484,730807575,370471,3928,73,631649,1734,641910,15964
2025-07-30T18:13:43.039514,22113,91101,150066830,4098496,3876,31568735,31568735,32835747470224,439676,187510,731357695,370518,3876,79,637369,1722,641942,16479
2025-07-30T18:13:48.226201,19810,91639,150323133,4376980,4141,31573538,31573538,32841851071472,442112,187537,731886312,370552,4141,71,637967,1750,642067,15715
2025-07-30T18:13:53.366474,19524,93964,150579714,3940187,3815,31578341,31578341,32847895943397,431842,187564,732415822,370599,3815,69,630437,1741,642087,15911
2025-07-30T18:13:58.516068,20814,94738,150827797,4042133,3823,31583115,31583115,32853676891602,446225,187591,732928258,370643,3823,68,634689,1618,642105,15799
2025-07-30T18:14:03.638848,22403,94019,151088500,4013678,4012,31587937,31587937,32859709701805,435183,187617,733465456,370691,4012,67,635351,1605,642127,15806
2025-07-30T18:14:08.767613,21375,95197,151309034,4324380,3925,31592710,31592710,32864933713223,439686,187644,733922452,370732,3925,64,629473,1677,642152,15888
2025-07-30T18:14:13.928052,20692,82216,151396266,3873115,3276,31597564,31597564,32869308046864,430153,187669,734103351,370783,3276,69,635749,1661,642172,15389
2025-07-30T18:14:19.084706,19939,77188,151396279,3930476,3122,31602336,31602336,32873144794203,433836,187695,734103437,370837,3122,69,633542,1579,642193,15891
2025-07-30T18:14:24.240359,20373,78659,151396291,3865662,3795,31607114,31607114,32876928916686,434922,187721,734103530,370892,3795,63,628007,1710,642247,15767
2025-07-30T18:14:29.370545,17662,82216,151396300,3971334,3178,31611457,31611457,32880577951751,434345,187746,734103588,370941,3178,64,640505,1446,642355,15502
2025-07-30T18:14:34.496102,18106,78217,151396312,3807313,3369,31615609,31615609,32884206257234,438380,187772,734103665,370989,3369,64,636873,1691,642438,15654
2025-07-30T18:14:39.665204,18021,88888,151396321,3937539,3055,31620296,31620296,32888026070435,431262,187798,734103728,371038,3055,63,630253,1617,642536,15793
2025-07-30T18:14:44.836168,25959,96336,151396331,3917412,3138,31625062,31625062,32892406850522,427546,187824,734103792,371087,3138,71,632258,1470,642618,16993
2025-07-30T18:14:49.967896,18563,75291,151396349,3668450,3439,31634744,31634744,32900077868117,433127,187876,734103948,371184,3439,60,635231,1674,642832,15877
2025-07-30T18:14:55.095085,18160,84247,151396359,3800417,3288,31639517,31639518,32903786850842,438115,187901,734104021,371231,3288,65,626224,1627,642850,15427
2025-07-30T18:15:00.230318,17373,76864,151396368,3680523,3413,31644282,31644282,32907581207508,430533,187927,734104084,371277,3413,64,635209,1595,642962,16190
2025-07-30T18:15:05.456574,18255,78007,151396376,3909595,3209,31649062,31649062,32911330499941,432023,187953,734104144,371325,3209,63,628534,1568,643069,15625
2025-07-30T18:15:10.674183,20322,83269,151396392,3708356,3590,31653914,31653914,32915288275116,435098,187979,734104237,371375,3590,64,636285,1668,643132,15743
2025-07-30T18:15:15.809336,17319,85114,151396401,3799678,3052,31658689,31658689,32919384648101,437359,188005,734104305,371422,3052,64,633052,1653,643182,16404
2025-07-30T18:15:20.933958,17559,81966,151396410,3691342,2953,31663442,31663442,32923250914273,435320,188030,734104358,371469,2953,64,631275,1475,643199,15281
2025-07-30T18:15:26.091534,17837,74268,151396420,3893805,3031,31668218,31668218,32926956186432,429876,188056,734104430,371517,3031,63,629582,1529,643219,15640
2025-07-30T18:15:31.211672,17748,81774,151396429,3717138,3617,31672636,31672636,32930764787555,436076,188082,734104491,371564,3617,60,642054,1570,643239,15457
2025-07-30T18:15:36.363585,17882,89045,151396438,3784374,3804,31676663,31676663,32934443153455,434935,188108,734104549,371613,3804,62,632956,1742,643257,15644
2025-07-30T18:15:41.482439,17663,77922,151396448,3832980,3503,31681439,31681439,32938276313833,431497,188134,734104617,371661,3503,66,635397,1667,643365,16278
2025-07-30T18:15:46.641211,18583,81705,151396457,3886544,3412,31686253,31686253,32942003005347,435960,188160,734104686,371707,3412,65,639285,1658,643413,16339
2025-07-30T18:15:51.801185,17428,78332,151396466,3977704,3358,31691028,31691030,32945800310601,433138,188185,734104745,371756,3358,63,623401,1728,643435,16553
2025-07-30T18:15:56.939377,17544,93852,151396478,3881866,3123,31695816,31695816,32949610354506,444253,188211,734104819,371804,3123,65,640014,1505,643458,15628
2025-07-30T18:16:02.065502,18147,85422,151396486,3759971,4439,31700590,31700590,32953432854870,432847,188237,734104873,371852,4439,63,641214,1880,643480,15569
2025-07-30T18:16:07.208737,17151,76784,151396496,3770048,3015,31705356,31705356,32957145281626,429556,188262,734104938,371900,3015,66,638943,1469,643502,15794
2025-07-30T18:16:12.348816,17586,77204,151396506,3738375,2888,31710228,31710228,32960973952593,426786,188289,734105006,371947,2888,68,639069,1635,643520,15707
2025-07-30T18:16:17.482077,17900,78313,151396515,3832182,2928,31714996,31714996,32964804102616,436723,188314,734105067,371998,2928,62,632516,1669,643624,15484
2025-07-30T18:16:22.616468,18816,99002,151396529,3885224,3111,31719764,31719764,32968593760501,426911,188340,734105154,372048,3111,68,647088,1519,643668,15113
2025-07-30T18:16:27.736171,17670,82816,151396538,3744503,3502,31724548,31724548,32972288808561,426171,188366,734105213,372095,3502,65,633911,1705,643762,15918
2025-07-30T18:16:32.880118,17722,82885,151396546,4264487,3285,31729308,31729308,32976054470040,438177,188391,734105272,372143,3285,62,638480,1566,643851,15458
2025-07-30T18:16:38.055473,18124,81225,151396556,3919666,3079,31733909,31733909,32979853547197,436723,188416,734105359,372191,3079,65,633578,1643,643871,15857
2025-07-30T18:16:43.201058,17602,77416,151396565,3934200,3037,31737734,31737734,32983537829462,433753,188442,734105435,372238,3037,72,633264,1567,643889,15739
2025-07-30T18:16:48.356560,18566,85138,151396573,3917749,3373,31742518,31742518,32987173765852,448290,188467,734105517,372287,3373,70,641785,1614,643992,15608
2025-07-30T18:16:53.494441,17620,78660,151396585,3839076,3219,31747308,31747308,32991067896232,436527,188494,734105592,372335,3219,73,661626,1679,644016,15498
2025-07-30T18:16:58.621577,17852,78887,151396593,3865522,3044,31752081,31752081,32994894127188,429573,188519,734105644,372382,3044,66,629418,1522,644039,15510
2025-07-30T18:17:03.748471,17259,79346,151396603,4219090,3043,31756843,31756843,32998692849173,440605,188545,734105713,372431,3043,65,632432,1621,644064,15655
2025-07-30T18:17:08.872279,17799,81845,151396616,3809343,4539,31761639,31761639,33002510598846,431302,188608,734105777,372478,4539,65,630849,1709,644084,16180
2025-07-30T18:17:14.037259,17982,81192,151396624,3896832,3187,31766469,31766469,33006282377885,435852,188633,734105830,372525,3187,66,633339,1595,644095,15599
2025-07-30T18:17:19.205472,18087,78618,151396636,3776829,3360,31771247,31771247,33010259969300,436301,188659,734105909,372572,3360,66,630148,1546,644229,16009
2025-07-30T18:17:24.377073,17910,76785,151396644,3727445,2961,31776051,31776051,33014103217726,431854,188685,734105974,372618,2961,65,629920,1634,644279,16096
2025-07-30T18:17:29.507455,24243,77049,151396655,3648262,3020,31780811,31780811,33017928347366,444807,188711,734106041,372667,3020,63,634274,1665,644297,15741
2025-07-30T18:17:34.681442,21110,82081,151396666,3850865,3521,31785581,31785581,33021625861338,444956,188736,734106118,372714,3521,66,634370,1601,644316,15968
2025-07-30T18:17:39.836345,17883,83378,151396675,3769070,3797,31790365,31790365,33025531720157,438814,188763,734106176,372761,3797,63,632195,1595,644336,15351
2025-07-30T18:17:44.969225,18265,79381,151396697,3707810,3084,31798974,31798974,33032943085269,440743,188814,734106332,372857,3084,62,630344,1539,644458,15899
2025-07-30T18:17:50.083618,18316,86937,151396705,3965280,3193,31803599,31803599,33036649302454,444513,188840,734106383,372904,3193,62,642205,1544,644480,15640
2025-07-30T18:17:55.219652,17742,81476,151396716,3943962,3084,31808354,31808354,33040383940734,435893,188865,734106456,372952,3084,64,647823,1578,644529,15881
2025-07-30T18:18:00.360277,18630,90632,151396725,4674053,3379,31813118,31813118,33044207925293,442620,188891,734106523,372998,3379,65,630434,1622,644553,15593
2025-07-30T18:18:05.501089,18951,79389,151396733,3804180,3192,31817888,31817888,33048084111395,429486,188917,734106581,373046,3192,68,636450,1597,644576,15387
2025-07-30T18:18:10.631874,17215,81529,151396745,3842145,3237,31822708,31822708,33051821163443,439585,188942,734106664,373095,3237,64,640456,1455,644593,16021
2025-07-30T18:18:15.827978,17701,81668,151396753,3725986,3259,31827483,31827483,33055575347281,426816,188968,734106720,373142,3259,64,635386,1604,644613,15155
2025-07-30T18:18:20.993578,18130,80559,151396763,3869934,3074,31832246,31832246,33059429520104,430653,188994,734106788,373191,3074,68,645853,1593,644721,15773
2025-07-30T18:18:26.119081,17790,76064,151396773,3742156,3091,31836996,31836996,33063195369058,432536,189019,734106863,373238,3091,61,635772,1691,644833,16031
2025-07-30T18:18:31.248072,18829,76889,151396781,3724403,3573,31841765,31841765,33067020574725,428423,189046,734106920,373285,3573,70,636084,1585,644853,15640
2025-07-30T18:18:36.461490,17624,76529,151396791,3895082,2975,31846531,31846531,33070823828215,436848,189071,734106986,373334,2975,66,633010,1662,644951,15460
2025-07-30T18:18:41.667306,18722,81117,151396803,3826526,3732,31851302,31851302,33074684540995,432278,189097,734107064,373381,3732,68,622915,1685,645033,16064
2025-07-30T18:18:46.817241,17817,88623,151396813,4063215,5487,31855854,31855854,33078971621056,424494,189123,734107127,373427,5487,66,619867,1599,645148,16033
2025-07-30T18:18:51.938595,17761,81979,151396824,3695110,3048,31860084,31860084,33082576345101,436639,189148,734107200,373476,3048,69,629578,1463,645166,16025
2025-07-30T18:18:57.055294,17764,110627,151396834,3943016,3013,31864533,31864533,33086333657559,432132,189174,734107269,373523,3013,68,637162,1537,645189,17725
2025-07-30T18:19:02.232644,16981,79101,151396842,4023251,3247,31869343,31869343,33090024014671,434425,189200,734107326,373571,3247,66,622778,1683,645213,16353
2025-07-30T18:19:09.272610,19587,89377,151396852,3890712,2176,31874098,31874098,33093841792624,433214,189225,734107409,373619,2176,66,640281,1976,645239,15390
2025-07-30T18:19:52.898544,19885,92434,152394920,5824928,4016,31915961,31915961,33169803349885,433681,189453,737101982,374005,4016,64,964781,1684,645612,15965
2025-07-30T18:20:12.151358,20706,95673,152861034,4110647,3881,31935253,31935253,33205047427635,684331,189554,738500536,374182,3881,66,641258,1710,645730,15502
2025-07-30T18:29:32.940083,17989,83264,165382673,4034957,3180,32460080,32460080,34154683585393,440094,192392,776069936,379229,3180,65,630652,1483,650585,15319
2025-07-30T18:29:38.133299,17763,83416,165382685,3934235,3064,32464874,32464874,34158394569028,435190,192417,776070017,379281,3064,68,640043,1520,650704,16318
2025-07-30T18:29:43.286217,17097,85213,165382694,3679689,2999,32469673,32469673,34162193570663,433437,192443,776070072,379330,2999,65,623889,1642,650751,16434
2025-07-30T18:29:48.445871,17492,85125,165382705,3799137,2987,32474499,32474500,34166140307499,430366,192469,776070150,379378,2987,56,623821,1634,650774,15878
2025-07-30T18:29:53.608829,17817,81451,165382714,3965394,3012,32479308,32479308,34169830965578,424841,192494,776070221,379425,3012,67,631414,1468,650798,15604
2025-07-30T18:29:58.783575,17814,78780,165382723,3840495,3343,32483847,32483847,34173640018853,437577,192520,776070282,379473,3343,65,643776,1526,650818,15253
2025-07-30T18:30:03.912215,16978,76460,165382738,3972051,3241,32487780,32487780,34177387553956,425382,192547,776070377,379525,3241,66,623425,1485,650840,16198
2025-07-30T18:30:09.033616,17195,76109,165382751,3768689,3601,32492587,32492587,34181270173411,434579,192610,776070439,379572,3601,65,634658,1597,650987,15673
2025-07-30T18:30:14.182874,17557,86749,165382760,3722683,4063,32497453,32497453,34185030856947,429423,192635,776070494,379622,4063,63,650321,1761,651103,15308
2025-07-30T18:30:19.321517,17882,81767,165382770,3775657,2872,32502238,32502238,34188897317935,433859,192661,776070561,379670,2872,63,638763,1633,651124,16166
2025-07-30T18:30:24.455499,17730,80180,165382779,3979158,3203,32507029,32507029,34192687431447,431784,192687,776070621,379716,3203,65,635889,1594,651146,16445
2025-07-30T18:30:29.590404,17902,73844,165382788,3833712,3119,32511823,32511823,34196422833459,431686,192713,776070685,379763,3119,67,627662,1564,651168,15365
2025-07-30T18:30:34.738509,18976,83749,165382799,3818586,3509,32516591,32516591,34200153094402,435516,192739,776070760,379812,3509,67,635739,1753,651186,16048
2025-07-30T18:30:39.959827,17920,76661,165382807,3833909,3159,32521385,32521385,34204047619973,433550,192764,776070815,379858,3159,67,627928,1429,651206,16029
2025-07-30T18:30:45.083510,17205,81840,165382829,3742751,3237,32530984,32530984,34212074936843,434946,192816,776070965,379954,3237,65,638709,1637,651312,16149
2025-07-30T18:30:50.227532,17190,83748,165382837,3912635,3160,32535798,32535798,34215844325114,438643,192842,776071031,380001,3160,65,627133,1705,651374,15956
2025-07-30T18:30:55.380328,17490,88385,165382850,3930180,3123,32540600,32540600,34219648165449,430775,192868,776071109,380051,3123,63,627806,1722,651391,15531
2025-07-30T18:31:00.516242,20199,80937,165382858,3891526,3792,32544669,32544669,34223235347281,427180,192894,776071167,380098,3792,60,640598,1636,651417,15560
2025-07-30T18:31:05.662232,17684,81324,165382868,3849193,3000,32549060,32549060,34226996084426,432243,192919,776071233,380149,3000,68,650268,1505,651446,15561
2025-07-30T18:31:10.820150,17543,79618,165382879,4084615,3064,32553936,32553936,34230876732435,438980,192945,776071307,380197,3064,69,634005,1480,651464,15392
2025-07-30T18:31:15.960646,16805,78270,165382888,3846929,2996,32558718,32558718,34234746961287,435331,192971,776071367,380244,2996,62,629913,1454,651570,16511
2025-07-30T18:31:21.080896,20915,78085,165382897,3750798,3882,32563526,32563526,34238465798310,430280,192997,776071434,380294,3882,60,639768,1601,651674,15703
2025-07-30T18:31:26.248513,18195,78501,165382909,3856239,3223,32568324,32568324,34242323573502,450526,193023,776071515,380342,3223,61,636311,1592,651692,15713
2025-07-30T18:31:31.393180,17475,80705,165382917,3688641,3224,32573092,32573092,34246067864354,431413,193048,776071566,380388,3224,72,634355,1548,651710,16370
2025-07-30T18:31:36.518691,17036,79492,165382927,3788812,4967,32577916,32577916,34249834602868,434756,193075,776071646,380437,4967,69,627032,1733,651738,16143
2025-07-30T18:31:41.823057,17518,82613,165382939,3795386,3738,32582686,32582686,34253595557642,430603,193100,776071723,380484,3738,67,630602,1688,651781,15871
2025-07-30T18:31:46.962336,19354,79847,165382947,3961172,4097,32587512,32587512,34257762714893,433533,193126,776071791,380532,4099,63,626088,1957,651799,16391
2025-07-30T18:31:52.081433,17971,82429,165382957,4027658,3036,32592318,32592318,34261539657944,430483,193152,776071858,380579,3036,64,637450,1554,651817,15737
2025-07-30T18:31:57.237635,18530,78228,165382967,3783413,3232,32597097,32597097,34265297776965,435130,193177,776071925,380626,3232,68,646065,1589,651922,15865
2025-07-30T18:32:02.394620,17764,88147,165382976,3915844,3416,32601494,32601494,34269015657561,437145,193203,776071986,380674,3416,62,625666,1574,651942,16110
2025-07-30T18:32:07.533027,17984,86329,165382987,3762427,3066,32605555,32605555,34272794535452,429997,193229,776072058,380722,3066,171,632058,1629,651971,16159
2025-07-30T18:32:12.648125,17520,91221,165382995,3776362,3211,32610415,32610415,34276495041913,433515,193254,776072113,380769,3211,64,627633,1543,651993,15536
2025-07-30T18:32:17.783429,16976,78482,165383005,4050494,2547,32615205,32615205,34280365200347,433576,193280,776072185,380819,2547,66,623706,1747,652013,15899
2025-07-30T18:32:22.913509,17968,76877,165383017,3860745,3145,32620026,32620026,34284191951198,427532,193306,776072279,380872,3145,64,636185,1562,652068,15484
2025-07-30T18:32:28.076849,18239,80085,165383026,3928704,3269,32624821,32624821,34287896393990,432466,193332,776072333,380918,3269,67,626384,1634,652188,15740
2025-07-30T18:32:33.226029,17503,79767,165383036,3724444,4391,32629615,32629615,34291821611374,433597,193358,776072405,380967,4391,66,637223,1655,652218,16216
2025-07-30T18:32:38.341474,18206,80564,165383045,3778102,3236,32634413,32634413,34295706418725,435294,193384,776072471,381014,3236,67,624041,1471,652330,15396
2025-07-30T18:32:43.456308,17251,82772,165383053,3771142,3066,32639191,32639191,34299337255342,440739,193409,776072537,381062,3066,65,638954,1497,652416,15611
2025-07-30T18:32:48.602923,16684,78296,165383063,3853253,3345,32644003,32644003,34303221848117,437495,193435,776072616,381110,3345,69,629533,1973,652436,15657
2025-07-30T18:32:53.838480,17571,84863,165383072,3870272,5120,32648824,32648824,34307021613060,438946,193461,776072675,381157,5120,63,630743,1892,652454,15296
2025-07-30T18:32:58.968093,17560,79334,165383082,3803278,3084,32653621,32653621,34310921522317,433416,193487,776072737,381205,3084,67,633949,1468,652472,16109
2025-07-30T18:33:04.107782,18120,82124,165383094,3707734,3394,32658304,32658304,34314689664032,441495,193550,776072815,381253,3394,66,629037,1540,652502,16992
2025-07-30T18:33:09.238202,17366,83001,165383102,3903709,3126,32662416,32662416,34318419336018,431049,193576,776072867,381301,3126,60,628592,1459,652529,15632
2025-07-30T18:33:14.363929,17499,85992,165383112,3805072,3464,32666972,32666972,34322318814763,431917,193602,776072936,381350,3464,66,628617,1502,652713,15345
2025-07-30T18:33:19.498235,17330,90845,165383121,3853640,3043,32671764,32671764,34326177355673,436562,193628,776073010,381396,3043,67,621192,1689,652733,15846
2025-07-30T18:33:24.631925,20258,101761,165383129,3865989,3617,32676550,32676550,34329964646347,436571,193653,776073063,381443,3617,62,629075,1567,652813,15551
2025-07-30T18:33:29.752929,23312,84844,165383143,3801737,3129,32681346,32681346,34333756521115,432852,193679,776073147,381493,3129,69,631805,1651,652891,15834
2025-07-30T18:33:34.895602,17692,96469,165383152,3723500,2948,32686129,32686129,34337551718874,426085,193705,776073206,381539,2948,59,630378,1549,652911,15029
2025-07-30T18:33:40.079193,17703,81007,165383170,4048728,3161,32695716,32695716,34345142808352,425066,193756,776073334,381634,3161,63,641083,1561,652953,15941
2025-07-30T18:33:45.225894,17402,81659,165383179,3919782,3461,32700529,32700529,34348900284897,443303,193782,776073401,381681,3461,66,643063,1693,653025,15925
2025-07-30T18:33:50.353266,19290,83467,165383187,3901205,2915,32705346,32705346,34352702241857,439180,193808,776073469,381729,2915,72,630163,1633,653045,15711
2025-07-30T18:33:55.508215,18001,86300,165383199,3995898,3261,32710157,32710157,34356414554970,430755,193834,776073548,381777,3261,67,633311,1639,653145,17121
2025-07-30T18:34:00.664859,17597,79038,165383207,3992142,3349,32714976,32714976,34360234516770,427018,193860,776073602,381823,3349,65,625513,1644,653167,15819
2025-07-30T18:34:05.800523,18254,75104,165383218,3726824,3200,32719225,32719225,34363986424580,427548,193885,776073674,381872,3200,67,631559,1476,653255,16103
2025-07-30T18:34:10.934836,20676,75777,165385215,3787656,3988,32723562,32723562,34367979015020,434245,193948,776081800,381973,3988,65,634125,1918,653564,16898
2025-07-30T18:34:16.114280,19318,78801,165389201,3884993,3477,32728430,32728430,34372458195606,440159,194013,776097979,382129,3477,160,767289,1832,654370,16167
2025-07-30T18:34:21.240893,18101,78054,165393188,3944193,2957,32733294,32733294,34376904894414,446917,194079,776114171,382284,2957,64,630772,1521,654874,16150
2025-07-30T18:34:26.375699,17675,81721,165397172,4025669,3053,32738179,32738179,34381388513010,442513,194144,776130347,382439,3053,66,635550,1556,655328,15637
2025-07-30T18:34:31.516855,18598,86318,165400641,4070484,3497,32743033,32743033,34385676787739,432960,194209,776144431,382582,3497,67,635483,1664,656318,16786
2025-07-30T18:34:36.683764,15460,81100,165405146,3753479,3190,32747931,32747931,34390298181242,435232,194276,776162733,382753,3190,67,632087,1634,656843,16925
2025-07-30T18:34:41.802579,21721,83433,165409131,3650649,3571,32752801,32752801,34394796767818,485442,194301,776178923,382907,3571,65,627478,2073,657293,16224
2025-07-30T18:34:47.035941,17845,86941,165413115,3806828,3047,32757811,32757811,34399267227857,446768,194367,776195156,383065,3047,65,633277,1566,657773,15835
2025-07-30T18:34:52.205941,19118,78289,165417103,3638905,3658,32762714,32762714,34403965840852,430803,194434,776211356,383221,3658,73,638945,1607,659043,16130
2025-07-30T18:34:57.324070,18339,82885,165421087,4453927,3078,32767597,32767597,34408571986001,429555,194500,776227527,383376,3078,65,636415,1590,659541,15604
2025-07-30T18:35:02.496810,17889,83845,165425574,3777997,3404,32772227,32772227,34413033787160,431275,194566,776245739,383544,3404,64,633174,1541,660112,16045
2025-07-30T18:35:07.619261,17979,79623,165430053,3944028,3481,32776264,32776264,34417571714713,424954,194633,776263943,383713,3481,62,635746,1579,660645,20197
2025-07-30T18:35:12.764315,17785,83129,165434037,3894080,3637,32781225,32781225,34421963643199,434584,194658,776280123,383868,3637,64,619153,2003,661140,15864
2025-07-30T18:35:17.943149,17517,81636,165438023,3883410,3009,32786105,32786105,34426618799622,432673,194724,776296309,384024,3009,65,633077,1660,661622,15790
2025-07-30T18:35:23.069258,14290,79917,165442009,3731275,2882,32790979,32790979,34431138629289,445369,194791,776312494,384180,2882,66,641735,1560,662076,17006
2025-07-30T18:35:28.266529,18778,84515,165445993,4207906,3959,32795874,32795874,34435707287497,432176,194857,776328668,384336,3959,63,648363,1514,663468,15873
2025-07-30T18:35:33.388749,19891,88376,165449981,3943622,4272,32800743,32800743,34440141839081,441396,194923,776344865,384492,4272,77,651061,1669,663918,15657
2025-07-30T18:35:38.539836,17364,76181,165454959,3763350,2879,32805644,32805644,34444866541797,435812,194989,776365070,384674,2879,64,637675,1554,664484,15771
2025-07-30T18:35:43.702616,17439,77549,165458945,3917593,3964,32810517,32810517,34449251587204,434721,195015,776381259,384831,3964,63,632982,1766,664936,16542
2025-07-30T18:35:48.860658,17717,79036,165462933,3782640,4560,32815414,32815414,34453805375293,443870,195081,776397465,384986,4560,67,644793,1786,665418,15964
2025-07-30T18:35:53.978567,19855,83886,165466917,3853203,3589,32820321,32820321,34458396482056,439545,195147,776413635,385141,3589,64,637469,1764,665871,15475
2025-07-30T18:35:59.135140,17252,86411,165470903,4407781,6377,32825215,32825215,34462862632551,435516,195214,776429827,385298,6377,66,623660,1770,667227,16004
2025-07-30T18:36:04.290181,18216,85055,165474889,3944785,3413,32829562,32829562,34467328481856,429345,195280,776446010,385453,3413,169,637479,1805,667684,15395
2025-07-30T18:36:09.423823,17856,82808,165478873,3995522,3264,32833842,32833842,34471772804836,434816,195305,776462189,385609,3264,64,634270,1597,668136,16584
2025-07-30T18:36:14.587570,17035,84697,165483854,3980176,3474,32838833,32838833,34476431299952,440582,195372,776482414,385791,3474,67,631442,1629,668672,16570
2025-07-30T18:36:19.708053,18248,81488,165487840,4020196,4321,32843712,32843712,34480902564211,432658,195438,776498603,385948,4388,67,639259,2601,669205,15347
2025-07-30T18:36:24.841623,17197,79252,165491823,3750771,3215,32848599,32848599,34485393686778,709676,195505,776514793,386103,3215,68,633137,1632,669701,15710
2025-07-30T18:36:29.980559,17424,80970,165499795,3989955,3157,32858357,32858357,34494375622913,437068,195638,776547171,386413,3157,65,640669,1618,671518,16209
2025-07-30T18:36:35.149101,17921,81638,165503781,3850290,3196,32863244,32863244,34498851758899,425979,195663,776563361,386570,3196,66,629420,1572,671968,15733
2025-07-30T18:36:40.302665,19028,100437,165507766,3963216,3385,32868130,32868130,34503392724937,440509,195730,776579543,386724,3385,69,705184,1635,672454,16089
2025-07-30T18:36:45.447972,20337,79485,165512746,4265027,3274,32873048,32873048,34508493580162,428574,195796,776599761,386907,3274,72,657987,1653,673744,15421
2025-07-30T18:36:50.586602,19006,101647,165516735,3875687,3356,32877960,32877960,34513009149503,435972,195863,776615960,387064,3356,65,639425,1583,674238,15982
2025-07-30T18:36:55.768762,20752,79478,165520720,3922546,3502,32882752,32882752,34517542016315,426992,195929,776632144,387219,3502,75,644193,1698,674720,16152
2025-07-30T18:37:00.934674,17639,80704,165524705,3684366,3070,32886851,32886851,34521823343267,442050,195995,776648321,387375,3070,63,633644,1680,675211,16487
2025-07-30T18:37:06.072709,17750,101148,165528691,3890794,3130,32891470,32891470,34526504222708,439306,196020,776664512,387531,3130,80,633528,1389,676329,15797
2025-07-30T18:37:11.279233,16692,84242,165532678,5898836,3178,32896441,32896441,34531044143889,430219,196087,776680697,387686,3178,65,638277,1514,676779,16095
2025-07-30T18:37:16.421025,19115,91982,165537656,3858015,3286,32901340,32901340,34535686464029,424362,196153,776700911,387868,3286,63,650688,1648,677343,16141
2025-07-30T18:37:21.568047,17168,81683,165541643,3803111,3288,32906245,32906245,34540307936479,431074,196219,776717123,388028,3288,63,647459,1696,678483,24191
2025-07-30T18:37:26.693065,22866,85336,165545627,3983910,3006,32911138,32911138,34544787563022,660787,196286,776733295,388183,3006,69,627001,1664,678937,16928
2025-07-30T18:37:31.848275,17256,81726,165549614,3808815,3018,32915993,32915993,34549261262337,429053,196351,776749485,388339,3018,66,624515,1571,679387,15520
2025-07-30T18:37:37.010281,20114,89176,165553599,3824490,3557,32920881,32920881,34553834878778,443054,196377,776765671,388494,3557,67,647517,1740,679841,15738
2025-07-30T18:37:42.138690,17408,80693,165557583,3935274,3043,32925756,32925756,34558303206212,449627,196443,776781844,388650,3043,66,620863,1606,680333,15704
2025-07-30T18:37:47.288428,17942,91444,165561570,3928206,2965,32930671,32930671,34562849837285,438244,196510,776798045,388806,2965,70,630991,1554,680783,15909
2025-07-30T18:37:52.472625,16966,85093,165566549,3897618,3379,32935584,32935584,34567551679881,436186,196576,776818255,388989,3379,63,639471,1590,682269,15436
2025-07-30T18:37:57.663621,20164,80488,165570535,4716035,3622,32939767,32939767,34571929945242,438923,196643,776834442,389147,3622,61,642727,1576,682777,16880
2025-07-30T18:38:02.795762,18182,79168,165574523,3704334,3142,32944208,32944208,34576347991458,559167,196709,776850642,389302,3142,155,634537,1852,683282,16611
2025-07-30T18:38:07.955778,16902,84736,165578508,3821977,3212,32949094,32949094,34580822208824,430558,196734,776866830,389457,3212,66,635786,1585,683771,15261
2025-07-30T18:38:13.074970,18235,79892,165582492,3958053,3127,32954064,32954064,34585332288056,434403,196801,776883011,389613,3127,67,631954,1486,684251,15752
2025-07-30T18:38:18.278672,20074,81020,165586480,3928954,3658,32958938,32958938,34589637141830,433048,196866,776899207,389769,3658,64,641208,1565,684736,16029
2025-07-30T18:38:23.432124,17754,91081,165589470,3870514,3168,32963785,32963785,34594078261482,448491,196931,776911352,389897,3168,67,636268,1570,685963,29092
2025-07-30T18:38:28.563170,18724,86602,165593456,3821646,3158,32968662,32968662,34598496654234,430337,196996,776927539,390054,3158,68,618588,1586,686447,16075
2025-07-30T18:38:33.699599,17666,78686,165597442,3907370,3221,32973505,32973505,34602742761330,434851,197061,776943732,390209,3221,62,638892,1772,686707,16130
2025-07-30T18:38:38.896781,20397,82497,165601426,4013393,3725,32978426,32978427,34607456635009,427986,197127,776959908,390365,3725,68,638853,1666,687371,15329
2025-07-30T18:38:44.089890,18209,84764,165605412,4029685,3230,32983310,32983310,34612118926421,432515,197194,776976094,390521,3230,72,641596,1533,688583,15963
2025-07-30T18:38:49.237355,22687,83357,165610004,3764363,3359,32988230,32988230,34616818177652,438031,197260,776994778,390699,3359,65,631929,1573,689141,15836
2025-07-30T18:38:54.377301,17017,101664,165614375,4028176,3201,32992817,32992817,34621243383601,431594,197327,777012502,390858,3201,63,634917,1520,689701,16040
2025-07-30T18:38:59.559925,16842,81093,165618362,3831907,2899,32996886,32996886,34625733284721,438070,197352,777028696,391014,2899,63,645864,1607,690179,15806
2025-07-30T18:39:04.726653,17688,80332,165622347,3744790,3396,33001808,33001808,34630220977000,448786,197419,777044869,391169,3396,68,652705,1904,690684,15531
2025-07-30T18:39:09.867303,22217,80218,165626333,3731339,3050,33006784,33006784,34636713107367,680078,197485,777061058,391327,3050,69,634800,1533,691779,14924
2025-07-30T18:39:15.001330,16354,111132,165634313,4174877,1751,33016712,33016712,34647777886505,434412,197617,777093424,391638,1751,70,633765,1867,693432,16104
2025-07-30T18:39:20.107010,18105,78296,165638700,4516741,3568,33021639,33021639,34652347881116,429873,197684,777111257,391810,3568,68,638587,1651,693944,15740
2025-07-30T18:39:25.239908,18341,84970,165643278,3772083,3142,33026531,33026531,34656824653807,434781,197709,777129836,391977,3142,60,645186,1482,694446,15894
2025-07-30T18:39:30.382720,17493,116078,165647262,3877098,3013,33031419,33031419,34661232655688,434442,197776,777146013,392132,3013,72,638651,1499,694896,15833
2025-07-30T18:39:35.627016,17932,86344,165651248,3865311,2652,33036314,33036314,34665862069942,705798,197842,777162213,392288,2652,64,630362,1891,695346,15611
2025-07-30T18:39:40.763476,18346,84550,165655233,3697318,3408,33041182,33041182,34670385659310,429073,197908,777178392,392443,3408,56,625816,1678,696441,15775
2025-07-30T18:39:45.900129,17356,84619,165659219,4341758,3328,33046035,33046035,34674917892032,434964,197933,777194597,392599,3328,67,631666,1541,697391,15356
2025-07-30T18:39:51.056650,20978,80468,165664200,4028520,2112,33050247,33050247,34679485302578,429886,198001,777214817,392782,2112,71,661992,1925,697948,15722
2025-07-30T18:39:56.216660,18012,97462,165668184,3883199,3150,33054824,33054824,34683934663762,427442,198068,777230994,392936,3150,121,634438,1586,698401,16613
2025-07-30T18:40:01.353815,18414,87719,165672171,3728992,3205,33059702,33059702,34688385558052,430397,198134,777247184,393093,3205,70,646362,1630,699598,15259
2025-07-30T18:40:06.493450,23822,82225,165676156,3798851,3170,33064587,33064587,34692972539950,435223,198200,777263368,393248,3170,64,631572,1452,700049,15826
2025-07-30T18:40:11.604280,19116,78664,165680140,3897031,3610,33069566,33069566,34697621226649,429859,198267,777279554,393404,3610,73,638189,1936,700503,17188
2025-07-30T18:40:16.736422,18014,80436,165684130,3885816,3160,33074447,33074447,34702115239267,444436,198292,777295767,393561,3160,78,637338,1499,701649,15627
2025-07-30T18:40:21.901473,18465,82234,165688115,3907699,3712,33079340,33079340,34706607361182,436300,198359,777311952,393716,3712,68,640843,1768,702107,15847
2025-07-30T18:40:27.075053,19202,76533,165692862,4079768,3151,33084261,33084261,34711313361634,447461,198426,777331216,393889,3151,63,648129,1571,702596,16202
2025-07-30T18:40:32.263248,19319,80289,165697080,3978052,4509,33089131,33089134,34715893188391,435286,198492,777348353,394054,4509,60,647669,1506,703121,15905
2025-07-30T18:40:37.424952,16555,83348,165701065,3993201,2994,33094025,33094025,34720499103008,422814,198558,777364528,394209,2994,61,629394,1601,703571,15783
2025-07-30T18:40:42.561220,17443,85045,165705049,3821338,3274,33098918,33098918,34724881160788,435143,198625,777380711,394365,3274,63,631320,1717,704023,15845
2025-07-30T18:40:47.707227,18970,83640,165709036,4509763,4290,33103817,33103817,34729563408601,433288,198650,777396913,394521,4290,66,633780,2020,705443,17182
2025-07-30T18:40:53.025217,17570,81169,165713020,3775642,3315,33108236,33108236,34733938891998,441785,198716,777413088,394676,3315,67,634962,1630,705899,15675
2025-07-30T18:40:58.206352,17907,81862,165717006,3817261,2964,33112496,33112496,34738665912387,444676,198783,777429274,394833,2964,66,638819,1695,706351,15869
2025-07-30T18:41:03.322841,19313,85928,165721986,4093027,3709,33117394,33117394,34743324037320,431205,198849,777449494,395015,3709,70,636937,1706,706901,16151
2025-07-30T18:41:08.499907,18810,84341,165725970,3758338,2985,33122273,33122273,34747888582803,440179,198915,777465669,395170,2985,63,658920,1522,708147,15478
2025-07-30T18:41:13.651779,17421,78833,165729957,4014761,3337,33127227,33127227,34752372985742,432851,198981,777481866,395326,3337,71,629957,1594,708598,15654
2025-07-30T18:41:18.808180,17749,84325,165733941,3841086,3127,33132113,33132113,34757001485706,433842,199046,777498047,395481,3127,68,628212,1628,709630,15084
2025-07-30T18:41:24.033351,18272,79289,165737928,3806636,3839,33137018,33137018,34761534392926,439523,199072,777514241,395639,3839,64,640221,1692,710164,16340
2025-07-30T18:41:29.155549,16418,79505,165741915,3857311,2998,33141915,33141915,34766089377820,433278,199139,777530443,395795,2998,62,621620,1523,710618,16443
2025-07-30T18:41:34.337388,17184,80370,165746395,3942457,2986,33146812,33146812,34770513386781,436145,199205,777548643,395958,2986,66,620639,1623,711087,15118
2025-07-30T18:41:39.463173,18000,80895,165750879,5158781,3333,33151697,33151697,34775230092949,444885,199271,777566836,396131,3333,60,637480,1594,712324,15481
2025-07-30T18:41:44.618211,18620,80245,165754866,3690642,3465,33156584,33156584,34779674335108,433759,199338,777583026,396287,3465,58,623771,1739,712776,15781
2025-07-30T18:41:49.787112,20670,110369,165758850,3997373,3286,33161437,33161437,34784277419738,438893,199404,777599206,396442,3286,64,645339,1580,713230,15127
2025-07-30T18:41:54.925319,17614,78760,165762836,3815874,3197,33165705,33165705,34788723531004,427723,199429,777615407,396598,3197,63,634777,1452,714403,18571
2025-07-30T18:42:00.088281,16803,77989,165770806,3723199,3196,33175047,33175046,34797488508910,445769,199562,777647770,396909,3196,63,634092,1636,715310,15750
2025-07-30T18:42:05.234910,21003,82168,165774792,4039637,3673,33179931,33179931,34802034975642,439498,199628,777663957,397065,3673,67,642759,1703,716448,15507
2025-07-30T18:42:10.466316,18846,84203,165778796,3785883,3173,33184911,33184911,34806587350444,433991,199695,777680218,397221,3173,66,637775,1557,716898,15555
2025-07-30T18:42:15.613943,17883,79028,165782762,3803276,2893,33189805,33189805,34811093537408,438968,199760,777696317,397377,2893,68,645138,1525,717350,16137
2025-07-30T18:42:20.762142,18638,79256,165786750,3832530,3708,33194721,33194721,34815577461208,435995,199825,777712527,397537,3708,63,628384,1696,717848,15700
2025-07-30T18:42:25.987107,19302,93396,165790734,3857120,2920,33199615,33199615,34819965337160,428010,199891,777728697,397692,2920,65,720209,1614,718298,15461
2025-07-30T18:42:31.109918,18075,78756,165793727,6817490,3151,33204485,33204485,34824270501107,441555,199916,777740867,397823,3151,62,635593,1452,718651,15503
2025-07-30T18:42:36.254656,17907,81168,165798439,3995492,3291,33209405,33209405,34829164591774,434540,199982,777760003,398000,3291,65,631262,1721,720048,15777
2025-07-30T18:42:41.389346,23726,78568,165802695,4395572,3688,33214282,33214282,34833626864379,438230,200048,777777272,398161,3688,65,854909,1644,720560,15696
2025-07-30T18:42:46.536319,17513,83689,165806683,3836525,3216,33218682,33218682,34838418633392,437069,200114,777793476,398318,3216,77,630915,1606,721012,15461
2025-07-30T18:42:51.751793,17606,112230,165810668,3741191,3264,33222981,33222981,34842961251044,433488,200181,777809658,398472,3264,69,634301,1607,722112,15197
2025-07-30T18:42:56.905865,17641,77640,165814652,4091633,3189,33227877,33227877,34847489740916,432184,200248,777825847,398628,3189,63,637835,1624,722562,18478
2025-07-30T18:43:02.052247,16928,76340,165818640,3713869,2859,33232751,33232751,34851917961757,494315,200273,777842039,398784,2859,70,636143,1875,723019,16836
2025-07-30T18:43:07.196546,20541,83680,165822625,3717861,3444,33237640,33237640,34856513146308,567012,200339,777858232,398939,3444,65,633906,1820,724114,15569
2025-07-30T18:43:12.355138,17358,78348,165827603,3870455,3254,33242637,33242637,34861288343738,435557,200406,777878436,399122,3254,64,632114,1613,724786,16372
2025-07-30T18:43:17.499991,16525,81086,165831590,3841594,3111,33247529,33247529,34865816402650,429543,200472,777894628,399278,3111,62,629831,1615,725240,15641
2025-07-30T18:43:22.686461,17183,76121,165835574,4065927,3140,33252417,33252417,34870315362252,433850,200539,777910803,399433,3140,76,632350,1535,725691,16063
2025-07-30T18:43:27.845360,21719,84371,165839560,4136083,3722,33257329,33257329,34874998112948,431054,200606,777926990,399590,3722,64,670512,1688,726141,16078
2025-07-30T18:43:32.978406,17210,82868,165843546,3734983,3239,33262203,33262203,34879573707319,423644,200631,777943181,399745,3239,73,631297,1567,727356,15690
2025-07-30T18:43:38.095109,18584,86856,165847530,3744397,4795,33267113,33267113,34884099726592,426078,200698,777959361,399902,4795,65,645112,1835,727810,15366
2025-07-30T18:43:43.219992,18625,79370,165851519,4113392,3280,33271989,33271989,34888566123639,437258,200765,777975575,400060,3280,67,638352,1618,728849,15476
2025-07-30T18:43:48.357439,16944,87389,165856498,3830170,2927,33276361,33276361,34893132055567,443728,200831,777995799,400241,2927,64,626951,1583,729500,15927
2025-07-30T18:43:53.513327,19971,83711,165860482,3909497,5257,33280712,33280712,34897618947962,436272,200897,778011971,400397,5257,65,636151,1596,729952,15805
2025-07-30T18:43:58.671703,17486,80337,165864468,3815686,3224,33285609,33285609,34902146892724,440052,200964,778028162,400553,3224,68,646088,1572,731075,15797
2025-07-30T18:44:03.829946,17599,80005,165868454,4332811,3324,33290534,33290536,34906613428149,436157,200989,778044342,400708,3324,66,638470,1694,731560,16146
2025-07-30T18:44:08.970990,17557,77403,165872438,3611727,6872,33295433,33295433,34911219980377,432078,201055,778060520,400863,6872,92,646759,1767,732042,15926
2025-07-30T18:44:14.103443,17963,81273,165874437,3726532,4112,33300347,33300347,34915295333052,441102,201122,778068655,400965,4112,64,635123,1627,732531,15766
2025-07-30T18:44:19.265915,17614,85377,165874445,3903221,3200,33305171,33305171,34919170273252,431066,201147,778068710,401012,3200,65,644214,1404,732940,14975
2025-07-30T18:44:24.419806,16157,82429,165874456,3827829,3793,33309967,33309967,34922976635612,432725,201173,778068775,401061,3793,70,632372,1628,732970,15377
2025-07-30T18:44:29.534126,18029,80766,165874465,3862564,3270,33314767,33314767,34926713628869,434457,201199,778068841,401107,3270,64,635712,1529,732992,16131
2025-07-30T18:44:34.692173,18716,87601,165874474,3887886,3282,33319563,33319563,34930486114906,453658,201225,778068900,401154,3282,66,647482,1521,733036,15694
2025-07-30T18:44:39.826615,18164,85306,165874485,3728893,3443,33324358,33324358,34934211019210,430223,201251,778068985,401201,3443,75,632019,1582,733060,15893
2025-07-30T18:44:44.953209,17794,80633,165874493,3733347,2913,33329140,33329140,34938063823513,433219,201276,778069042,401248,2913,71,632325,1601,733110,15586
2025-07-30T18:44:50.078285,22617,82381,165874514,3843051,3092,33337786,33337786,34945537785217,429594,201328,778069224,401348,3092,65,623295,1593,733315,16124
2025-07-30T18:44:55.300097,17816,79438,165874523,3796099,2874,33342563,33342563,34949143211387,435693,201353,778069283,401394,2874,69,637353,1513,733334,16110
2025-07-30T18:45:00.495390,19389,78769,165874531,3804141,3370,33347367,33347367,34953046808482,429483,201379,778069343,401442,3370,64,640443,1574,733356,15734
2025-07-30T18:45:05.606841,17655,81753,165874544,3887981,3036,33352164,33352164,34956958217703,441009,201406,778069420,401490,3036,68,633917,1591,733379,15449
2025-07-30T18:45:10.754238,17036,81212,165874552,3830681,3216,33357026,33357026,34960712870989,439256,201431,778069470,401537,3216,63,631740,1589,733397,16160
2025-07-30T18:45:15.886350,17531,78216,165874564,3846216,3343,33361821,33361821,34964650592930,439039,201457,778069547,401585,3343,68,637819,1657,733501,15154
2025-07-30T18:45:22.635847,20606,85162,165874573,3787327,3611,33366601,33366603,34968276891487,436221,201483,778069612,401632,3611,66,640032,1911,733519,15299
2025-07-30T18:45:27.775353,17271,83048,165874581,3725478,3102,33371413,33371413,34972126186309,441924,201509,778069667,401679,3102,70,635582,1749,733564,16290
2025-07-30T18:45:32.935172,18068,83741,165874591,4084565,3100,33376247,33376247,34976009149022,434120,201535,778069734,401726,3100,63,633161,1547,733586,15679
2025-07-30T18:45:38.127189,17532,79241,165874601,4956476,3273,33381031,33381031,34979841729465,432908,201560,778069798,401773,3273,67,652891,1625,733604,15716
2025-07-30T18:45:43.252364,18099,87011,165874609,3629361,2969,33385831,33385831,34983591949285,433134,201586,778069874,401820,2969,65,626914,1557,733622,15704
2025-07-30T18:45:48.378942,20138,87125,165874620,3922227,3699,33390453,33390453,34987317140799,433099,201612,778069971,401868,3699,69,642009,1509,733643,16554
2025-07-30T18:45:53.561313,19675,95052,165874628,3779579,3051,33394607,33394607,34991065718696,432044,201637,778070023,401915,3051,73,639000,1567,733754,15834
2025-07-30T18:45:58.707152,22677,78068,165874639,3888956,3125,33399142,33399142,34994812888813,434136,201663,778070095,401965,3125,64,633327,1546,733840,15684
2025-07-30T18:46:03.880742,18007,79765,165874651,3862938,3013,33403942,33403942,34998633481439,442792,201689,778070171,402013,3013,67,635815,1598,733966,15406
2025-07-30T18:46:09.017874,16573,80139,165874660,3735951,3243,33408730,33408730,35002482236263,429986,201714,778070230,402060,3243,61,630618,1622,733989,15595
2025-07-30T18:46:14.148151,22153,81735,165874670,4006644,3378,33413607,33413607,35006270929190,427832,201740,778070313,402109,3378,62,629803,1758,734069,16482
2025-07-30T18:46:19.269302,17220,83993,165874680,3867400,2549,33418414,33418414,35010172044131,433578,201766,778070380,402159,2549,65,626940,1538,734147,15287
2025-07-30T18:46:24.398385,18061,76361,165874688,3718974,2992,33423194,33423194,35013841870401,435601,201791,778070437,402207,2992,60,626250,1488,734231,16637
2025-07-30T18:46:29.525833,17270,83838,165874698,3910239,3626,33428007,33428007,35017676655093,440045,201817,778070505,402255,3626,68,665891,1611,734313,15589
2025-07-30T18:46:34.707408,18830,75932,165874707,3666442,3708,33432793,33432793,35021439645858,437936,201843,778070566,402302,3708,68,632803,1560,734332,15710
2025-07-30T18:46:39.876698,18035,85320,165874717,3975521,2922,33437585,33437585,35025300312234,444636,201869,778070627,402350,2922,65,634255,1536,734468,16368
2025-07-30T18:46:45.052788,17454,80737,165874736,3779201,4598,33447072,33447072,35032866302301,430075,201920,778070770,402444,4598,67,626769,1626,734630,15793
2025-07-30T18:46:50.201209,19877,81196,165874746,4105686,4773,33451344,33451346,35036459669683,429710,201946,778070834,402493,4773,64,632261,1661,734712,16019
2025-07-30T18:46:55.353938,17864,84223,165874755,3874162,3075,33455706,33455706,35040173408891,436063,201972,778070901,402540,3075,73,631243,1648,734795,17250
2025-07-30T18:47:00.499956,18037,77937,165874763,3960855,3362,33460498,33460498,35043996988486,428654,201997,778070959,402588,3362,67,637776,1505,734817,16249
2025-07-30T18:47:05.644518,17072,81516,165874777,4185849,3147,33465287,33465287,35047801168407,425848,202023,778071044,402638,3147,63,629269,1672,734904,15639
2025-07-30T18:47:10.828530,18413,80150,165874786,3977731,3326,33470189,33470189,35051759900110,429269,202050,778071105,402685,3326,65,645444,1627,735021,15538
2025-07-30T18:47:15.957317,16141,80851,165874794,4002818,3112,33474977,33474977,35055682122574,431601,202075,778071159,402733,3112,68,629742,1482,735103,16045
2025-07-30T18:47:21.093821,19133,78901,165874804,4021049,3203,33479813,33479813,35059566548557,438207,202101,778071258,402786,3203,67,648639,1591,735189,15797
2025-07-30T18:47:26.209338,17788,83336,165874813,3892139,2885,33484608,33484608,35063385236755,435846,202127,778071315,402832,2885,68,634994,1532,735207,15350
2025-07-30T18:47:31.426013,16776,77480,165874821,3911275,3071,33489386,33489386,35067137367977,431678,202152,778071376,402880,3071,64,626510,1567,735293,16283
2025-07-30T18:47:36.586832,17915,84015,165874833,3937575,3694,33494186,33494186,35071056329875,438458,202178,778071451,402928,3694,65,626089,1563,735313,15750
2025-07-30T18:47:41.745621,17618,73074,165874841,3828222,3006,33498980,33498980,35074845200615,430929,202204,778071506,402974,3006,67,637407,1653,735331,16001
2025-07-30T18:47:46.913635,20259,82266,165874851,3752645,3635,33503800,33503800,35078627663101,430896,202230,778071598,403023,3635,64,644624,1694,735391,17167
2025-07-30T18:47:52.052375,22653,84291,165874860,3815437,5512,33508071,33508071,35082354741688,429228,202256,778071667,403069,5512,65,646157,1738,735415,15716
2025-07-30T18:47:57.181119,17567,85622,165874868,3764282,4442,33512266,33512266,35086049186002,428780,202281,778071723,403117,4442,69,630714,1536,735437,15668
2025-07-30T18:48:02.327319,17929,79896,165874878,3937988,3079,33517066,33517066,35089854142198,434938,202307,778071790,403164,3079,68,630096,1505,735560,17896
2025-07-30T18:48:07.455043,18331,79552,165874888,4400253,3103,33521864,33521864,35093581677851,441545,202333,778071857,403211,3103,68,637013,1704,735582,15858
2025-07-30T18:48:12.623873,18132,91471,165874900,3731796,3491,33526724,33526724,35097351000329,425794,202358,778071929,403260,3491,63,630606,1652,735600,15543
2025-07-30T18:48:17.777363,17690,88742,165874911,3817807,2947,33531514,33531514,35101247431092,436595,202384,778072006,403308,2947,67,640180,1609,735618,15688
2025-07-30T18:48:22.922357,17525,78904,165874920,3759696,3145,33536296,33536296,35105032400920,442147,202410,778072062,403355,3145,70,647720,1493,735638,15625
2025-07-30T18:48:28.072482,18803,82173,165874928,3991526,3089,33541096,33541096,35108785949592,430508,202436,778072122,403403,3089,65,641750,1666,735688,15691
2025-07-30T18:48:33.207810,17121,79581,165874940,4083976,3390,33545887,33545887,35112586080237,435563,202462,778072201,403450,3390,65,626932,1724,735796,15461
2025-07-30T18:48:38.349754,17708,85347,165874949,3943582,3220,33550676,33550676,35116428799739,428115,202488,778072262,403497,3220,61,633597,1530,735804,15724
2025-07-30T18:48:43.471610,17772,88351,165874959,3794882,3102,33555469,33555469,35120120744215,427641,202513,778072331,403545,3102,65,632675,1555,735890,15404
2025-07-30T18:48:48.604175,17412,80726,165874970,3724548,3083,33560282,33560282,35124431641806,431397,202539,778072410,403592,3083,65,622541,1481,735936,15587
2025-07-30T18:48:53.719113,17512,80866,165874978,3839840,3179,33564918,33564918,35128225809748,430713,202565,778072471,403640,3179,76,634110,1534,735958,15418
2025-07-30T18:48:58.900872,17243,77075,165874988,3786224,3338,33569059,33569059,35131880971643,441532,202591,778072539,403688,3338,65,628842,1619,735976,15278
2025-07-30T18:49:04.062879,19272,81184,165874997,3794471,3949,33573601,33573601,35135646926773,426884,202617,778072601,403735,3949,73,621817,1715,736058,15843
2025-07-30T18:49:19.253142,21494,95415,166060009,5893479,4206,33588054,33588054,35154793960149,428407,202692,778595410,403869,4206,75,948964,1720,736280,20472
2025-07-30T18:49:32.521572,24876,88150,166420062,5747845,3985,33602439,33602439,35180915145845,431477,202768,779612799,403995,3985,62,991617,1759,736459,15162
2025-07-30T18:50:12.048936,20431,93920,167389148,4205840,3633,33639789,33639789,35250262693373,437659,202971,782351441,404348,3633,66,646444,1811,736974,15925
2025-07-30T18:50:21.957568,19550,88691,167630750,4003615,3464,33649144,33649144,35267501516400,427027,203022,783033779,404431,3464,69,631796,1670,737072,15633
2025-07-30T18:51:08.521653,19164,87477,168722331,5897570,3920,33690289,33690289,35345346579422,434807,203250,786116710,404808,3920,67,626937,1852,737365,15449
2025-07-30T18:51:17.742489,19964,92893,168965066,5101985,3841,33699965,33699965,35362908485490,434344,203301,786802457,404903,3841,60,628724,1611,737428,16606
2025-07-30T18:51:26.450376,20699,101793,169205098,4090997,3749,33709587,33709587,35380319416695,432933,203352,787481040,405000,3749,68,639781,1631,737542,15771
2025-07-30T18:51:32.848423,19531,91599,169325597,4095101,4026,33714383,33714383,35389089301485,668984,203377,787821317,405039,4026,65,633669,1700,737559,20108
2025-07-30T18:52:05.457401,20276,88103,170169382,4065119,4310,33746998,33746998,35449600434535,433955,203554,790205041,405338,4310,68,636419,1744,737892,15546
2025-07-30T18:52:19.131147,20215,89475,170411559,6371429,3834,33756717,33756717,35467117438536,431978,203603,790888070,405429,3834,69,632424,1810,738016,15355
2025-07-30T18:52:34.181052,20463,93750,170775349,4092084,3688,33770596,33770596,35493138343879,670645,203680,791915476,405573,3688,67,646420,1681,738100,15222
2025-07-30T18:52:45.035967,22119,92805,171174182,4177014,4397,33784633,33784633,35519225604319,685494,203757,792921951,405704,4397,66,632865,1606,738155,16412
2025-07-30T18:52:55.220609,20171,90917,171417507,4007501,3532,33794334,33794334,35537107358179,433137,203808,793609639,405818,3532,67,633586,1665,738345,16050
2025-07-30T18:59:27.071708,20294,84500,180464125,3756618,3206,34162079,34162079,36196410883205,429981,205785,818976087,409307,3206,66,634277,1644,741968,15628
2025-07-30T18:59:32.268901,17423,78591,180464134,3670212,2918,34166900,34166900,36200170352970,433379,205812,818976153,409356,2918,70,629773,1645,742102,16193
2025-07-30T18:59:37.405319,17120,99661,180464145,3785565,2917,34171723,34171723,36204009033437,448874,205837,818976222,409406,2917,60,623253,1626,742120,15031
2025-07-30T18:59:42.607270,17763,80714,180464159,4110350,3256,34176542,34176542,36207790024926,439034,205863,818976311,409459,3256,64,633752,1585,742156,15769
2025-07-30T18:59:47.735050,19233,79530,180464167,3820793,3734,34181379,34181379,36211658443452,444950,205889,818976374,409507,3734,61,627160,1643,742195,15674
2025-07-30T18:59:52.926545,18172,93750,180464179,3819743,3018,34185923,34185923,36215382432202,433215,205914,818976443,409554,3018,64,627986,1688,742222,15459
2025-07-30T18:59:58.150661,17858,83569,180464188,3773548,3772,34190058,34190058,36219001374881,432015,205940,818976504,409600,3772,66,627618,1892,742262,14845
2025-07-30T19:00:03.276157,18294,78824,180464198,3778335,3398,34194712,34194712,36222958467615,436113,205966,818976563,409650,3398,67,632844,1687,742292,15395
2025-07-30T19:00:08.454100,20399,121370,180464208,4047823,3793,34199698,34199698,36229944065871,536987,205988,818976632,409698,3793,62,646258,1918,743466,16438
2025-07-30T19:00:13.596162,22827,104669,180464217,3908749,3076,34204706,34204706,36237650070564,453089,206013,818976695,409745,3076,66,654836,1607,744997,16020
2025-07-30T19:00:18.761566,18879,85062,180464225,4528574,4749,34209718,34209718,36243288389634,432530,206038,818976751,409792,4749,66,629335,1816,746591,20871
2025-07-30T19:00:23.880269,23513,91089,180464237,4517491,4789,34214506,34214506,36250276152245,432464,206062,818976829,409840,4789,66,641713,1793,748031,15956
2025-07-30T19:00:29.051248,19267,79891,180464247,3589900,3212,34219260,34219260,36254660185930,433064,206083,818976889,409888,3212,66,634854,1571,748471,16266
2025-07-30T19:00:34.180998,17800,82310,180464258,3937645,3185,34224057,34224057,36258516902985,430909,206109,818976964,409945,3185,71,644939,1705,748546,15644
2025-07-30T19:00:45.034849,17946,85661,180464287,3680577,3472,34238261,34238261,36274768526000,431996,206182,818977148,410088,3472,69,633859,1582,750530,16700
2025-07-30T19:00:50.166122,20041,82185,180464298,3682057,3252,34242216,34242216,36282297513252,425542,206207,818977232,410137,3252,67,629231,1562,752025,15555
2025-07-30T19:00:56.780972,16988,83009,180464309,3930907,4844,34247031,34247031,36288699524055,432064,206231,818977299,410183,4844,67,634324,1825,752985,16294
2025-07-30T19:01:01.922153,20182,105206,180464318,3804377,3433,34251960,34251960,36293621117446,435270,206256,818977364,410231,3433,67,636580,1557,754172,16603
2025-07-30T19:01:07.131164,20187,86690,180464328,3925382,3689,34256818,34256818,36297504341713,449102,206282,818977430,410280,3689,65,635208,1566,754417,16052
2025-07-30T19:01:12.244013,17356,77273,180464338,3769728,3192,34261651,34261651,36301435112918,435779,206308,818977499,410326,3192,67,625109,1480,754688,15211
2025-07-30T19:01:17.396650,17586,83638,180464346,3788866,3187,34266465,34266465,36305558534315,432459,206333,818977563,410374,3187,67,630961,1610,755100,15934
2025-07-30T19:01:22.515301,17703,82641,180464357,3901848,5174,34271302,34271302,36309486237092,436154,206359,818977631,410422,5174,66,638501,1707,755211,15602
2025-07-30T19:01:27.644951,18059,80105,180464366,3989941,4570,34276135,34276135,36313308460619,436390,206385,818977695,410469,4570,66,633300,1826,755434,15333
2025-07-30T19:01:32.773413,18625,88773,180464374,3771100,3643,34280960,34280960,36317086828326,430225,206411,818977762,410516,3643,63,631513,1734,755516,15851
2025-07-30T19:01:37.927928,17251,82045,180464385,3984666,2989,34285802,34285802,36320931480857,431179,206437,818977826,410564,2989,69,629613,1408,755577,15352
2025-07-30T19:01:43.219422,17995,76740,180464393,3904909,3260,34290624,34290624,36324712071001,438816,206462,818977883,410610,3260,72,628771,1517,755681,15809
2025-07-30T19:01:48.373216,18166,79982,180464405,3902803,3006,34294970,34294970,36328748908959,435294,206488,818977978,410659,3006,66,640242,1463,755780,15384
2025-07-30T19:01:53.486328,18487,79655,180464415,3726641,3539,34299184,34299184,36332518686927,423708,206514,818978037,410706,3539,68,628864,1702,755820,14794
2025-07-30T19:01:58.618122,19359,92660,180464423,3856149,3322,34304026,34304026,36336214253819,452500,206540,818978100,410753,3322,65,634559,1841,755925,15930
2025-07-30T19:02:03.764598,18138,82911,180464436,3820080,3244,34308858,34308858,36340135757516,435789,206565,818978180,410803,3244,64,635005,1573,755984,16283
2025-07-30T19:02:08.919596,17884,76468,180464445,3994837,3093,34313756,34313756,36344075835882,431328,206592,818978239,410850,3093,68,631762,1542,756138,16029
2025-07-30T19:02:14.075853,17862,78090,180464453,3933605,3045,34318578,34318578,36347909851521,435829,206617,818978314,410898,3045,69,642142,1479,756158,15621
2025-07-30T19:02:19.236312,18114,74499,180464463,3836788,3576,34323401,34323401,36351768938743,433251,206642,818978385,410946,3576,66,639068,1754,756218,15346
2025-07-30T19:02:24.361581,17514,87290,180464473,3834103,3229,34328276,34328276,36355621504515,440090,206669,818978457,410994,3229,63,631488,1512,756253,15759
2025-07-30T19:02:29.507055,17567,80901,180464481,3778626,3093,34333099,34333099,36359294253441,429080,206694,818978521,411042,3093,62,628438,1422,756273,15693
2025-07-30T19:02:34.648920,17631,82894,180464492,3791326,3111,34337929,34337929,36363014096906,440528,206720,818978589,411089,3111,67,631556,1695,756312,15729
2025-07-30T19:02:39.856618,17389,80138,180464501,3772472,3210,34342755,34342755,36366894425468,440874,206746,818978641,411136,3210,67,628057,1567,756431,16127
2025-07-30T19:02:45.025205,17937,79169,180464520,3850586,3849,34351921,34351921,36374505091828,433040,206797,818978792,411231,3849,70,631140,1625,756497,16353
2025-07-30T19:02:50.172214,18243,85189,180464529,3839473,3919,34356135,34356135,36378027302880,435314,206822,818978856,411278,3919,60,628337,1637,756532,15254
2025-07-30T19:02:55.311002,17648,79782,180464540,3885156,3892,34360993,34360993,36381829055353,430022,206848,818978925,411326,3892,62,622875,1486,756561,16409
2025-07-30T19:03:00.441191,18111,96660,180464548,3820038,3052,34365826,34365826,36385676312601,435955,206874,818978975,411373,3052,67,630197,1461,756623,15457
2025-07-30T19:03:05.624493,20533,80488,180464559,3898007,3980,34370699,34370699,36389424355918,441972,206900,818979055,411423,3980,70,638798,1761,756666,15349
2025-07-30T19:03:10.791985,18712,84057,180464570,3879042,3146,34375532,34375532,36393293700112,433059,206926,818979119,411470,3146,61,628814,1647,756776,15518
2025-07-30T19:03:16.059645,17942,79352,180464579,3824073,2991,34380360,34380360,36397100077304,434450,206952,818979183,411517,2991,66,638454,1603,756865,15463
2025-07-30T19:03:21.210854,17555,82491,180464588,3979056,3217,34385188,34385188,36401134350920,429086,206977,818979256,411565,3217,64,630288,1613,756891,15750
2025-07-30T19:03:26.356232,18111,81874,180464599,3790629,3097,34390017,34390017,36404916230037,435578,207003,818979320,411613,3097,63,635185,1616,756913,15226
2025-07-30T19:03:31.472328,19562,86193,180464607,3810313,3784,34394856,34394856,36408756881574,431973,207029,818979386,411660,3784,64,633176,1680,756935,15988
2025-07-30T19:03:36.645498,17689,79394,180464616,3731541,3261,34399683,34399683,36412442822821,438819,207054,818979456,411708,3261,65,626359,1583,756955,16088
2025-07-30T19:03:41.873612,17941,77648,180464625,3766287,4603,34404414,34404414,36416247454430,431210,207080,818979513,411754,4603,61,631585,1805,756976,15566
2025-07-30T19:03:47.066999,17783,81152,180464633,3844851,3193,34408529,34408529,36419999614608,439304,207106,818979586,411801,3193,58,637650,1461,757134,16303
2025-07-30T19:03:52.188633,17699,80304,180464644,3977742,2935,34413065,34413065,36423789841844,443111,207131,818979663,411848,2935,73,627761,1614,757154,15433
2025-07-30T19:03:57.316270,18534,84516,180464653,3763525,3823,34417925,34417925,36427612757408,442577,207157,818979718,411895,3823,58,633635,1672,757237,15849
2025-07-30T19:04:02.468613,18614,81180,180464661,3795831,3233,34424063,34424063,36432039174183,433513,207183,818979828,411950,3233,66,646298,1608,757464,15913
2025-07-30T19:04:07.637388,18539,82061,180464672,3811670,3186,34428930,34428930,36435935673531,445298,207209,818979890,412001,3186,66,642780,1559,757561,16215
2025-07-30T19:04:12.780015,18042,80550,180465692,4245033,3265,34433769,34433769,36439835722190,434705,207235,818984055,412048,3265,64,633832,1617,757660,15527
2025-07-30T19:04:17.927896,18282,88615,180467734,3743537,3167,34438582,34438582,36443665338764,439532,207260,818992388,412098,3167,61,656252,1545,757678,16433
2025-07-30T19:04:23.083023,19482,97379,180469771,3798433,3774,34443405,34443405,36447419114534,432738,207285,819000695,412145,3774,65,636973,1654,757766,15304
2025-07-30T19:04:28.236590,17865,91897,180471801,3951853,3393,34448250,34448250,36451320260218,427259,207312,819008950,412192,3393,76,636147,1680,757892,16554
2025-07-30T19:04:33.369620,16974,77165,180473836,3879353,3035,34453064,34453064,36455202324161,440419,207337,819017223,412241,3035,59,633283,1482,757972,15579
2025-07-30T19:04:38.484467,17623,85413,180475865,4051153,3015,34457881,34457881,36459028100101,428912,207362,819025482,412287,3015,63,626746,1577,757997,15345
2025-07-30T19:04:43.658347,18751,77880,180476910,4148239,3350,34462481,34462481,36462756765638,435242,207388,819029787,412335,3350,64,640714,1561,758086,17302
2025-07-30T19:04:48.839169,20893,84993,180478952,4496487,3250,34466528,34466528,36466578521654,449582,207413,819038152,412385,3250,67,702181,1621,758378,16806
2025-07-30T19:04:53.998710,20531,79765,180480988,4242564,3209,34471362,34471362,36470426943996,438152,207439,819046431,412431,3209,64,635348,1602,758470,15313
2025-07-30T19:04:59.124390,18140,80348,180483023,4089616,2916,34476218,34476218,36474303684971,437817,207465,819054718,412479,2916,61,636830,1620,758597,15115
2025-07-30T19:05:04.250609,17903,81293,180485060,3730395,3049,34481040,34481040,36478050921476,438638,207490,819063006,412527,3049,67,638331,1501,758713,15689
2025-07-30T19:05:09.381318,19991,76903,180487090,4002598,3808,34485905,34485905,36481920664966,425548,207516,819071266,412574,3808,72,636803,1764,758825,15856
2025-07-30T19:05:14.493398,17239,85219,180488814,3913831,3100,34490734,34490734,36485749126396,432716,207542,819078304,412623,3100,66,638764,1623,758845,16187
2025-07-30T19:05:19.614818,17375,77324,180490158,3758461,3255,34495559,34495559,36489874769056,444223,207568,819083799,412669,3255,68,635232,1474,758932,15685
2025-07-30T19:05:24.735775,17449,80666,180492191,3874528,3052,34500382,34500382,36493830287356,445372,207594,819092084,412716,3052,66,622932,1508,758956,16268
2025-07-30T19:05:29.896881,18160,74326,180494228,3847232,3178,34505193,34505193,36497656628276,430675,207619,819100373,412766,3178,62,643595,1534,758976,16154
2025-07-30T19:05:35.064955,17556,82065,180498297,3708079,3310,34514839,34514839,36505538094197,445907,207671,819116956,412860,3310,64,636672,1612,759017,15608
2025-07-30T19:05:40.208949,17515,84033,180498332,3707957,3397,34518844,34518844,36509046755092,437625,207696,819117191,412908,3397,64,635566,1709,759065,15302
2025-07-30T19:05:45.339979,17160,79660,180498365,4051316,3603,34523349,34523349,36512822661045,441853,207722,819117445,412955,3603,69,625745,1658,759171,15335
2025-07-30T19:05:50.458119,17388,80043,180500406,4097648,2962,34528185,34528185,36516702937600,436344,207748,819125776,413003,2962,64,628497,1591,759253,16391
2025-07-30T19:05:55.576463,16804,81078,180502441,4344954,3215,34533011,34533011,36520477719561,434609,207773,819134054,413051,3215,67,626692,1503,759333,15760
2025-07-30T19:06:00.703034,17244,91868,180504473,3739597,3408,34537822,34537822,36524343263416,438625,207799,819142322,413098,3408,63,630102,1501,759355,15128
2025-07-30T19:06:05.871095,17828,82112,180506504,3855497,3034,34542674,34542674,36528243581101,437725,207825,819150596,413147,3034,68,632161,1543,759400,15373
2025-07-30T19:06:11.037432,17911,80682,180508534,3851835,3122,34547467,34547467,36532072852160,595313,207850,819158845,413194,3122,66,629843,1522,759423,15202
2025-07-30T19:06:16.153615,24228,81452,180510565,3839632,2995,34552272,34552272,36535965987388,432445,207876,819167107,413245,2995,68,638123,1486,759483,15423
2025-07-30T19:06:21.277550,17699,85444,180512600,3937851,3106,34557073,34557073,36539799100893,437941,207902,819175388,413293,3106,66,632801,1497,759501,15991
2025-07-30T19:06:26.422945,18745,83407,180514631,3928911,3251,34561876,34561876,36543581737447,430805,207928,819183651,413340,3251,66,633978,1558,759519,15653
2025-07-30T19:06:31.568451,19081,80401,180516663,3793511,3788,34566493,34566494,36547355920992,437485,207953,819191927,413389,3788,66,662789,1809,759623,15933
2025-07-30T19:06:36.756448,17743,78997,180517698,3957235,2877,34570637,34570637,36551080266540,433665,207979,819196187,413436,2877,66,640760,1708,759709,16122
2025-07-30T19:06:41.916692,17377,79389,180519731,3767229,3013,34575138,34575138,36554926227502,432685,208005,819204464,413482,3013,67,630111,1845,759812,16396
2025-07-30T19:06:47.060379,20774,79968,180521765,3729946,3650,34579960,34579960,36559196814050,435869,208030,819212753,413530,3650,65,639490,1620,759830,15791
2025-07-30T19:06:52.185407,17219,78870,180523802,3860530,3277,34584796,34584796,36563073260356,428705,208056,819221037,413578,3277,68,634310,1648,759850,15542
2025-07-30T19:06:57.360962,17848,82945,180524835,3863642,2784,34589633,34589633,36566785290784,436256,208082,819225296,413625,2784,65,635510,1469,759889,15173
2025-07-30T19:07:02.521316,17714,78448,180524868,4090498,5781,34594455,34594455,36570585973061,437767,208108,819225532,413674,5781,70,627813,1659,759926,16144
2025-07-30T19:07:07.661538,20960,80141,180525901,3898430,3788,34599290,34599290,36574382731840,438431,208133,819229782,413721,3788,64,632934,1773,760028,16115
2025-07-30T19:07:12.790028,17385,87000,180527941,3783344,3114,34604108,34604108,36578181015829,434372,208158,819238110,413769,3114,64,635989,1555,760050,16147
2025-07-30T19:07:17.919507,18790,82449,180529993,3860343,3213,34608947,34608947,36581998463005,442173,208185,819246483,413816,3213,68,647369,1502,760139,15232
2025-07-30T19:07:23.082431,17342,81037,180532027,3973448,3100,34613780,34613780,36585936650172,428026,208210,819254757,413863,3100,70,634746,1506,760159,15408
2025-07-30T19:07:28.204066,18037,86589,180534056,3806953,3288,34618605,34618605,36589815874903,436143,208236,819263022,413911,3288,66,655439,1649,760177,15600
2025-07-30T19:07:33.331837,18025,89909,180536088,3752311,3182,34623154,34623154,36593541529411,434352,208262,819271279,413958,3182,63,625001,1562,760237,15807
2025-07-30T19:07:38.454612,17928,84332,180538119,3889468,3236,34627102,34627102,36597269376594,434649,208287,819279554,414005,3236,63,638240,1597,760255,15623
2025-07-30T19:07:43.589953,19568,81072,180540151,3969298,3059,34631916,34631918,36601132129363,436405,208313,819287839,414055,3059,64,637420,1573,760272,15769
2025-07-30T19:07:48.715338,17169,79680,180542186,3919474,3112,34636747,34636747,36604949362806,434379,208339,819296143,414102,3112,63,634970,1646,760392,15525
2025-07-30T19:07:53.837783,17609,86429,180544218,3902712,3128,34641576,34641576,36608788921396,434212,208364,819304415,414148,3128,67,638806,1460,760412,15696
2025-07-30T19:07:58.977442,19922,82972,180545253,3861883,3149,34646417,34646417,36612642183111,434532,208390,819308676,414197,3149,67,643764,1632,760449,15763
2025-07-30T19:08:04.134100,17986,85018,180547286,3930230,3166,34651228,34651228,36616473925918,446164,208415,819316951,414244,3166,64,617370,1469,760472,15810
2025-07-30T19:08:09.261121,17123,78063,180549318,3722807,3198,34656089,34656089,36620346959726,429831,208441,819325227,414292,3198,65,641213,1646,760515,15804
2025-07-30T19:08:14.386499,17680,77601,180551352,3933467,5370,34660895,34660895,36624147942048,439725,208467,819333513,414340,5370,71,627110,1739,760533,15735
2025-07-30T19:08:19.492166,18307,84081,180553396,3845631,3244,34665720,34665720,36627967075746,435648,208492,819341858,414387,3244,67,637340,1648,760647,15753
2025-07-30T19:08:24.653470,17808,82115,180555430,3794318,3055,34670530,34670530,36631785784236,442770,208518,819350136,414434,3055,66,630854,1560,760668,15789
2025-07-30T19:08:29.822885,17238,89157,180557464,3782053,3079,34675365,34675365,36635692639406,431846,208544,819358403,414481,3079,65,634195,1479,760695,15460
2025-07-30T19:08:34.988225,17202,81043,180557530,3982841,3343,34683854,34683854,36643238323747,429561,208595,819358873,414576,3343,67,633034,1651,760807,15920
2025-07-30T19:08:40.105938,17898,84606,180559560,3719656,3305,34688669,34688669,36646952898508,433792,208621,819367127,414623,3305,60,636288,1647,760855,15300
2025-07-30T19:08:45.243868,19222,83558,180560614,3891553,3831,34693502,34693502,36650715649216,436821,208646,819371527,414671,3831,63,634540,1669,760887,15039
2025-07-30T19:08:50.387386,16894,81389,180562668,3951392,3220,34698323,34698323,36654541825555,438809,208671,819379917,414721,3220,68,633750,1566,760907,16097
2025-07-30T19:08:55.510028,17915,80513,180564701,3828894,2716,34703168,34703168,36658460724139,438910,208697,819388180,414767,2718,66,634881,1853,760926,16985
2025-07-30T19:09:00.638344,18215,83682,180566726,3852088,3105,34708024,34708024,36662302008868,427997,208723,819396426,414820,3105,74,626741,1529,761041,16178
2025-07-30T19:09:05.771917,20283,86503,180568758,3835801,3700,34712895,34712895,36666177023537,436734,208749,819404690,414868,3700,63,628486,1670,761125,15322
2025-07-30T19:09:10.896984,17146,84887,180570790,3743603,3258,34717690,34717690,36669962906209,439201,208774,819412957,414915,3258,68,635147,1521,761244,16245
2025-07-30T19:09:16.074042,18290,81964,180572820,3949982,3167,34722525,34722525,36673877708066,436615,208799,819421235,414963,3167,65,634010,1458,761268,15350
2025-07-30T19:09:21.226320,31790,80836,180574856,3965580,2840,34727331,34727331,36677907911750,434454,208825,819429527,415011,2840,67,652625,1604,761357,15887
2025-07-30T19:09:26.408068,17815,81284,180575888,4109891,2992,34731439,34731439,36681593850608,432537,208851,819433775,415058,2992,60,627817,1527,761459,15777
2025-07-30T19:09:31.544041,16936,87577,180577923,4141921,3255,34735835,34735835,36685451700897,431072,208877,819442061,415107,3255,64,634018,1569,761545,15328
2025-07-30T19:09:36.671700,17461,75170,180579956,3909311,3307,34740649,34740649,36689382182958,439945,208902,819450329,415154,3307,64,634936,1670,761637,15654
2025-07-30T19:09:41.814880,17694,81887,180581988,3892214,3152,34745460,34745460,36693137496343,430410,208928,819458606,415202,3152,67,624075,1536,761673,15384
2025-07-30T19:09:46.957009,17915,83581,180584023,4056392,3399,34750295,34750295,36697118047437,437897,208954,819466902,415250,3399,66,631066,1661,761702,15227
2025-07-30T19:09:52.103273,17338,77222,180586056,3847048,4159,34755110,34755110,36700953335753,439344,208979,819475175,415297,4159,67,630054,1716,761731,15344
2025-07-30T19:09:57.228447,17342,81036,180588090,3827362,3260,34759954,34759954,36704839703964,443141,209005,819483466,415347,3260,65,632146,1648,761751,15343
2025-07-30T19:10:02.357556,18554,79561,180590125,3973596,2979,34764764,34764764,36708659140936,432803,209031,819491747,415395,2979,67,631078,1536,761773,15442
2025-07-30T19:10:07.488184,17740,81927,180592158,3925509,3499,34769619,34769619,36712440668479,431053,209057,819500022,415441,3499,63,630292,1543,761799,15483
2025-07-30T19:10:12.626233,17385,84823,180594192,3833772,3135,34774428,34774428,36716325059445,430076,209082,819508300,415489,3135,68,647568,1590,761905,15315
2025-07-30T19:10:17.789399,19391,90501,180596227,3830567,3596,34779095,34779095,36720125479097,433003,209108,819516575,415537,3596,66,631724,1611,761923,15433
2025-07-30T19:10:22.947347,16983,90537,180598255,3788847,4922,34783282,34783282,36723910584193,440738,209133,819524830,415583,4922,70,634610,1819,761969,15452
2025-07-30T19:10:28.068949,20804,78777,180600289,3861503,3600,34787740,34787740,36727699828499,430837,209159,819533111,415631,3600,66,630852,1647,762004,15559
2025-07-30T19:10:33.202466,17513,79088,180602326,3965642,3356,34792559,34792559,36731429921353,435792,209184,819541398,415678,3356,58,648960,1814,762037,16235
2025-07-30T19:10:38.336300,18246,81808,180604357,3764424,3721,34797376,34797376,36735415449611,429658,209210,819549666,415726,3721,82,635943,1528,762057,15513
2025-07-30T19:10:43.467193,18625,84076,180606389,3922957,3679,34802187,34802187,36739343149070,433193,209235,819557939,415774,3679,60,646770,1716,762162,15344
2025-07-30T19:10:48.603166,17560,80859,180607761,4034139,3125,34807012,34807012,36743097695590,428937,209261,819563564,415821,3125,66,627030,1560,762186,15413
2025-07-30T19:10:53.762054,17786,83761,180609454,4052808,3186,34811850,34811850,36747103049830,427816,209287,819570494,415868,3186,66,627099,1485,762270,15114
2025-07-30T19:10:58.957271,19076,99519,180611490,3974402,2702,34816699,34816699,36750990252902,430449,209313,819578780,415916,2702,68,656534,1910,762351,15335
2025-07-30T19:11:04.090805,17747,81634,180613522,3876499,3044,34821508,34821508,36754902481487,437915,209339,819587051,415963,3044,56,631253,1649,762433,15569
2025-07-30T19:11:09.212209,20490,84292,180615556,4112093,3855,34826361,34826361,36758797341684,431625,209364,819595339,416013,3855,66,636610,1676,762518,16009
2025-07-30T19:11:14.344402,17033,81517,180617592,3828479,3323,34831170,34831170,36762553166736,430219,209389,819603625,416060,3323,61,628737,1525,762565,15182
2025-07-30T19:11:19.476768,18134,78833,180619632,3769401,4044,34835555,34835555,36766317042164,429219,209415,819611947,416106,4044,64,635501,1859,762649,15234
2025-07-30T19:11:24.654013,18324,84097,180621667,3927905,3151,34839685,34839685,36770124859909,431552,209441,819620224,416155,3151,67,639580,1568,762733,15723
2025-07-30T19:11:29.777001,21494,81102,180623701,3918556,3712,34844495,34844495,36773893332377,433270,209466,819628504,416201,3712,68,647447,1651,762753,15784
2025-07-30T19:11:34.904407,17645,84884,180625734,3885371,3072,34849311,34849311,36777589518112,429562,209492,819636776,416249,3072,66,632826,1466,762774,15815
2025-07-30T19:11:40.028970,17580,81705,180629797,3980272,3534,34858931,34858931,36785318505893,434452,209544,819653302,416344,3534,77,635958,1657,762814,15871
2025-07-30T19:11:45.267916,17819,85293,180631825,3836858,3821,34863746,34863746,36788980863763,428161,209569,819661567,416391,3821,68,631150,1520,762976,15445
2025-07-30T19:11:50.440331,17491,95775,180633859,3820391,3239,34868585,34868585,36793021520440,436479,209596,819669837,416439,3239,65,625515,1545,763067,15412
2025-07-30T19:11:55.574361,19076,85384,180635891,3858547,3449,34873416,34873416,36796877661973,435372,209621,819678110,416486,3449,64,629744,1752,763122,15895
2025-07-30T19:12:00.678643,18263,78471,180637924,3979125,3268,34878217,34878217,36800803633690,432699,209648,819686388,416535,3268,71,638913,1519,763154,15946
2025-07-30T19:12:05.806797,18195,77916,180638959,3840660,3724,34883060,34883060,36804644107896,439755,209673,819690654,416582,3724,68,632149,1605,763189,15053
2025-07-30T19:12:10.952891,17452,109197,180638987,3769880,3213,34887850,34887850,36808326594702,434050,209698,819690868,416630,3213,70,626896,1564,763220,15546
2025-07-30T19:12:16.169034,18684,79037,180640006,3895903,3659,34892202,34892202,36812100053279,435754,209724,819695062,416680,3659,70,630224,1617,763250,15483
2025-07-30T19:12:21.311089,17963,83400,180641058,3781969,3330,34896345,34896345,36815873604934,436105,209749,819699399,416727,3330,227,639597,1484,763282,16041
2025-07-30T19:12:26.477829,17604,80396,180643091,3838173,2983,34901154,34901154,36819783595980,426698,209775,819707689,416774,2983,70,625190,1595,763404,15080
2025-07-30T19:12:31.626016,18037,79396,180645137,5321277,3058,34905961,34905961,36823659063953,442216,209801,819716037,416822,3058,67,638047,1553,763511,16441
2025-07-30T19:12:36.737536,18079,83480,180647170,4293156,3260,34910766,34910766,36827552576372,426926,209827,819724309,416869,3260,73,650266,1563,763608,16296
2025-07-30T19:12:41.904617,20867,81469,180649212,3783964,3422,34915567,34915567,36831307956882,444729,209852,819732638,416917,3422,67,644667,1732,763647,15432
2025-07-30T19:12:47.043997,18101,87845,180650269,3817752,3272,34920399,34920399,36835663957221,433690,209879,819737024,416964,3272,64,637755,1708,763803,15460
2025-07-30T19:12:52.181290,18411,84367,180652309,3807838,3292,34925216,34925216,36839451402658,431757,209904,819745338,417011,3292,66,645234,1704,763824,15783
2025-07-30T19:12:57.317190,17480,82652,180654344,4211465,4638,34930051,34930051,36843365975675,437128,209930,819753625,417060,4638,69,646432,1842,763914,15202
2025-07-30T19:13:02.450145,17309,78517,180656376,3715703,3134,34934860,34934860,36847241420604,442431,209956,819761884,417107,3134,61,628371,1575,764006,15869
2025-07-30T19:13:07.600776,18664,84766,180658405,3792809,3716,34939695,34939695,36850940563232,435452,209981,819770141,417155,3716,64,624641,1619,764107,16431
2025-07-30T19:13:12.795860,16335,84419,180658456,4269169,4642,34944096,34944096,36854665664155,441421,210007,819770510,417203,4642,65,631229,1697,764217,15772
2025-07-30T19:13:17.952221,17369,82008,180658479,3881256,4653,34948190,34948190,36858441802811,432555,210033,819770685,417250,4653,62,639694,1471,764241,15724
2025-07-30T19:13:23.073165,20564,83241,180660513,4005440,3027,34952999,34952999,36862374852559,434103,210059,819778969,417300,3027,65,628510,1533,764336,15673
2025-07-30T19:13:28.207430,18288,81504,180661555,4233532,3129,34957812,34957812,36866082876650,429101,210085,819783272,417348,3129,70,640602,1562,764430,15699
2025-07-30T19:13:33.327429,17743,88798,180663601,4000767,3212,34962605,34962605,36869900510403,432250,210110,819791621,417395,3212,64,632809,1469,764520,15520
2025-07-30T19:13:38.556615,18651,121301,180665653,3931913,2941,34967407,34967407,36873860393873,442483,210135,819800015,417443,2941,65,636827,1522,764603,15268
2025-07-30T19:13:43.714392,16852,81566,180667695,3894741,3371,34972206,34972206,36877735128496,430426,210161,819808324,417491,3371,71,621155,1576,764710,16269
2025-07-30T19:13:48.842534,18099,128317,180669726,3782995,3113,34977023,34977023,36881513678023,429284,210187,819816598,417538,3113,70,641804,1556,764741,16458
2025-07-30T19:13:53.963387,19255,87184,180671761,3856773,3600,34981853,34981853,36885336113578,435015,210212,819824873,417587,3600,65,636850,1648,764843,15534
2025-07-30T19:13:59.132150,17142,87845,180673794,3775702,3244,34986689,34986689,36889180387384,609725,210238,819833142,417634,3244,65,631348,1625,764955,16293
2025-07-30T19:14:04.312158,16751,82585,180675825,3899129,3116,34991541,34991541,36893013162616,441511,210263,819841426,417686,3116,64,624348,1717,765058,15539
2025-07-30T19:14:09.447156,19079,80223,180677857,3930559,3454,34996375,34996375,36896954979173,430932,210288,819849703,417734,3454,65,644320,1543,765175,16402
2025-07-30T19:14:14.579798,17420,77368,180678889,3792828,3491,35000769,35000769,36900563611548,434249,210314,819853950,417781,3491,65,623546,1672,765197,16061
2025-07-30T19:14:19.882470,16991,83401,180678897,3872534,3248,35004890,35004890,36904347761404,432781,210340,819854014,417830,3248,66,644901,1497,765310,15985
2025-07-30T19:14:25.079032,17147,80940,180678917,3781871,3390,35014524,35014524,36912190213864,444530,210392,819854136,417924,3390,66,626788,1561,765435,15882
2025-07-30T19:14:30.200458,18152,76669,180678927,3923805,3296,35019317,35019317,36915931360568,432595,210417,819854210,417974,3296,66,630137,1485,765535,15837
2025-07-30T19:14:35.333965,18001,83264,180678939,3836441,3249,35024146,35024146,36919798280853,438352,210443,819854283,418022,3249,65,632797,1628,765634,15291
2025-07-30T19:14:40.486468,17282,81963,180678947,3825375,3658,35028958,35028958,36923532173704,431152,210469,819854345,418068,3658,65,629526,1900,765769,15501
2025-07-30T19:14:45.661272,17706,84765,180678957,3699386,2996,35033898,35033898,36927421146613,439702,210494,819854456,418119,2996,69,635215,1616,765907,16064
2025-07-30T19:14:50.810138,17311,80129,180678966,4003260,3180,35038729,35038729,36931308066908,440354,210520,819854525,418166,3180,67,633726,1558,766019,15983
2025-07-30T19:14:55.944521,17951,79919,180678976,3719179,3280,35043568,35043568,36935163841318,429592,210546,819854592,418214,3280,63,633675,1571,766049,16394
2025-07-30T19:15:01.090315,18191,77381,180678986,3853991,3911,35048383,35048383,36938963447690,439144,210572,819854655,418262,3911,67,629582,1593,766160,16842
2025-07-30T19:15:06.216613,19646,83689,180678995,4000658,3660,35053236,35053236,36942874332216,438358,210598,819854719,418308,3660,68,640647,1692,766183,15395
2025-07-30T19:15:11.374314,17554,80204,180679003,3681032,3325,35057575,35057575,36946547187325,432736,210624,819854786,418355,3325,64,635895,1556,766203,15755
2025-07-30T19:15:16.552413,17594,84018,180679014,3737651,3305,35061723,35061723,36950295966982,427926,210650,819854850,418403,3305,64,628898,1580,766228,16305
2025-07-30T19:15:21.727360,17363,77889,180679023,3768290,3318,35066531,35066531,36954196074070,435088,210676,819854908,418450,3318,68,638941,1550,766246,15012
2025-07-30T19:15:26.861552,18111,79173,180679034,4089306,3752,35071330,35071330,36958038972059,427921,210701,819854979,418499,3752,70,628600,1581,766267,16927
2025-07-30T19:15:31.981992,18890,86552,180679043,3774634,3871,35076168,35076168,36961855397514,431742,210727,819855033,418546,3871,63,628074,1665,766460,15664
2025-07-30T19:15:37.122279,17559,77077,180679051,3798884,3266,35080984,35080984,36965776388563,431226,210753,819855105,418594,3266,65,629554,1542,766514,15353
2025-07-30T19:15:42.273603,44268,83463,180679067,3731961,2772,35085783,35085783,36969570705645,444025,210778,819855197,418643,2772,68,639106,1667,766537,15671
2025-07-30T19:15:47.389985,17896,79200,180679076,3901926,4453,35090612,35090612,36973385918454,429764,210804,819855276,418689,4453,62,638797,1608,766661,15259
2025-07-30T19:15:52.520392,18869,82207,180679084,3766424,3535,35095443,35095443,36977246582234,436906,210830,819855341,418737,3535,69,624171,1616,766763,15219
2025-07-30T19:15:57.654399,17153,85094,180679095,3804678,3328,35100266,35100266,36980883885325,431582,210855,819855405,418785,3328,68,632731,1589,766859,15511
2025-07-30T19:16:02.824314,17483,80716,180679104,3786802,3857,35105077,35105077,36984675833125,431976,210881,819855466,418832,3857,64,638939,1875,766883,15397
2025-07-30T19:16:07.954979,17499,80456,180679112,4004720,4913,35109924,35109924,36988505468670,436417,210907,819855535,418880,4913,63,634279,1521,766996,15921
2025-07-30T19:16:13.063811,18914,77708,180679123,3956911,3154,35114038,35114040,36992102065520,442838,210933,819855603,418928,3154,65,652589,1617,767095,16311
2025-07-30T19:16:18.212245,17298,80078,180679132,3942667,3328,35118417,35118417,36995899648937,436419,210959,819855658,418978,3328,64,643355,1543,767205,16017
2025-07-30T19:16:23.408725,17458,83273,180679142,3674252,3065,35123207,35123209,36999834404609,437337,210984,819855728,419026,3065,62,629340,1462,767304,15465
2025-07-30T19:16:28.568459,18227,83772,180679153,3777934,3026,35128017,35128017,37003688083416,437316,211010,819855790,419073,3026,68,626558,1478,767406,15672
2025-07-30T19:16:33.689657,17846,86228,180679161,3815379,3244,35132820,35132820,37007546571485,428228,211035,819855856,419120,3244,66,662269,1474,767424,15877
2025-07-30T19:16:38.824385,17644,85209,180679172,3835403,2993,35137628,35137628,37011285873597,438442,211061,819855923,419168,2993,65,627613,1605,767532,15501
2025-07-30T19:16:43.968325,24806,83712,180679180,3794644,3514,35142439,35142439,37015164242065,432006,211087,819855976,419214,3514,60,634725,1658,767644,15358
2025-07-30T19:16:49.171026,17161,82165,180679191,3875660,3046,35147259,35147259,37019010762570,430612,211113,819856065,419264,3046,63,634682,1595,767750,15927
2025-07-30T19:16:54.325357,17353,76563,180679202,3817039,3210,35152060,35152060,37022892357894,431768,211138,819856128,419312,3210,67,645378,1527,767854,16196
2025-07-30T19:16:59.442797,17678,81138,180679212,3921979,3310,35156903,35156903,37026751216754,427896,211164,819856191,419359,3310,63,631582,1462,767902,15289
2025-07-30T19:17:04.573238,17945,94468,180679220,3786068,3815,35161730,35161730,37030462872736,432759,211190,819856250,419407,3815,66,628643,1533,767977,16193
2025-07-30T19:17:09.724293,17870,84653,180679235,3936301,3553,35166496,35166498,37034360266698,429588,211252,819856318,419455,3553,68,639964,1596,768177,15409
2025-07-30T19:17:14.888469,17577,81213,180679243,3779654,3559,35170615,35170615,37038018289789,427639,211278,819856385,419502,3559,67,638216,1586,768281,15242
2025-07-30T19:17:20.059628,18179,76137,180679262,3926391,3163,35179941,35179941,37045651219342,435842,211329,819856532,419597,3163,66,627418,1471,768417,16081
2025-07-30T19:17:25.192032,17876,85948,180679271,3791895,3139,35184756,35184756,37049373068247,437931,211355,819856598,419645,3139,69,628070,1556,768436,16289
2025-07-30T19:17:30.321691,17874,78659,180679281,3799146,3764,35189551,35189551,37053133012864,443650,211381,819856666,419693,3764,67,632797,1715,768454,15246
2025-07-30T19:17:35.453346,17886,81360,180679290,3817193,3224,35194372,35194372,37056923744701,428861,211406,819856724,419739,3224,64,627637,1724,768474,15310
2025-07-30T19:17:40.630867,17661,80800,180679298,3848117,3947,35199194,35199194,37060695577798,434276,211433,819856790,419787,3947,67,644190,1430,768500,15677
2025-07-30T19:17:45.777993,18832,84538,180679310,3840562,3283,35204001,35204001,37064546176775,433321,211458,819856866,419834,3283,65,630138,1526,768605,15890
2025-07-30T19:17:50.909011,20404,83607,180679318,3692182,3498,35208829,35208829,37068345075231,431435,211484,819856923,419881,3498,66,635779,1508,768688,15099
2025-07-30T19:17:56.023880,17782,87361,180679329,3843008,3104,35213670,35213670,37072059664392,432531,211510,819856999,419931,3104,73,637899,1581,768712,15511
2025-07-30T19:18:01.253231,17714,84066,180679341,3948298,3214,35218469,35218469,37075803937767,431933,211535,819857075,419979,3214,69,633777,1573,768732,15464
2025-07-30T19:18:06.400792,17594,80012,180679349,4083702,3213,35223333,35223333,37079823352608,433307,211562,819857144,420026,3213,67,636917,1616,768753,15753
2025-07-30T19:18:11.576262,18111,79413,180679359,3776110,3096,35227334,35227334,37083434846692,438619,211587,819857207,420075,3096,67,638617,1392,768775,15347
2025-07-30T19:18:16.734536,19782,79688,180679370,3826824,3884,35231825,35231825,37087274786265,438528,211613,819857287,420121,3884,62,638044,1667,768797,15529
2025-07-30T19:18:21.868774,18139,87133,180679378,3779167,4421,35236636,35236636,37091114179905,431146,211639,819857352,420168,4421,64,631288,1770,768818,15815
2025-07-30T19:18:27.044326,18375,76217,180679389,3687692,3144,35241459,35241459,37094897096428,434797,211665,819857418,420216,3144,65,635937,1660,768889,15767
2025-07-30T19:18:32.184988,17708,103178,180679399,3939156,3149,35246256,35246256,37098791011131,437870,211690,819857476,420263,3149,63,631501,1537,769034,15849
2025-07-30T19:18:37.307706,18503,79260,180679407,3873465,3245,35251078,35251078,37102723487939,438865,211716,819857540,420311,3245,65,636854,1581,769154,15818
2025-07-30T19:18:42.431793,19083,82624,180679418,3726873,2914,35255878,35255878,37106426414891,428928,211742,819857619,420359,2914,71,630774,1629,769265,15423
2025-07-30T19:18:47.576531,18159,84405,180679426,3823082,3202,35260704,35260704,37110276483785,435573,211767,819857695,420405,3202,64,640303,1584,769384,17145
2025-07-30T19:18:52.725461,18263,83505,180679438,4024705,4072,35265547,35265547,37114551039626,436731,211794,819857765,420454,4072,60,651833,1629,769472,15425
2025-07-30T19:18:57.899218,18215,78034,180679448,3926969,3034,35270377,35270377,37118351233785,434808,211819,819857822,420500,3034,74,632455,1497,769500,16140
2025-07-30T19:19:03.036019,17926,79090,180679456,3915256,2971,35275243,35275243,37122179078587,432363,211845,819857910,420553,2971,66,647794,1496,769622,15649
2025-07-30T19:19:08.176458,19454,81665,180679469,3847507,3620,35280110,35280110,37125959211783,433475,211872,819857987,420603,3620,66,643715,1664,769737,15722
2025-07-30T19:19:13.316072,17437,84291,180680481,3827260,3106,35284309,35284309,37129775081131,441927,211935,819862121,420669,3106,70,625733,1477,769991,16393
2025-07-30T19:19:18.444597,17615,81766,180680508,3802186,3577,35288630,35288630,37133645971982,437896,211960,819862312,420820,3577,63,629412,1644,770207,15975
2025-07-30T19:19:23.561783,18271,74813,180680521,4153907,3080,35293476,35293476,37137630575898,428832,212024,819862437,420906,3080,71,648103,1604,770503,15510
2025-07-30T19:19:28.684985,17590,80052,180680531,3767349,3268,35298287,35298287,37141363240370,432783,212049,819862535,420975,3268,66,644025,1588,770753,15378
2025-07-30T19:19:33.831113,19536,84813,180680548,3847437,3689,35303101,35303101,37145248292585,437664,212075,819862701,421098,3689,66,629241,1712,770768,16572
2025-07-30T19:19:39.009021,18011,80718,180680563,4075514,2962,35307923,35307923,37149116819242,427657,212101,819862829,421188,2962,64,641907,1555,770823,15464
2025-07-30T19:19:44.128383,18211,78784,180680581,3849136,2942,35312742,35312742,37152947387145,442560,212127,819862982,421308,2942,64,635682,1649,770894,15853
2025-07-30T19:19:49.257815,17766,83374,180680596,4040881,3321,35317587,35317587,37156698714087,433464,212153,819863138,421405,3321,66,631111,1555,770984,16240
2025-07-30T19:19:54.395443,18340,86001,180680606,3863941,4213,35322407,35322407,37160533346769,453008,212178,819863238,421479,4213,65,626501,1625,771111,15808
2025-07-30T19:19:59.559766,19576,82444,180680621,3715008,3478,35327255,35327255,37164378163765,427245,212204,819863373,421574,3478,64,631027,1669,771230,16294
2025-07-30T19:20:04.711641,17334,79681,180680631,3886224,3424,35332081,35332081,37168249723453,429468,212230,819863474,421644,3424,64,629229,1631,771338,15158
2025-07-30T19:20:09.862038,17175,83104,180680641,3844526,3391,35336932,35336932,37172076007650,443267,212256,819863572,421716,3391,64,624936,1559,771452,16120
2025-07-30T19:20:14.993804,17727,101944,180680662,3972480,3186,35345447,35345447,37179530177276,433174,212308,819863768,421848,3186,61,631886,1454,771578,15384
2025-07-30T19:20:20.159975,17182,76045,180680671,3887934,3418,35350252,35350252,37183183448755,438137,212333,819863871,421911,3418,69,624711,1615,771687,15469
2025-07-30T19:20:25.324398,19689,86575,180680680,3738100,3436,35355086,35355086,37187075241511,436038,212359,819863960,421976,3436,64,635296,1656,771805,15867
2025-07-30T19:20:30.479523,17355,80586,180680691,3973057,3105,35359897,35359897,37190964466708,432073,212385,819864065,422041,3105,69,627319,1560,771921,15315
2025-07-30T19:20:35.611552,18067,82960,180680711,3896352,3105,35364716,35364716,37194767832343,432181,212410,819864210,422098,3105,63,637473,1583,772005,16091
2025-07-30T19:20:40.733584,18134,83764,180680869,3852404,4456,35369630,35369630,37199854114669,424576,212480,819865522,422819,4456,61,629309,2075,772622,16227
2025-07-30T19:20:45.887540,17816,85580,180680878,3737845,3118,35374464,35374464,37203566049311,432414,212506,819865590,422866,3118,69,632060,1525,772662,15698
2025-07-30T19:20:51.097335,18277,81653,180680886,3838542,2976,35379301,35379301,37207319666910,431475,212532,819865655,422913,2976,64,630925,1638,772682,15736
2025-07-30T19:20:56.250200,17686,75652,180680897,3973368,3565,35384132,35384132,37211248624551,429814,212557,819865726,422961,3565,63,632503,1522,772778,15222
2025-07-30T19:21:01.366830,17350,78788,180680906,3716359,3172,35388954,35388954,37215088724431,434689,212584,819865781,423008,3172,57,637331,1611,772810,15923
2025-07-30T19:21:06.476667,17949,79550,180680914,3843009,3559,35393705,35393705,37218943275132,434011,212609,819865848,423056,3559,64,630156,1900,772836,15839
2025-07-30T19:21:11.619017,18169,85307,180681941,3964290,4019,35398069,35398069,37222947549496,430022,212681,819870148,423195,4019,66,626444,1767,773549,16248
2025-07-30T19:21:16.813601,16840,81102,180681968,3889983,3822,35402483,35402483,37226826553265,429925,212706,819870331,423346,3822,65,640860,1565,773570,15725
2025-07-30T19:21:21.945849,18959,83899,180681981,3912006,3518,35407333,35407333,37230853172851,438545,212777,819870467,423434,3518,71,645331,1583,773760,15695
2025-07-30T19:21:27.081126,17645,76229,180681993,4095001,3184,35412162,35412162,37234667897994,426007,212803,819870580,423504,3184,64,630136,1545,773778,16049
2025-07-30T19:21:32.275940,19869,77092,180682011,3793994,3628,35416991,35416991,37238469939448,430706,212829,819870740,423626,3628,73,637007,1703,774362,15853
2025-07-30T19:21:37.442447,23817,84408,180682025,3777724,3329,35421830,35421830,37242449409225,432387,212855,819870869,423717,3329,67,647014,1509,774382,15835
2025-07-30T19:21:42.575803,17775,83256,180682043,3849632,3275,35426659,35426659,37246457964648,434415,212881,819871030,423836,3275,63,634484,1537,774408,15636
2025-07-30T19:21:47.702273,18127,80161,180682056,3801064,3194,35431498,35431498,37250332761232,432601,212907,819871175,423933,3194,64,634290,1551,774528,15538
2025-07-30T19:21:52.825348,18094,83809,180682067,4018246,5363,35436341,35436341,37254104610512,426584,212933,819871284,424008,5363,61,635281,1575,774547,15494
2025-07-30T19:21:57.955356,20623,81342,180682081,3785754,3362,35441178,35441178,37257985346143,447438,212958,819871416,424102,3362,71,651026,1561,774567,15918
2025-07-30T19:22:03.071930,18068,86255,180682091,3722521,3198,35445995,35445995,37261757732684,427750,212984,819871520,424173,3198,66,633341,1415,774666,15358
2025-07-30T19:22:08.203603,18326,80672,180682103,3888721,3607,35450522,35450523,37265540298485,439818,213009,819871624,424245,3607,62,628778,1511,774735,15613
2025-07-30T19:22:13.333335,17630,76231,180682111,3953023,3183,35454525,35454525,37269178905417,434897,213035,819871705,424309,3183,67,631801,1512,774760,15993
2025-07-30T19:22:18.477126,18230,85134,180682121,3830570,3093,35459343,35459343,37273005478992,436312,213061,819871815,424375,3093,63,644411,1642,774870,16308
2025-07-30T19:22:23.602994,18469,79177,180682130,3848207,3137,35464191,35464191,37276852897105,437507,213087,819871902,424437,3137,60,631896,1682,774901,15813
2025-07-30T19:22:28.741865,17613,79236,180682138,3847351,4638,35469003,35469003,37280580426741,426547,213112,819872001,424502,4638,67,626614,1546,774991,15981
2025-07-30T19:22:33.877891,17727,78064,180682152,3958937,2964,35473822,35473822,37284362071583,436692,213138,819872110,424569,2964,66,639776,1546,775011,15903
2025-07-30T19:22:39.023203,17877,89673,180682165,4125204,3105,35478649,35478649,37288243867879,430380,213164,819872199,424627,3105,68,632478,1532,775033,16933
2025-07-30T19:22:44.149183,17725,82596,180682330,3964856,2966,35483561,35483561,37293215523656,433166,213234,819873604,425343,2966,68,625890,1763,775275,16355
2025-07-30T19:22:49.264010,28981,82539,180682340,3810802,3459,35488368,35488368,37296931646211,433345,213259,819873673,425391,3459,67,624682,1658,775294,15359
2025-07-30T19:22:54.432331,21800,79410,180682350,3705089,3357,35493219,35493219,37300719170713,430605,213285,819873732,425438,3357,66,807636,1588,775322,15194
2025-07-30T19:22:59.570170,18612,83184,180682358,4032056,3083,35498049,35498049,37304608448932,433731,213311,819873800,425485,3083,68,636046,1489,775781,15607
2025-07-30T19:23:04.705015,18240,80247,180682371,3721689,3468,35502870,35502870,37308360808412,429191,213337,819873880,425533,3468,66,635275,1620,775803,16613
2025-07-30T19:23:09.841410,17271,84588,180682379,3779878,3240,35507389,35507389,37312055118774,439858,213362,819873937,425580,3240,78,619620,1567,775832,15333
2025-07-30T19:23:14.967487,18943,89518,180683403,3821632,3588,35511529,35511529,37316261111131,425433,213433,819878237,425721,3588,70,625681,1697,776949,16320
2025-07-30T19:23:20.123488,17488,78512,180683445,4013829,3062,35521237,35521237,37324069618330,440545,213530,819878545,425958,3062,69,636996,1642,777197,15423
2025-07-30T19:23:25.294091,17677,82390,180683455,3754042,3096,35526062,35526062,37327801453552,436886,213556,819878650,426028,3096,68,640751,1556,777206,15250
2025-07-30T19:23:30.446418,17642,80265,180683474,4095137,3359,35530879,35530879,37331721690289,439424,213581,819878813,426149,3359,64,629031,1606,777564,16300
2025-07-30T19:23:35.599902,18422,89456,180683486,3696042,3447,35535712,35535712,37335558690774,449455,213607,819878943,426239,3447,62,630305,1566,777586,15784
2025-07-30T19:23:40.786891,18446,80205,180683508,3717666,3123,35540535,35540535,37339404151207,430275,213633,819879115,426361,3123,66,645654,1550,777701,15361
2025-07-30T19:23:45.929835,18426,75365,180683522,3800718,5775,35545375,35545375,37343293664040,447513,213659,819879259,426456,5775,70,631702,1788,777743,15891
2025-07-30T19:23:51.031775,17123,78686,180683531,3810338,4722,35550205,35550205,37347077689395,437916,213684,819879363,426529,4722,76,625473,1608,777861,16770
2025-07-30T19:23:56.194546,19196,79933,180683547,3891656,3478,35555050,35555050,37350886160098,437935,213710,819879507,426624,3478,67,637459,1690,777884,16431
2025-07-30T19:24:01.341238,17880,87022,180683557,3793460,3671,35559926,35559926,37354838235574,434996,213736,819879620,426697,3671,67,643071,1638,777998,15740
2025-07-30T19:24:06.467400,18027,83241,180683568,3762521,3215,35564063,35564063,37358535924057,428321,213761,819879725,426771,3215,61,634159,1477,778023,16645
2025-07-30T19:24:11.587440,17710,88561,180683577,3715160,3241,35568479,35568479,37362287636397,434536,213787,819879824,426835,3241,67,627069,1447,778045,15791
2025-07-30T19:24:16.716517,18374,85471,180683585,4082534,3246,35573307,35573307,37366193465015,429472,213813,819879925,426900,3246,69,637821,1556,778177,15527
2025-07-30T19:24:21.877466,20923,80043,180683595,3988116,3991,35578121,35578121,37369828097914,429464,213839,819880015,426965,3991,69,631626,1620,778205,15502
2025-07-30T19:24:27.056868,17895,85011,180683604,3983394,3421,35582935,35582935,37373660316979,430308,213865,819880097,427029,3421,63,636643,1627,778233,15409
2025-07-30T19:24:32.227743,17371,77914,180683613,3761777,3193,35587761,35587761,37377567599386,431715,213891,819880193,427093,3193,65,639113,1566,778359,15919
2025-07-30T19:24:37.359570,16995,80120,180683626,4055672,3103,35592581,35592581,37381530280018,433172,213916,819880282,427151,3103,62,630588,1528,778387,16140
2025-07-30T19:24:42.493006,17876,83262,180683793,3864118,4321,35597493,35597493,37386423297179,432663,213986,819881600,427870,4321,70,641457,1720,778619,15381
2025-07-30T19:24:47.635525,20607,79232,180683803,3808322,3474,35602438,35602438,37390324441412,440109,214012,819881709,427921,3474,57,635915,1761,778661,15952
2025-07-30T19:24:52.901023,17101,87140,180683817,3756270,3542,35607273,35607273,37394468472780,435203,214037,819881777,427969,3542,67,636592,1626,778684,16064
2025-07-30T19:24:58.049426,17862,80256,180683825,3857971,4927,35612112,35612112,37398459966148,432165,214063,819881840,428016,4927,65,630150,1772,778702,15417
2025-07-30T19:25:03.178232,17265,81024,180683836,3861583,3250,35616920,35616920,37402192545284,441886,214089,819881906,428065,3250,69,621776,1655,779132,15164
2025-07-30T19:25:08.347495,17564,82580,180683845,3771098,3220,35621198,35621198,37405917201670,442324,214115,819881980,428112,3220,64,635794,1605,779210,17036
2025-07-30T19:25:13.500867,18362,86912,180684867,4026844,3775,35625596,35625596,37410218966385,433152,214187,819886272,428252,3775,64,685211,1638,779918,15564
2025-07-30T19:25:18.634949,18670,78242,180684879,3680994,3075,35630435,35630435,37414081954556,428464,214212,819886356,428320,3075,64,640101,1502,779942,16322
2025-07-30T19:25:23.794154,17042,81648,180684905,3814207,3221,35635266,35635266,37417981782096,425128,214238,819886524,428456,3221,63,629755,1520,779974,15652
2025-07-30T19:25:28.966407,17924,86469,180684916,4189172,3008,35640113,35640113,37421939298854,436580,214309,819886649,428539,3008,66,627394,1615,780151,15358
2025-07-30T19:25:34.157730,17492,80529,180684928,3860208,3012,35644946,35644946,37425774105521,432614,214335,819886769,428607,3012,63,630926,1500,780169,16605
2025-07-30T19:25:39.294470,18897,80226,180684945,3884661,3651,35649776,35649776,37429802007767,433009,214361,819886926,428729,3651,68,636993,1647,780702,15416
2025-07-30T19:25:44.419944,17722,81276,180684959,3993842,3083,35654597,35654597,37433552126011,429540,214387,819887062,428819,3083,66,638372,1576,780723,15924
2025-07-30T19:25:49.601210,18033,84201,180684977,3734996,3156,35659422,35659422,37437395787700,436796,214412,819887227,428939,3156,67,630855,1677,780778,16392
2025-07-30T19:25:54.728294,17518,85592,180684990,3673082,4429,35664243,35664243,37441357414603,437475,214438,819887369,429036,4429,66,636304,1821,780803,15757
2025-07-30T19:25:59.857386,18010,78487,180685004,3846758,3215,35669086,35669086,37445068604382,433011,214464,819887489,429113,3215,65,632077,1587,780831,15281
2025-07-30T19:26:04.980273,20242,81237,180685027,3847323,3779,35677930,35677930,37452671565658,428077,214515,819887729,429277,3779,65,635403,1659,780874,16333
2025-07-30T19:26:10.128740,18735,86332,180685039,3746334,7802,35682430,35682430,37456403762253,432407,214541,819887824,429350,7802,70,631847,1863,780895,16163
2025-07-30T19:26:15.255634,17972,79232,180685049,3971225,3436,35687259,35687259,37460253970110,441641,214567,819887913,429417,3436,64,623659,1679,781050,15215
2025-07-30T19:26:20.389275,17531,82652,180685057,3943278,3134,35692081,35692081,37464095506737,430414,214593,819888007,429481,3134,64,630224,1797,781074,16354
2025-07-30T19:26:25.539894,17963,82145,180685068,4107666,3261,35696892,35696892,37467784290393,426368,214618,819888103,429545,3261,70,632539,1559,781191,14991
2025-07-30T19:26:30.799240,17801,84581,180685077,3721117,2905,35701711,35701711,37471681503071,442089,214644,819888185,429608,2905,66,630995,1594,781294,15274
2025-07-30T19:26:35.925352,18512,84396,180685087,4295239,3182,35706537,35706537,37475832353761,431384,214670,819888279,429672,3182,68,636314,1604,781384,15842
2025-07-30T19:26:41.046611,16619,84811,180685260,4690429,3157,35711436,35711436,37480818982869,431965,214740,819889726,430403,3157,66,644975,1763,781982,16124
2025-07-30T19:26:46.164703,18280,82953,180685268,4017517,2986,35716275,35716275,37484630091630,435966,214765,819889800,430451,2986,65,640961,1471,782053,15481
2025-07-30T19:26:51.316926,19456,82836,180685278,3740673,3359,35721111,35721111,37488425435528,434872,214791,819889865,430498,3359,60,639133,1602,782198,15602
2025-07-30T19:26:56.481804,17464,75605,180685288,3864396,3139,35725954,35725954,37492146682280,436498,214817,819889920,430545,3139,61,629098,1396,782216,16330
2025-07-30T19:27:01.633689,18221,77998,180685297,3831442,4369,35730378,35730378,37495900108767,425471,214842,819889987,430592,4369,66,633629,1790,782238,15371
2025-07-30T19:27:06.762096,17747,79556,180685310,3977211,3402,35734491,35734491,37499656831045,436639,214868,819890060,430642,3402,60,654904,1718,782335,15970
2025-07-30T19:27:11.912604,20571,78219,180686333,3939341,2508,35739457,35739457,37503825226838,433308,214940,819894365,430781,2508,65,631196,1685,783017,15576
2025-07-30T19:27:17.046833,21020,91977,180686341,3784897,3765,35744304,35744304,37507652220398,435945,214966,819894424,430829,3765,68,640581,1664,783035,17941
2025-07-30T19:27:22.158704,17722,81859,180686371,3737381,3186,35749154,35749154,37511699162081,436536,214991,819894618,430981,3186,63,635141,1523,783090,15566
2025-07-30T19:27:27.320918,17901,86505,180686382,3779522,3185,35754002,35754002,37515529202518,441822,215062,819894739,431065,3185,64,641232,1567,783293,15978
2025-07-30T19:27:32.477418,18486,79142,180686393,3968985,5409,35758823,35758823,37519382809003,431283,215088,819894849,431134,5409,68,642115,1607,783314,15664
2025-07-30T19:27:37.612279,20479,80404,180686411,3718394,4385,35763632,35763632,37523235968238,438682,215113,819895003,431256,4385,70,626877,1916,783340,15425
2025-07-30T19:27:42.744677,17061,84512,180686423,3782261,3256,35768447,35768447,37527077411422,437854,215139,819895133,431346,3256,65,623128,1530,783683,16314
2025-07-30T19:27:47.878999,17678,80893,180686442,4026342,3076,35773280,35773280,37530866398512,438075,215165,819895309,431467,3076,66,624791,1635,783939,16033
2025-07-30T19:27:53.034196,17781,78283,180686456,3774713,3179,35778107,35778107,37534676056318,433187,215191,819895444,431562,3179,64,640424,1650,783959,15941
2025-07-30T19:27:58.158159,19394,81336,180686465,4097016,3131,35782952,35782952,37538560511461,439569,215216,819895559,431636,3131,66,625687,1817,784020,15931
2025-07-30T19:28:03.286937,18146,84531,180686482,3747972,3505,35787358,35787358,37542201961318,433978,215242,819895698,431731,3505,62,637128,1624,784042,15300
2025-07-30T19:28:08.419796,17876,86216,180686490,3989150,3302,35791491,35791491,37545985950972,433855,215268,819895786,431798,3302,71,641775,1556,784151,15877
2025-07-30T19:28:13.582113,18306,74755,180686502,3796108,3366,35796309,35796309,37549834860432,430287,215294,819895892,431871,3366,66,632762,1464,784263,15307
2025-07-30T19:28:18.742168,17900,78068,180686515,3782615,3076,35801120,35801120,37553666678891,438180,215319,819895989,431936,3076,63,627927,1629,784379,16096
2025-07-30T19:28:23.878122,17490,78789,180686523,3641769,3109,35805931,35805931,37557433413528,444326,215345,819896074,431999,3109,66,643958,1508,784473,15619
2025-07-30T19:28:29.005281,19462,78293,180686533,3743728,4880,35810748,35810748,37561195409680,434376,215371,819896171,432065,4880,64,631829,1826,784557,15398
2025-07-30T19:28:34.165828,18349,81582,180686543,3934855,3105,35815567,35815567,37565067484121,435764,215397,819896263,432128,3105,66,645137,1531,784579,15668
2025-07-30T19:28:39.307891,17923,83727,180686551,3752744,3314,35820367,35820367,37569042727521,431300,215422,819896354,432193,3314,63,637980,1514,784599,15748
2025-07-30T19:28:44.442507,20680,83734,180686720,3737157,3223,35825280,35825280,37573990260322,437553,215492,819897667,432918,3223,63,677173,1556,784801,15699
2025-07-30T19:28:49.562434,18147,81453,180686731,3728900,3003,35830095,35830095,37577674914942,429690,215518,819897754,432964,3003,61,633783,1495,784836,15223
2025-07-30T19:28:54.688341,18381,86845,180686739,3851900,3565,35834924,35834924,37581453052684,431649,215543,819897818,433012,3565,68,655163,1726,784860,16461
2025-07-30T19:28:59.874767,18131,78658,180686750,3864704,4909,35839762,35839762,37585202238617,429323,215569,819897882,433060,4909,72,633784,1876,784879,15442
2025-07-30T19:29:05.047660,17610,78761,180686769,3822559,3574,35848428,35848428,37592741945493,434685,215620,819898024,433160,3574,61,644107,1462,785370,15394
2025-07-30T19:29:10.163143,16768,78765,180686788,4029675,3050,35853276,35853276,37596751019089,434755,215692,819898228,433279,3050,65,634764,1522,786001,17613
2025-07-30T19:29:15.296817,18334,83742,180686797,4007212,2953,35858087,35858087,37600568213866,454389,215717,819898295,433328,2953,67,648868,1499,786066,15673
2025-07-30T19:29:20.440192,17575,86305,180686810,3782025,3116,35862917,35862917,37604517618274,433531,215743,819898374,433377,3116,69,627685,1576,786486,15729
2025-07-30T19:29:25.614709,18663,81103,180686819,3834687,3353,35867744,35867744,37608363401720,437294,215769,819898436,433423,3353,67,651061,1580,786542,15405
2025-07-30T19:29:30.774714,18169,84997,180686828,4190070,3107,35872577,35872577,37612207363846,431204,215795,819898501,433471,3107,68,631139,1555,786654,16012
2025-07-30T19:29:35.894341,18171,82005,180686838,4465612,3501,35877406,35877406,37616050091565,434435,215821,819898562,433519,3501,68,656644,1815,786674,15881
2025-07-30T19:29:41.032179,17340,88395,180686847,3764028,2829,35882229,35882229,37619857505544,439700,215847,819898634,433566,2829,69,630517,1846,786697,15478
2025-07-30T19:29:46.178313,17654,81624,180686855,3836066,3116,35887062,35887062,37623635363626,430414,215872,819898724,433613,3116,66,624781,1506,786719,16394
2025-07-30T19:29:51.320614,17176,82075,180686866,3750513,4512,35891903,35891903,37627441235760,433639,215898,819898795,433660,4512,65,619593,1620,786739,15381
2025-07-30T19:29:56.449618,17738,80957,180686875,3847915,3108,35896746,35896746,37631197125736,434640,215924,819898850,433707,3108,67,635332,1503,786761,15728
2025-07-30T19:30:01.579547,17568,77716,180686886,3855551,3351,35901375,35901375,37634965517949,434358,215950,819898925,433755,3351,68,628706,1620,786869,15594
2025-07-30T19:30:06.682774,21212,83436,180686899,4030528,3646,35905586,35905586,37638631422858,435930,216019,819898985,433802,3646,66,640201,1641,786918,16128
2025-07-30T19:30:11.833804,17807,82775,180686907,4009050,4032,35910143,35910143,37642307876700,434453,216044,819899048,433849,4032,67,643921,1522,786936,15794
2025-07-30T19:30:17.000584,18347,81235,180686918,4208989,3306,35914956,35914956,37646187831340,428325,216070,819899116,433897,3306,67,644075,1516,787072,15990
2025-07-30T19:30:22.126674,17642,83376,180686927,4140048,3020,35919781,35919781,37650028020525,446463,216096,819899189,433944,3020,68,633252,1512,787094,15334
2025-07-30T19:30:27.253159,20570,81672,180686935,3727933,3752,35924594,35924594,37653659979850,441261,216121,819899260,433992,3752,64,645790,1554,787181,15593
2025-07-30T19:30:32.417242,17746,88885,180686949,3826663,2822,35929424,35929424,37657581862327,435351,216147,819899338,434042,2822,61,636539,1696,787271,15675
2025-07-30T19:30:37.550602,18101,80384,180686958,3785542,3481,35934252,35934252,37661479252335,428648,216173,819899401,434089,3481,67,634458,1545,787377,15621
2025-07-30T19:30:42.674054,17529,81570,180686966,3935421,3304,35939076,35939076,37665319836775,441515,216199,819899460,434136,3304,69,631285,1438,787468,15745
2025-07-30T19:30:47.826583,18775,75120,180686977,3956409,3028,35943917,35943917,37669035015301,437129,216225,819899533,434184,3028,79,632726,1597,787486,15508
2025-07-30T19:30:52.966893,20574,82436,180686987,3955308,3959,35948763,35948763,37673284854536,440528,216251,819899600,434231,3959,63,654601,1543,787576,15127
2025-07-30T19:30:58.082868,17472,83276,180686997,3720517,3118,35953614,35953614,37677061659921,447636,216277,819899671,434280,3118,64,632336,1537,787670,15750
2025-07-30T19:31:03.217510,17641,76084,180687008,3814165,3345,35958165,35958165,37680824339815,424764,216341,819899729,434327,3345,62,624422,1632,787872,15585
2025-07-30T19:31:08.361828,17556,83893,180687016,3994921,3054,35962170,35962170,37684520414916,439367,216366,819899794,434374,3054,69,622071,1583,787901,15648
2025-07-30T19:31:13.493029,17833,75942,180687026,3850410,3295,35967001,35967001,37688309123739,431177,216392,819899862,434421,3295,65,627362,1540,787918,17574
2025-07-30T19:31:18.646292,18159,81920,180687035,3831998,3462,35971838,35971838,37692068619291,441165,216418,819899919,434468,3462,72,660772,1575,787936,15253
2025-07-30T19:31:23.820399,18294,85806,180687043,4027670,3196,35976669,35976669,37696049753669,434864,216444,819899993,434516,3196,64,637528,1549,787958,15632
2025-07-30T19:31:29.011659,17922,85140,180687054,3905782,3217,35981496,35981496,37699893217482,444335,216470,819900058,434564,3217,63,634799,1513,788058,15938
2025-07-30T19:31:34.147237,17994,96006,180687063,3735838,3434,35986309,35986309,37703783130660,435192,216495,819900118,434611,3434,65,636040,1528,788078,15843
2025-07-30T19:31:39.286466,17763,89484,180687073,3805280,3211,35991141,35991141,37707543990692,431230,216521,819900191,434661,3211,62,629179,1523,788196,15750
2025-07-30T19:31:44.447078,17345,80261,180687085,3849705,3538,35995964,35995964,37711392203946,430859,216547,819900262,434709,3538,66,625649,1564,788220,15454
2025-07-30T19:31:49.585254,18027,82206,180687093,3940486,3048,36000806,36000806,37715255520552,440502,216573,819900328,434755,3048,65,639805,1602,788307,14959
2025-07-30T19:31:54.710660,17779,84231,180687103,3761772,3249,36005632,36005632,37718939392018,430176,216598,819900396,434804,3249,66,638978,1585,788388,15925
2025-07-30T19:31:59.851807,18007,77887,180687112,3979170,3255,36010479,36010479,37722754313021,436665,216624,819900464,434851,3255,63,631321,1516,788408,15676
2025-07-30T19:32:05.020295,18507,79314,180687131,3890842,3120,36019127,36019127,37730332769820,429488,216676,819900606,434947,3120,62,649419,1705,788453,15558
2025-07-30T19:32:10.157216,19263,76160,180687142,3866574,3642,36023846,36023846,37733970428919,430670,216702,819900667,434994,3642,70,649427,1595,788473,15851
2025-07-30T19:32:15.289556,17811,84080,180687150,3896719,3463,36028654,36028654,37737910862307,434952,216728,819900733,435042,3463,68,634846,1495,788495,15770
2025-07-30T19:32:20.459100,17861,79192,180687161,3808902,3108,36033503,36033503,37741641396179,432028,216753,819900806,435090,3108,63,637734,1579,788625,16134
2025-07-30T19:32:25.571456,18574,77675,180687170,3872968,3133,36038332,36038332,37745475070885,431761,216779,819900865,435137,3133,69,633540,1549,788649,16193
2025-07-30T19:32:30.709168,19666,82680,180687180,3886425,3629,36043139,36043139,37749174902783,432984,216804,819900935,435186,3629,67,622695,1619,788669,15927
2025-07-30T19:32:35.834384,17824,85812,180687190,3780991,3241,36047956,36047956,37752954499287,433911,216830,819900992,435232,3241,69,640585,1441,788692,15903
2025-07-30T19:32:40.980337,17150,81312,180687198,4102377,3393,36052799,36052799,37756794928762,432412,216857,819901055,435280,3393,72,623955,1638,788720,15819
2025-07-30T19:32:46.121066,15940,79116,180687208,3972966,3274,36057617,36057617,37760582115852,429036,216882,819901134,435329,3274,76,648981,1603,788746,16432
2025-07-30T19:32:51.266766,18838,77132,180687219,3950388,3220,36062452,36062452,37764427113250,427982,216908,819901217,435376,3220,68,635049,1502,788767,15379
2025-07-30T19:32:56.410834,18988,82041,180687227,3791821,3542,36067295,36067295,37768179520068,431599,216934,819901280,435423,3542,63,635857,1591,788881,15518
2025-07-30T19:33:01.546251,18027,86004,180687236,3810717,3257,36071846,36071847,37771883638075,432204,216959,819901346,435471,3257,68,634966,1530,788925,16084
2025-07-30T19:33:06.695722,17557,78548,180687246,3866414,3037,36075909,36075909,37775574055687,433432,216985,819901411,435518,3037,66,632985,1455,789020,16011
2025-07-30T19:33:11.828727,17822,82548,180687254,3958063,3183,36080655,36080655,37779360650374,424693,217011,819901477,435566,3183,65,628896,1621,789048,15844
2025-07-30T19:33:16.998102,17606,79433,180687265,3524694,2876,36085450,36085450,37783105690289,431069,217036,819901545,435613,2876,63,641330,1760,789159,15809
2025-07-30T19:33:22.124284,20100,85243,180687273,3855774,4506,36090261,36090263,37787055140967,434492,217062,819901604,435660,4506,62,629096,1555,789263,15725
2025-07-30T19:33:27.263038,17511,78088,180687283,3931977,3278,36095088,36095088,37790737011354,432409,217088,819901675,435709,3278,64,632653,1550,789287,15353
2025-07-30T19:33:32.406320,18521,75601,180687293,4722196,3109,36099887,36099887,37794507549561,435738,217113,819901733,435756,3109,63,637903,1751,789387,15675
2025-07-30T19:33:37.546771,17953,77801,180687302,4037353,3169,36104698,36104698,37798285002007,442628,217138,819901796,435804,3169,71,636472,1582,789481,15556
2025-07-30T19:33:42.679851,20802,81885,180687312,3720926,3900,36109522,36109522,37802038727596,429063,217164,819901874,435852,3900,65,633585,1610,789585,15702
2025-07-30T19:33:47.804276,17948,83671,180687321,3798782,3071,36114354,36114354,37805810126939,439853,217190,819901939,435899,3071,64,633481,1616,789698,16250
2025-07-30T19:33:52.937048,17553,76980,180687329,4352003,4669,36119184,36119184,37809629841465,442033,217215,819902008,435947,4669,63,640198,1761,789724,16188
2025-07-30T19:33:58.058635,17491,80380,180687343,4097707,4978,36124035,36124035,37813454826840,434658,217241,819902083,435997,4978,63,631759,1619,789853,15853
2025-07-30T19:34:03.189001,17840,81048,180687352,3939667,3112,36128594,36128594,37817161736948,432167,217267,819902164,436049,3112,69,641582,1493,789966,15747
2025-07-30T19:34:08.334709,19483,78881,180687361,4018173,3815,36132649,36132649,37820840031498,428560,217293,819902226,436097,3815,66,637014,1532,789993,15654
2025-07-30T19:34:13.468448,17075,81385,180687374,3777069,3164,36137449,36137449,37824594254536,428432,217318,819902299,436145,3164,66,629943,1504,790025,15641
2025-07-30T19:34:18.598414,17863,98408,180687384,3943045,3534,36142284,36142284,37828404547739,427945,217344,819902365,436192,3534,64,628212,1641,790156,15327
2025-07-30T19:34:23.716706,18406,92592,180687394,3961614,3187,36147101,36147101,37832150894805,431550,217369,819902437,436240,3187,66,639633,1575,790176,15756
2025-07-30T19:34:28.846577,20494,93620,180687404,3834480,3790,36151903,36151904,37835865748428,434786,217394,819902500,436287,3790,71,633540,1637,790196,15553
2025-07-30T19:34:33.997040,18882,83930,180687413,3804014,3373,36156754,36156754,37839729837983,434832,217421,819902567,436335,3373,71,633134,1620,790216,15710
2025-07-30T19:34:39.117418,18945,78947,180687424,3834889,2899,36161576,36161576,37843619991853,434700,217447,819902636,436382,2899,70,642245,1557,790234,15902
2025-07-30T19:34:44.251867,17718,79406,180687434,3966753,3513,36166377,36166377,37847294234551,436111,217472,819902695,436429,3513,66,639530,1565,790252,15479
2025-07-30T19:34:49.450516,17553,81423,180687442,3988049,3334,36171316,36171316,37851195221953,434882,217498,819902788,436478,3334,66,631361,1464,790377,15254
2025-07-30T19:34:54.579584,19979,86132,180687453,3976444,3700,36176148,36176148,37855088958023,441110,217524,819902850,436526,3700,66,634269,1638,790433,15870
2025-07-30T19:34:59.713457,19571,88112,180687462,3756143,3426,36180984,36180984,37858832943754,436590,217550,819902910,436572,3426,62,630182,1472,790519,15845
2025-07-30T19:35:04.914350,18146,76992,180687472,3657848,3090,36185493,36185494,37862613013572,434238,217576,819902983,436622,3090,65,639666,1328,790545,15805
2025-07-30T19:35:10.073211,17649,76873,180687494,3897982,3339,36194324,36194324,37870114092001,438064,217627,819903132,436717,3339,65,661455,1587,790772,15382
2025-07-30T19:35:15.208698,17701,81000,180687504,3760586,3290,36199143,36199143,37873906316752,446233,217653,819903229,436765,3290,66,633964,1631,790874,16106
2025-07-30T19:35:20.342218,18171,80955,180687514,3882101,4747,36203942,36203942,37877688091312,428202,217678,819903293,436812,4747,69,638872,1842,790986,15731
2025-07-30T19:35:25.487692,18303,84036,180687523,3778864,4653,36208757,36208757,37881532773845,429784,217704,819903374,436859,4653,63,630411,1640,791071,15358
2025-07-30T19:35:30.648760,18148,79769,180687533,4368371,3267,36213574,36213574,37885351518196,432554,217730,819903441,436906,3267,70,632370,1576,791099,15653
2025-07-30T19:35:35.769986,17633,84717,180687543,3801539,3068,36218375,36218375,37889111226430,433538,217755,819903497,436953,3068,64,643391,1567,791187,15804
2025-07-30T19:35:40.900692,20918,78412,180687552,3910795,3606,36223178,36223178,37892879584743,432369,217781,819903570,437000,3606,65,639259,1694,791278,15318
2025-07-30T19:35:46.023175,18607,80598,180687563,3805492,3220,36228007,36228007,37896756760606,441296,217807,819903644,437048,3220,69,642659,1498,791383,15517
2025-07-30T19:35:51.127890,17029,79472,180687571,3862858,3310,36232832,36232832,37900619504829,432910,217833,819903696,437095,3310,63,623092,1593,791463,16315
2025-07-30T19:35:56.246584,18280,77876,180687582,3912467,3292,36237652,36237652,37904430031700,435601,217859,819903772,437144,3292,67,641974,1563,791483,15395
2025-07-30T19:36:01.381464,18171,76477,180687591,3749639,3224,36242377,36242377,37908171103671,430856,217885,819903834,437191,3224,67,628369,1532,791582,16940
2025-07-30T19:36:06.533801,19122,81820,180687600,3699061,3847,36246395,36246395,37911776840163,426065,217910,819903902,437239,3847,61,636566,1710,791675,15855
2025-07-30T19:36:11.655284,17460,87417,180687611,3842774,4600,36250987,36250987,37915574800100,436195,217936,819903976,437288,4600,76,642844,1850,791692,15663
2025-07-30T19:36:16.794583,18202,79164,180687624,3757012,3226,36255796,36255796,37919267052067,436024,217962,819904048,437339,3226,65,633450,1564,791712,15422
2025-07-30T19:36:21.932559,18015,93198,180687632,4034608,3140,36260581,36260581,37922996517409,426876,217987,819904109,437386,3140,64,633679,1720,791730,15638
2025-07-30T19:36:27.068068,17174,81496,180687643,3768425,3097,36265404,36265404,37926862802584,431567,218013,819904177,437435,3097,67,642617,1490,791752,15546
2025-07-30T19:36:32.183015,17992,83796,180687653,3783014,4155,36270197,36270197,37930598463308,425435,218039,819904240,437482,4155,62,636446,1764,791770,15683
2025-07-30T19:36:37.321597,17795,80948,180687662,3676693,3141,36275010,36275010,37934334285378,441288,218064,819904306,437530,3141,68,634676,1551,791908,15969
2025-07-30T19:36:42.494382,17480,78281,180687674,3826972,4205,36279819,36279819,37938219342136,432637,218090,819904375,437578,4205,61,633348,1573,791930,15733
2025-07-30T19:36:47.620299,17861,82905,180687682,3971294,3383,36284636,36284636,37942040189399,430905,218116,819904441,437625,3383,77,643738,1641,792033,15385
2025-07-30T19:36:52.755266,17913,97856,180687694,3820298,3410,36289466,36289466,37946287551576,433374,218142,819904520,437674,3410,66,652244,1508,792132,16051
2025-07-30T19:36:57.890417,20133,92561,180687704,3850743,3582,36294289,36294291,37950115179229,434826,218168,819904589,437721,3582,70,634670,1690,792158,15696
2025-07-30T19:37:03.051506,18129,83157,180687712,3763045,3391,36298966,36298966,37953926370947,432263,218193,819904651,437769,3391,68,643598,1587,792180,15550
2025-07-30T19:37:08.208428,18604,81925,180687723,3787997,3277,36303160,36303160,37957547472408,432173,218219,819904722,437816,3277,63,637894,1503,792200,15353
2025-07-30T19:37:13.350262,17462,77139,180687733,3895491,3297,36307622,36307622,37961374045188,431967,218245,819904790,437862,3297,62,633788,1646,792220,16083
2025-07-30T19:37:18.477635,19428,81591,180687741,4063565,3499,36312424,36312424,37965167748682,432126,218270,819904854,437910,3499,62,640830,1654,792314,16560
2025-07-30T19:37:23.610902,18258,86073,180687754,3808758,3331,36317259,36317259,37969029281003,428795,218296,819904936,437959,3331,67,636015,1559,792430,15223
2025-07-30T19:37:28.748284,17292,80753,180687764,3907793,3127,36322084,36322084,37972788528001,434729,218323,819905000,438005,3127,66,631053,1636,792529,15816
2025-07-30T19:37:33.898139,18540,80631,180687772,3788978,3333,36326899,36326899,37976608942549,444887,218348,819905066,438053,3333,65,642492,1659,792549,16030
2025-07-30T19:37:39.054805,18690,82380,180687784,3990171,3205,36331713,36331713,37980389259261,431537,218374,819905135,438101,3205,65,628021,1501,792641,15655
2025-07-30T19:37:44.174890,20203,77388,180687795,3816395,3906,36336517,36336517,37984079178791,439909,218400,819905212,438147,3906,64,630826,1640,792721,15708
2025-07-30T19:37:49.334642,18549,83475,180687805,3842421,3401,36341344,36341344,37987941743686,439047,218425,819905304,438196,3401,69,640354,1637,792739,16583
2025-07-30T19:37:54.476106,18040,79265,180687814,3836047,4039,36346176,36346176,37991773511529,432189,218451,819905364,438243,4039,66,643885,1624,792761,15372
2025-07-30T19:37:59.607460,18355,84548,180687823,3841645,3145,36351015,36351015,37995577451060,428483,218477,819905431,438291,3145,66,639408,1570,792785,15940
2025-07-30T19:38:04.757277,17402,79492,180687833,4031119,3098,36355830,36355830,37999339633163,434028,218503,819905501,438339,3098,67,640566,1560,792807,15612
2025-07-30T19:38:09.901229,18071,74876,180687843,4284102,3002,36360013,36360013,38003063841919,432465,218529,819905562,438386,3002,67,628528,1616,792832,15320
2025-07-30T19:38:15.048659,18280,88979,180687863,4207735,3148,36369173,36369173,38010460950568,438581,218581,819905700,438481,3148,66,632113,1574,792970,15729
2025-07-30T19:38:20.191057,17250,77316,180687871,4045215,3295,36374002,36374002,38014142180972,435920,218607,819905752,438528,3295,68,637476,1577,793058,14893
2025-07-30T19:38:25.330755,16899,80036,180687882,3940040,3042,36378807,36378807,38017897647168,431507,218632,819905832,438577,3042,62,627472,1725,793140,14968
2025-07-30T19:38:30.434401,17880,81361,180687894,3816789,3125,36383619,36383619,38021722698000,431585,218658,819905915,438624,3125,66,627003,1499,793230,15887
2025-07-30T19:38:35.574074,17182,82186,180687903,3850182,3997,36388442,36388442,38025569428055,438735,218684,819905977,438671,3997,67,628991,1697,793336,15999
2025-07-30T19:38:40.717998,16877,84256,180687915,3725070,3154,36393251,36393251,38029282838446,439488,218710,819906049,438720,3154,65,621564,1452,793354,15545
2025-07-30T19:38:45.903883,17943,78713,180687924,3767057,4714,36398090,36398090,38033123409178,437228,218736,819906120,438766,4714,64,628678,1773,793483,15576
2025-07-30T19:38:51.050561,17938,79321,180687932,3785335,3203,36402907,36402907,38036831651703,432592,218761,819906182,438814,3203,65,639739,1525,793503,15935
2025-07-30T19:38:56.190812,18482,80802,180687943,3793391,3103,36407752,36407752,38040657875487,436080,218787,819906251,438862,3103,66,650091,1622,793526,17155
2025-07-30T19:39:01.349090,20172,76621,180687952,3830609,3807,36412607,36412607,38044399909388,427166,218813,819906320,438914,3807,65,629138,1698,793551,16274
2025-07-30T19:39:06.517260,18310,81233,180687961,3819324,3190,36416828,36416828,38048041214101,441819,218838,819906390,438962,3190,65,641028,1534,793572,15679
2025-07-30T19:39:11.626290,17369,81312,180687973,4029950,3068,36421123,36421123,38051853649264,436295,218864,819906461,439010,3068,71,630610,1614,793598,16023
2025-07-30T19:39:16.747621,23219,75721,180687983,3839809,3248,36425945,36425945,38055735430831,429251,218890,819906528,439057,3248,64,643718,1527,793709,15586
2025-07-30T19:39:21.905125,19569,83517,180687993,3793180,3429,36430745,36430745,38059565488934,441292,218916,819906604,439106,3429,64,630373,1497,793749,15753
2025-07-30T19:39:27.028515,20878,87529,180688003,3687683,3329,36435556,36435556,38063397565633,442010,218942,819906663,439153,3329,66,649323,1695,793851,15902
2025-07-30T19:39:32.146930,16804,81850,180688011,4002247,3081,36440357,36440357,38067174085237,449175,218968,819906725,439201,3081,65,639287,1615,793945,14958
2025-07-30T19:39:37.282048,16899,82236,180688022,4107971,3345,36445166,36445166,38070892199169,433659,218994,819906794,439250,3345,64,645859,1562,793965,15617
2025-07-30T19:39:42.457582,17743,78833,180688035,4105219,3206,36449955,36449955,38074718585419,431348,219019,819906870,439298,3206,64,641199,1562,794056,14912
2025-07-30T19:39:47.586285,19606,75774,180688043,3833380,3894,36454758,36454758,38078540001064,442307,219046,819906943,439345,3894,63,627004,1573,794144,15781
2025-07-30T19:39:52.712566,22601,82372,180688053,3868687,3392,36459587,36459587,38082317863370,424136,219071,819907005,439393,3392,64,659955,1583,794246,15503
2025-07-30T19:39:57.886918,17542,80077,180688063,3891787,3874,36464425,36464425,38086048007301,429875,219097,819907071,439440,3874,71,638872,1558,794332,15250
2025-07-30T19:40:03.048096,18631,82237,180688071,3758311,3205,36469234,36469234,38089847085844,433556,219123,819907134,439488,3205,65,631340,1633,794356,15531
2025-07-30T19:40:08.174021,16660,94453,180688083,4099501,3277,36473537,36473537,38093598464232,439181,219148,819907204,439536,3277,69,647410,1575,794443,15634
2025-07-30T19:40:13.324375,17578,80228,180688092,3829836,3263,36477761,36477761,38097223856823,430791,219174,819907280,439583,3263,67,635820,1553,794535,15874
2025-07-30T19:40:18.453077,17257,85900,180688102,3747864,3199,36482579,36482579,38101089046449,436041,219200,819907351,439632,3199,67,623112,1682,794630,15378
2025-07-30T19:40:23.600513,19606,81235,180688111,3813786,3211,36487380,36487380,38104908117958,440496,219225,819907414,439679,3211,61,631151,1559,794726,15561
2025-07-30T19:40:28.733149,17979,77875,180688120,3987894,3292,36492213,36492213,38108632516307,432233,219252,819907480,439727,3292,69,631749,1572,794751,15310
2025-07-30T19:40:33.923750,16527,81929,180688130,3892333,3051,36497014,36497014,38112452816349,438625,219277,819907543,439775,3051,64,632812,1551,794849,15673
2025-07-30T19:40:39.049934,17758,81172,180688140,3810824,3697,36501823,36501823,38116357497264,433601,219303,819907606,439822,3697,65,634254,1507,794875,15617
2025-07-30T19:40:44.200011,17840,84328,180688149,3997174,3232,36506633,36506633,38120115488217,433838,219329,819907690,439869,3232,63,630717,1617,794899,15080
2025-07-30T19:40:49.333673,17478,83101,180688163,3781430,3223,36511450,36511450,38123962801298,430695,219355,819907787,439919,3223,66,638732,1517,794921,16055
2025-07-30T19:40:54.464244,17768,76375,180688172,3764384,3012,36516266,36516266,38127685312243,435617,219380,819907849,439966,3012,66,631109,1593,794939,15732
2025-07-30T19:40:59.599459,17526,78572,180688181,3967218,3022,36521102,36521102,38131485211307,429943,219406,819907915,440014,3022,68,630761,1493,794957,15877
2025-07-30T19:41:04.767587,19860,85988,180688192,3936231,3966,36525915,36525915,38135272737577,434963,219432,819907978,440062,3966,61,629477,1717,795067,16025
2025-07-30T19:41:09.910836,17759,82664,180688201,3787194,6372,36530341,36530341,38139200290777,448762,219458,819908039,440109,6372,67,629143,1753,795166,15996
2025-07-30T19:41:15.049762,18183,81450,180688222,3942625,3250,36539239,36539239,38146637048556,429785,219508,819908171,440205,3250,65,632682,1844,795358,15233
2025-07-30T19:41:20.193029,17659,82037,180688230,3887054,3279,36544075,36544075,38150409739969,442791,219535,819908234,440253,3279,65,660087,1578,795385,16158
2025-07-30T19:41:25.318595,16965,75677,180688241,3722679,3644,36548884,36548884,38154220421088,424555,219560,819908310,440301,3644,65,629601,1761,795471,15629
2025-07-30T19:41:30.417744,19467,83732,180688250,3796255,3724,36553691,36553693,38158048646365,432392,219586,819908365,440348,3724,67,634438,1644,795551,15585
2025-07-30T19:41:35.550410,18519,85820,180688259,3759579,3142,36558514,36558514,38161774134492,430827,219612,819908437,440396,3142,64,630172,1599,795571,15768
2025-07-30T19:41:40.681632,18063,82395,180688271,4182783,3061,36563306,36563306,38165547144045,428893,219638,819908508,440444,3061,63,638104,1620,795667,15901
2025-07-30T19:41:45.819917,17189,81349,180688279,3941280,3115,36568146,36568146,38169289427537,435895,219664,819908583,440491,3115,68,631191,1623,795765,16034
2025-07-30T19:41:50.964766,18471,84069,180688289,3774182,3440,36572980,36572980,38173095537569,434289,219690,819908656,440540,3440,69,643510,1526,795786,15440
2025-07-30T19:41:56.097404,17767,78148,180688302,3769852,3049,36577810,36577810,38176925311664,427279,219715,819908730,440588,3049,67,623174,1385,795900,15529
2025-07-30T19:42:01.253053,17792,83854,180688310,3893336,4344,36582625,36582625,38180647026515,437633,219741,819908788,440635,4344,67,621123,1672,795996,15828
2025-07-30T19:42:06.419940,17786,77656,180688321,3784955,3322,36587084,36587084,38184445082936,431133,219767,819908859,440684,3322,77,637384,1738,796097,15584
2025-07-30T19:42:11.537593,18339,82984,180688331,3751091,3304,36591503,36591503,38188140148480,427873,219792,819908923,440731,3304,68,646571,1590,796123,16085
2025-07-30T19:42:16.663397,20123,88555,180688339,3745314,6345,36595970,36595970,38192006589673,442671,219818,819908987,440779,6345,64,632046,1759,796151,15504
2025-07-30T19:42:21.833052,18132,75911,180688349,3926653,3104,36600811,36600811,38195721083738,427723,219844,819909069,440827,3104,62,631077,1540,796175,15639
2025-07-30T19:42:26.993832,17659,74784,180688359,3909986,2673,36605630,36605630,38199683868979,428758,219870,819909135,440874,2673,67,643935,1879,796208,16553
2025-07-30T19:42:32.108875,18001,81127,180688368,4131328,4563,36610428,36610428,38203502652037,431169,219895,819909198,440922,4563,81,635320,1600,796261,15327
2025-07-30T19:42:37.239499,18449,84067,180688379,3799816,3748,36615229,36615229,38207268639036,430918,219921,819909267,440970,3748,68,656788,1590,796365,15045
2025-07-30T19:42:42.365816,19591,84240,180688389,3713599,3485,36620057,36620057,38211087708485,437296,219947,819909339,441017,3485,69,636153,1614,796383,15833
2025-07-30T19:42:47.487542,17363,77024,180688399,3738594,3139,36624870,36624870,38214929687448,437615,219974,819909419,441066,3139,63,631482,1557,796403,16452
2025-07-30T19:42:52.632970,17352,80724,180688411,4461264,3192,36629698,36629698,38219061371618,434324,219999,819909480,441113,3192,67,626020,1511,796421,15457
2025-07-30T19:42:57.842904,17952,79864,180688420,3912402,3052,36634531,36634531,38222900036972,433590,220025,819909544,441161,3052,66,637476,1582,796443,15032
2025-07-30T19:43:02.994027,19030,80328,180688430,3759692,3667,36639338,36639338,38226770043437,431470,220051,819909612,441209,3667,72,629689,1624,796463,15591
2025-07-30T19:43:08.127572,18586,87504,180688442,3757695,2957,36643844,36643844,38230488322269,430452,220076,819909684,441257,2957,63,647627,1425,796516,16193
2025-07-30T19:43:13.255273,17535,81412,180688454,3791128,4083,36647908,36647908,38234122049004,433273,220101,819909761,441304,4083,66,624485,1616,796634,15505
2025-07-30T19:43:18.406621,17472,80805,180688465,3946678,3016,36652644,36652644,38237852180071,470417,220127,819909827,441353,3016,64,631021,1476,796659,15098
2025-07-30T19:43:23.533456,21337,82913,180688475,3781860,3424,36657457,36657457,38241717340986,430537,220153,819909887,441400,3424,64,623491,1487,796694,16328
2025-07-30T19:43:28.673170,19560,85464,180688484,3882365,3793,36662259,36662259,38245500357001,430253,220178,819909966,441448,3793,64,635323,1525,796720,15385
2025-07-30T19:43:33.805852,18430,81821,180688495,3929883,3131,36667068,36667068,38249212478640,436426,220205,819910037,441495,3131,73,643794,1576,796749,15756
2025-07-30T19:43:38.947930,18117,80287,180688503,3791188,3441,36671876,36671876,38253040776751,432481,220230,819910089,441542,3441,65,635121,1561,796777,16912
2025-07-30T19:43:44.074356,16999,78717,180688515,3765460,4184,36676692,36676692,38256817820457,440382,220256,819910167,441591,4184,67,629416,1584,796823,15855
2025-07-30T19:43:49.222645,17440,78505,180688524,3782574,3197,36681510,36681510,38260610894529,444269,220282,819910237,441638,3197,67,627257,1546,796921,15537
2025-07-30T19:43:54.376481,18464,84422,180688532,3719411,4483,36686330,36686330,38264448852818,428132,220308,819910297,441686,4483,66,647066,1952,796976,15889
2025-07-30T19:43:59.502758,19802,88544,180688543,3890131,3606,36691155,36691155,38268324971156,430777,220334,819910367,441734,3606,74,629681,1593,796999,15729
2025-07-30T19:44:04.638141,17774,82760,180688552,4154833,3231,36696008,36696008,38272066127735,432396,220360,819910437,441786,3231,68,629757,1486,797031,16028
2025-07-30T19:44:09.788877,18157,79180,180688560,3822299,3358,36700655,36700655,38275905443761,435256,220386,819910503,441834,3358,68,635221,1531,797058,15951
2025-07-30T19:44:14.914729,11572,79875,180688575,3820538,3036,36704684,36704684,38279542832602,438349,220411,819910581,441884,3036,66,634305,1701,797084,15835
2025-07-30T19:44:20.042535,19260,80878,180688592,3854712,3712,36714091,36714091,38287037435954,428949,220462,819910708,441979,3712,65,633702,1537,797156,15892
2025-07-30T19:44:25.249476,17528,89980,180688603,3879793,5142,36718892,36718892,38290751263902,432937,220488,819910771,442027,5142,65,630815,1887,797268,15691
2025-07-30T19:44:30.357005,18163,79657,180688611,3879493,3114,36723668,36723668,38294579564723,428098,220513,819910837,442074,3114,65,628381,1701,797294,15582
2025-07-30T19:44:35.495242,18509,78674,180688621,3996853,3039,36728482,36728482,38298462798812,434100,220539,819910908,442122,3039,64,653779,1491,797325,15822
2025-07-30T19:44:40.646284,17506,87101,180688631,3825122,3163,36733297,36733297,38302215660714,429516,220565,819910969,442169,3163,66,634087,1653,797344,15362
2025-07-30T19:44:45.778236,17791,82273,180688641,3849218,3106,36738213,36738213,38306144576468,433582,220591,819911076,442218,3106,63,634714,1478,797382,16425
2025-07-30T19:44:51.069003,18092,81741,180688651,3859637,4768,36743056,36743056,38309872396028,445267,220617,819911142,442265,4768,66,632290,1831,797400,16427
2025-07-30T19:44:56.221005,17545,84514,180688661,3850473,4799,36747874,36747874,38313933049158,443910,220642,819911199,442312,4799,67,633237,1700,797557,15873
2025-07-30T19:45:01.338752,17648,81828,180688669,3828972,2920,36752679,36752679,38317785052917,432645,220668,819911273,442360,2920,68,625843,1598,797577,15957
2025-07-30T19:45:06.479356,20840,82987,180688680,4275330,3552,36757292,36757292,38321518027372,439795,220694,819911347,442408,3552,64,628409,1702,797602,15457
2025-07-30T19:45:11.624759,17675,82169,180688689,3787053,3220,36761418,36761418,38325094308906,432568,220719,819911404,442455,3220,66,638205,1587,797626,15356
2025-07-30T19:45:16.755030,17767,76588,180688699,3855609,3075,36765989,36765989,38328886706469,428674,220745,819911479,442505,3075,69,630694,1575,797646,15530
2025-07-30T19:45:21.926751,17744,75856,180688710,3889547,3021,36770797,36770797,38332644500108,438809,220772,819911547,442553,3021,70,629799,1497,797667,15804
2025-07-30T19:45:27.056319,17311,82028,180688719,3994520,3096,36775577,36775577,38336576892089,433159,220797,819911611,442600,3096,60,656766,1688,797777,15473
2025-07-30T19:45:32.165008,18883,113722,180688729,3877632,3687,36780410,36780410,38340441414080,437598,220823,819911676,442649,3687,63,631129,1688,797831,15636
2025-07-30T19:45:37.318402,17762,81293,180688738,3834917,3208,36785212,36785212,38344181556623,446750,220849,819911741,442696,3208,64,641993,1466,797853,15441
2025-07-30T19:45:42.445300,17884,79137,180688747,3791938,3086,36790011,36790011,38348001819173,437329,220875,819911806,442744,3086,68,647046,1479,797876,16154
2025-07-30T19:45:47.569732,17428,77273,180688757,3984868,3221,36794812,36794812,38351789202238,447215,220901,819911897,442792,3221,67,630574,1386,797900,15922
2025-07-30T19:45:52.728396,17141,81325,180688766,3863743,3307,36799622,36799622,38355519103443,452441,220927,819911951,442839,3307,71,622546,1541,797925,15606
2025-07-30T19:45:57.860741,20401,91809,180688774,3835833,3903,36804453,36804453,38359338451603,440424,220953,819912014,442887,3903,62,634617,1663,798035,15617
2025-07-30T19:46:02.967513,18951,84824,180688785,4063517,3352,36809256,36809256,38363105605107,433300,220979,819912084,442935,3352,63,638091,1554,798065,15324
2025-07-30T19:46:08.089374,17380,83192,180688793,3725530,3075,36814077,36814077,38366794815636,428423,221004,819912136,442982,3075,72,622645,1506,798115,15676
2025-07-30T19:46:13.225704,17432,84823,180688804,3984076,3032,36818175,36818176,38370453848859,443086,221030,819912225,443030,3032,66,623386,1465,798137,15539
2025-07-30T19:46:18.351230,18181,79601,180688814,4726251,2992,36822568,36822568,38374226931105,431442,221056,819912292,443080,2992,70,624711,1538,798155,15997
2025-07-30T19:46:23.483814,17931,86117,180688822,3797406,3121,36827350,36827350,38377911333506,435611,221081,819912354,443128,3121,61,622252,1490,798177,15705
2025-07-30T19:46:28.601957,17941,81793,180688832,3719183,3095,36832167,36832167,38381708005716,429257,221107,819912423,443177,3095,61,626907,1484,798199,15494
2025-07-30T19:46:33.732416,17505,81001,180688844,3884924,3271,36836970,36836970,38385489037043,432806,221133,819912495,443225,3271,66,626825,1539,798309,15645
2025-07-30T19:46:38.881507,17747,82747,180688852,4096991,3227,36841768,36841768,38389317097390,435071,221158,819912557,443272,3227,65,636702,1566,798409,15536
2025-07-30T19:46:44.006285,17771,80922,180688863,3671401,3704,36846594,36846594,38393178308050,428450,221185,819912639,443321,3704,64,642633,1674,798434,15652
2025-07-30T19:46:49.139193,17956,83953,180688872,3855900,3243,36851405,36851405,38396978250635,436727,221211,819912711,443368,3243,68,630739,1612,798523,15445
2025-07-30T19:46:54.421281,18872,99976,180688880,3829566,3168,36856228,36856228,38400695859723,434905,221236,819912777,443415,3168,63,635552,1617,798609,15893
2025-07-30T19:46:59.572883,17509,80556,180688891,3959525,3240,36861066,36861066,38404730596794,442369,221262,819912843,443462,3240,61,627804,1516,798711,16330
2025-07-30T19:47:04.703141,18595,77715,180688900,4055278,3275,36865875,36865875,38408531882454,430655,221288,819912900,443509,3275,67,644447,1763,798741,15854
2025-07-30T19:47:09.837404,17377,76888,180688910,3775327,3028,36870736,36870736,38412397927894,427599,221314,819912971,443558,3028,64,628847,1573,798866,15836
2025-07-30T19:47:14.956585,19073,84733,180688920,3935744,3564,36875051,36875051,38416013128412,427468,221340,819913029,443605,3564,65,625662,1681,798890,15953
2025-07-30T19:47:20.124310,18019,78993,180688938,3744646,3148,36884066,36884066,38423507136769,434957,221391,819913158,443700,3148,65,641023,1605,799066,15862
2025-07-30T19:47:25.242277,18405,85349,180688947,3867296,3215,36888876,36888877,38427331921570,429841,221417,819913215,443747,3215,64,633074,1510,799176,15415
2025-07-30T19:47:30.378111,17875,80849,180688955,4064586,2611,36893680,36893680,38431032524757,437391,221442,819913285,443795,2611,70,634495,1631,799277,15759
2025-07-30T19:47:35.571510,19802,80442,180688968,3913759,3701,36898505,36898505,38434883694929,428625,221468,819913366,443845,3701,77,627995,1604,799297,15510
2025-07-30T19:47:40.704306,17802,79070,180688978,3743420,3047,36903318,36903318,38438814478776,441925,221494,819913433,443892,3047,69,632241,1611,799379,15585
2025-07-30T19:47:45.833076,17762,80592,180688987,3888829,3124,36908128,36908128,38442625225077,432527,221519,819913506,443940,3124,66,644778,1663,799464,15641
2025-07-30T19:47:50.961541,17675,83434,180688998,3829767,3246,36912969,36912969,38446403000085,431136,221545,819913586,443987,3246,64,631371,1555,799588,15444
2025-07-30T19:47:56.125859,19670,81398,180689006,3685326,4001,36917790,36917790,38450211611612,441196,221571,819913642,444034,4001,69,629212,1778,799606,15020
2025-07-30T19:48:01.249492,17684,83100,180689017,3787388,3219,36922606,36922606,38453997560225,426857,221597,819913713,444083,3219,66,647216,1505,799710,15844
2025-07-30T19:48:06.383389,18375,77433,180689026,3837344,3375,36927463,36927463,38457712291830,437331,221622,819913771,444130,3375,68,631514,1556,799737,15755
2025-07-30T19:48:11.520579,18091,79637,180689036,3898082,2980,36931732,36931732,38461453897574,434304,221648,819913832,444178,2980,66,638815,1531,799827,14850
2025-07-30T19:48:16.664640,18425,84772,180689046,3755270,3395,36935976,36935976,38465202350570,436281,221674,819913911,444226,3395,66,632954,1468,799911,15763
2025-07-30T19:48:21.798364,19835,83886,180689055,3779152,3789,36940789,36940789,38468902498489,434145,221700,819913966,444273,3789,66,626457,1654,800027,15702
2025-07-30T19:48:26.960141,17538,82772,180689063,3679674,4914,36945600,36945600,38472619222827,422136,221725,819914030,444321,4914,64,632994,1484,800051,15479
2025-07-30T19:48:32.099752,17941,75349,180689074,3828132,3117,36950425,36950425,38476474791595,435897,221751,819914094,444369,3117,68,632469,1660,800165,16010
2025-07-30T19:48:37.204592,18111,82488,180689082,3991225,3317,36955250,36955250,38480256030811,428655,221777,819914148,444416,3317,62,639061,1575,800191,15613
2025-07-30T19:48:42.370329,18087,73056,180689095,3798224,3124,36960057,36960057,38484003179773,431445,221802,819914234,444466,3124,60,629016,1637,800289,16633
2025-07-30T19:48:47.512140,20238,85388,180689106,3802362,3540,36964887,36964887,38487914686671,443606,221828,819914318,444514,3540,63,630178,1668,800431,16233
2025-07-30T19:48:52.639457,17835,78801,180689117,3702463,3460,36969729,36969729,38492131550037,441033,221854,819914382,444561,3460,64,632796,1753,800452,15687
2025-07-30T19:48:57.775934,17701,84615,180689125,3922786,3047,36974576,36974576,38495872581790,441564,221880,819914442,444608,3047,62,636690,1473,800471,15999
2025-07-30T19:49:02.931335,17935,79480,180689136,3799534,3466,36979441,36979441,38499722887085,432959,221906,819914519,444661,3466,67,640098,1497,800491,15914
2025-07-30T19:49:08.108582,17186,80246,180689145,3958305,2907,36984300,36984300,38503554935425,435354,221932,819914586,444708,2907,59,631489,1609,800512,15312
2025-07-30T19:49:13.548971,19742,101657,180689156,3676513,3588,36988589,36988589,38509536006436,431451,221956,820168767,444756,3588,65,632266,1616,800536,16337
2025-07-30T19:49:18.839480,24206,88360,180689163,4116391,4131,36992750,36992750,38517898084863,1124756,221980,820659722,444790,4131,63,1609825,1688,800640,15737
2025-07-30T19:49:24.075461,22871,89041,180689172,4162517,3846,36997531,36997531,38527477026665,439418,222003,821176360,444837,3846,68,1554029,1703,800754,16277
2025-07-30T19:49:29.491174,21758,92285,180689181,4040939,4343,37002316,37002316,38536415969058,441813,222026,821703665,444880,4343,71,631570,1750,800776,16487
2025-07-30T19:49:34.902183,18184,97366,180689191,4120003,4357,37007085,37007085,38545365093772,1176842,222048,822215047,444925,4357,69,630718,1580,800856,16266
2025-07-30T19:49:40.450146,19808,90832,180689210,8743816,4189,37016670,37016670,38563348803090,1127928,222095,823261823,445017,4189,68,633596,1702,800989,16494
2025-07-30T19:49:45.676773,23996,90369,180689218,4323865,4546,37021463,37021463,38572372830383,1057337,222119,823779234,445060,4546,66,1246187,1718,801006,25083
2025-07-30T19:49:51.301599,21164,92267,180689230,4036724,5150,37025442,37025442,38580944269276,1150950,222143,824289635,445109,5150,63,640733,1731,801030,15726
2025-07-30T19:49:56.645308,20998,89364,180689243,4074501,4358,37029938,37029938,38589988744323,1020786,222166,824821636,445157,4358,64,635770,1692,801051,16138
2025-07-30T19:50:02.020164,21284,89106,180689251,4012758,4349,37034716,37034716,38599026932245,433429,222190,825349003,445196,4349,167,632929,1829,801073,15654
2025-07-30T19:50:07.940532,21210,98956,180689262,7689994,3907,37039572,37039572,38607784198973,459051,222215,825810903,445244,3907,67,680060,1689,801176,15370
2025-07-30T19:50:13.425724,24337,101111,180689273,9168068,4619,37044339,37044339,38616535543830,441149,222238,826302210,445289,4619,67,1626142,1724,801278,15856
2025-07-30T19:50:18.823432,21515,95483,180689281,4116263,3867,37048567,37048567,38625600358599,440302,222262,826821148,445337,3867,68,638364,1714,801302,15539
2025-07-30T19:50:24.965279,21762,87784,180689298,8897619,4707,37052778,37052778,38634586187534,435164,222285,827368719,445387,4707,64,650303,1796,801326,15155
2025-07-30T19:50:30.645869,22951,89505,180689323,4005862,4242,37062331,37062331,38652597444601,562404,222332,828437067,445470,4242,66,1594972,1501,801374,15768
2025-07-30T19:50:36.128217,18845,90836,180689330,8959185,3977,37067108,37067108,38661587968148,437613,222355,828965127,445508,3977,63,674994,1658,801412,22969
2025-07-30T19:50:41.793315,24263,99865,180689338,8877031,3589,37071888,37071888,38670723979243,1136502,222378,829498838,445554,3589,63,1626073,2180,801430,24705
2025-07-30T19:50:47.282043,22076,86516,180689350,4279100,3790,37076666,37076666,38679754252606,451304,222401,830017736,445595,3790,65,648618,1738,801530,25586
2025-07-30T19:50:52.741723,24751,89855,180689359,8691029,4200,37081439,37081439,38688961220173,446291,222423,830550333,445637,4200,68,1604294,1697,801570,25117
2025-07-30T19:50:58.391946,20482,88880,180689365,4200281,4039,37085636,37085636,38698091568678,441748,222445,831076674,445682,4039,64,631085,1647,801595,26574
2025-07-30T19:51:03.584941,20106,102245,180689381,8833706,4278,37089888,37089888,38707074666271,442621,222469,831602534,445737,4278,66,632560,1739,801709,15723
2025-07-30T19:51:08.948969,22330,89346,180689390,4141255,3970,37094715,37094715,38715596579503,433519,222493,832070068,445781,3970,67,633400,1627,801733,24309
2025-07-30T19:51:15.117692,20182,91359,180689410,4091928,3858,37104288,37104288,38734027970432,430946,222541,833095085,445874,3858,61,630020,1716,801917,24130
2025-07-30T19:51:20.542374,20783,91440,180689418,4198626,3711,37109044,37109044,38742914050163,498278,222563,833626850,445914,3711,65,648188,1630,802003,15890
2025-07-30T19:51:25.812103,22730,102580,180689429,4220741,3860,37112693,37112693,38751955227080,435867,222586,834158796,445960,3860,61,1570516,1631,802089,25634
2025-07-30T19:51:31.143668,21266,98126,180689439,4482018,4503,37117506,37117506,38760941924922,1139609,222611,834686823,446011,4503,64,649040,1668,802181,15775
2025-07-30T19:51:36.535705,24530,95389,180689448,4112712,4557,37122271,37122271,38770233810267,1139743,222633,835221955,446060,4557,63,1596505,1738,802200,15298
2025-07-30T19:51:42.205535,25590,88080,180689459,4130144,4312,37127042,37127042,38779259189170,1169553,222656,835755480,446101,4312,67,1705698,1775,802288,24097
2025-07-30T19:51:47.797966,23364,89880,180689466,4049918,3752,37131816,37131816,38788655922848,431755,222679,836286262,446140,3752,69,1638507,1637,802374,16500
2025-07-30T19:51:53.700137,23446,100270,180689478,4098723,3975,37136581,37136581,38797601429486,572773,222700,836801394,446197,3975,64,1656352,1713,802454,16303
2025-07-30T19:51:59.415069,21203,99485,180689489,8801696,4328,37141376,37141376,38806714953173,435479,222723,837336697,446246,4328,77,638858,1782,802550,25313
2025-07-30T19:52:04.559637,21709,90844,180689500,3987193,3904,37146124,37146124,38815838983516,437558,222745,837852886,446296,3904,63,787715,1708,802595,24976
2025-07-30T19:52:09.799662,21040,98498,180689509,4156869,3930,37150110,37150110,38824317432004,433780,222769,838319548,446334,3930,69,629564,1653,802619,17083
2025-07-30T19:52:15.712289,20420,87186,180689529,8829648,3881,37159295,37159295,38841962977911,538729,222814,839355243,446426,3881,70,621098,1674,802661,15498
2025-07-30T19:52:21.544998,21565,100166,180689537,8282031,4285,37164075,37164075,38850717582971,433909,222837,839884256,446475,4285,68,1606928,1769,802681,25461
2025-07-30T19:52:28.120932,23025,92796,180689546,8543536,4341,37168861,37168861,38859959733786,436375,222861,840416945,446510,4341,67,625676,1751,802703,15554
2025-07-30T19:52:33.756420,20751,98586,180689554,4152076,4490,37173613,37173613,38868880353156,429484,222883,840946102,446556,4490,64,632549,1793,802818,15663
2025-07-30T19:52:39.215274,20526,92120,180689564,4111001,4069,37178392,37178392,38877884441406,548029,222905,841481675,446607,4069,68,645034,1620,802836,25767
2025-07-30T19:52:44.643757,25471,113795,180689578,8639391,4133,37183178,37183178,38886925141404,1125963,222928,842000692,446655,4133,71,1673158,1747,802928,15787
2025-07-30T19:52:50.043304,20695,89453,180689596,4080719,5956,37192789,37192789,38905061372054,446153,222976,843049560,446741,5956,63,645142,1993,803104,15494
2025-07-30T19:52:55.925410,21004,88406,180689602,4114264,3943,37197585,37197585,38914314879961,1166974,222999,843591875,446780,3943,61,642888,1616,803198,16210
2025-07-30T19:53:01.597853,21042,91692,180689611,8090857,3874,37201654,37201654,38923264100270,436600,223022,844111380,446827,3874,67,637699,1571,803222,16085
2025-07-30T19:53:06.969934,20714,89956,180689620,4043853,4905,37206066,37206066,38931757389556,427184,223046,844584072,446869,4905,66,626467,1909,803316,15441
2025-07-30T19:53:12.266285,20470,99288,180689629,4059300,4063,37210850,37210850,38940496428835,434721,223070,845088831,446918,4063,67,629167,1628,803401,15799
2025-07-30T19:53:18.620546,23076,90008,180689641,8812988,3631,37215605,37215605,38949316434809,428274,223093,845611502,446963,3631,69,1597114,1797,803499,15710
2025-07-30T19:53:24.046145,20887,93995,180689655,4112361,4017,37220374,37220374,38958416787796,1151019,223115,846139438,447018,4017,68,642644,1678,803521,15585
2025-07-30T19:53:30.440553,21170,90387,180689675,8744925,4330,37229917,37229917,38976387348297,434685,223161,847205827,447109,4330,64,634260,1677,803701,25301
2025-07-30T19:53:36.116084,25899,91866,180689688,4033573,4374,37234718,37234718,38985423325606,430566,223186,847731126,447151,4374,62,1672650,1630,803719,16091
2025-07-30T19:53:42.010003,19854,99122,180689699,8750084,3738,37239502,37239502,38994507695689,1140298,223210,848266104,447204,3738,66,631202,1586,803809,25109
2025-07-30T19:53:47.803064,26161,89956,180689712,7988126,3925,37244295,37244295,39003250981753,1064358,223234,848794417,447245,3925,66,1632641,1778,803928,15568
2025-07-30T19:53:53.713181,21563,102847,180689720,4026039,4339,37248803,37248803,39012370213749,1140335,223256,849321772,447288,4339,76,638088,1657,803950,15385
2025-07-30T19:53:59.842453,23602,91295,180689731,8527522,4487,37252796,37252796,39021235091339,437959,223281,849849701,447345,4487,68,1640813,1694,804059,15949
2025-07-30T19:54:04.948509,23742,98018,180689741,4257374,3929,37257621,37257621,39030562801985,433804,223304,850384211,447385,3929,69,1650589,1635,804171,15535
2025-07-30T19:54:10.780661,21144,95424,180689769,9401634,4071,37266738,37266739,39048232518195,433063,223354,851362072,447483,4071,66,641507,1846,804391,15705
2025-07-30T19:54:16.448117,23551,91366,180689781,4080209,3991,37270939,37270939,39056963065839,1162063,223378,851883737,447527,3991,73,1618733,1845,804487,24414
2025-07-30T19:54:22.032309,23670,91263,180689788,4237068,4024,37275731,37275731,39066065426389,1028108,223401,852431361,447573,4024,68,1608879,1802,804505,26569
2025-07-30T19:54:27.851080,20888,91677,180689804,4084756,4042,37280516,37280516,39075376625945,1195541,223424,852947399,447615,4042,64,624466,1681,804591,15578
2025-07-30T19:54:33.705788,20763,94088,180689815,4140920,3838,37285296,37285296,39084367598708,429289,223447,853478242,447656,3838,60,637954,1628,804677,15608
2025-07-30T19:54:39.325571,20490,99470,180689825,4374413,4016,37290105,37290105,39093345610411,433984,223471,853999200,447710,4016,69,627030,1741,804790,15780
2025-07-30T19:54:45.452067,18502,92480,180689846,9084392,3726,37299784,37299784,39111680775383,1189259,223516,855065962,447803,3726,65,647888,1746,804852,16189
2025-07-30T19:54:51.158881,20530,127578,180689857,5285377,6004,37304575,37304575,39121081167204,1140036,223538,855564601,447853,6004,75,641776,2060,804873,15373
2025-07-30T19:54:56.590557,20764,101803,180689867,4644358,4188,37309390,37309390,39130116498971,1093407,223561,856095477,447895,4188,68,631511,1848,804891,15805
2025-07-30T19:55:02.232967,20651,90588,180689874,4168430,4094,37314176,37314176,39139246278675,434100,223585,856635877,447942,4094,63,634294,1743,804913,16403
2025-07-30T19:55:08.121009,20802,95197,180689883,4085411,3961,37318218,37318218,39147969383399,435074,223606,857137075,447989,3961,65,640377,1644,805020,25696
2025-07-30T19:55:13.824580,20470,95583,180689892,4058084,3860,37322636,37322636,39156665387341,1203459,223630,857645716,448037,3860,67,632571,1759,805134,22696
2025-07-30T19:55:19.403635,21270,98921,180689901,8357246,4097,37327413,37327413,39165933123634,433869,223652,858169179,448078,4097,67,642560,1790,805157,24353
2025-07-30T19:55:25.109716,24513,93228,180689925,8641816,3836,37337011,37337011,39184663776665,427401,223699,859221192,448175,3836,76,1628887,1634,805321,23514
2025-07-30T19:55:31.033022,20714,90264,180689936,4184470,3863,37341786,37341786,39193691331820,435777,223721,859747405,448224,3863,65,654778,1563,805339,24850
2025-07-30T19:55:36.675125,22155,100148,180689948,8811541,4063,37346103,37346103,39202567919669,426330,223743,860272721,448263,4063,65,768545,1609,805361,24486
2025-07-30T19:55:43.320715,23341,90648,180689958,4120154,3879,37350177,37350177,39212168680376,1161914,223763,860808335,448313,3879,68,1631111,1758,805383,25204
2025-07-30T19:55:48.875412,23903,87599,180689970,8687981,4081,37355007,37355007,39222060355559,439019,223787,861359919,448363,4081,67,1550972,1854,805401,15895
2025-07-30T19:55:54.326118,20959,94236,180689979,8052806,4245,37359817,37359817,39230821474594,1158975,223810,861865243,448405,4245,65,631263,1688,805425,15395
2025-07-30T19:55:59.965849,20792,92552,180689988,8715425,4638,37364626,37364626,39240019097183,1177898,223833,862403943,448447,4638,69,629089,1775,805541,24388
2025-07-30T19:56:05.150042,20276,93924,180690005,8972442,4115,37373177,37373177,39257868273152,433605,223882,863418541,448542,4115,66,630872,1553,805739,25134
2025-07-30T19:56:11.508269,20300,97431,180690013,7964323,3999,37377970,37377970,39266855031922,427484,223905,863928675,448590,3999,63,636585,1711,805765,19444
2025-07-30T19:56:16.873378,20761,93444,180690025,8225420,5795,37382748,37382748,39276044239544,433963,223927,864458963,448631,5795,68,646116,2083,805856,25692
2025-07-30T19:56:22.920066,24028,92653,180690037,4208074,4337,37387525,37387525,39285091996724,425412,223949,864976333,448685,4337,63,1522761,1683,805955,16247
2025-07-30T19:56:28.555196,19376,94827,180690052,4038131,4432,37392316,37392316,39294198517092,1193650,223972,865511708,448734,4432,65,631947,1671,806049,15485
2025-07-30T19:56:35.359088,23922,96227,180690074,4147930,4536,37401855,37401855,39312489430187,436483,224017,866568395,448834,4536,70,1596521,1727,806156,15300
2025-07-30T19:56:41.536939,21335,92452,180690085,8722720,3903,37406646,37406646,39321292449976,435678,224041,867103891,448876,3903,70,633930,1618,806237,25342
2025-07-30T19:56:46.973091,24253,90772,180690100,4235306,4056,37411428,37411428,39330478344823,1172259,224064,867635216,448918,4056,68,1602802,1643,806325,25787
2025-07-30T19:56:52.647753,20491,89944,180690111,8769205,4205,37415474,37415474,39339320964734,1180024,224086,868154890,448975,4205,69,642030,1612,806427,15220
2025-07-30T19:56:58.319756,24399,100004,180690121,4088945,5312,37419867,37419867,39348153212794,1211440,224109,868685230,449016,5312,65,1661900,1722,806447,24716
2025-07-30T19:57:03.462151,20488,87978,180690134,4199632,3852,37424655,37424655,39357294561858,1132568,224133,869221218,449071,3852,68,638160,1612,806602,24367
2025-07-30T19:57:09.134485,20316,97159,180690142,4145551,4253,37429472,37429472,39366029960527,989445,224156,869701369,449114,4253,63,633558,1681,806627,15224
2025-07-30T19:57:14.782477,24108,91426,180690155,4032157,4634,37434262,37434262,39374818969753,435175,224180,870212681,449164,4634,68,1552794,1711,806719,20204
2025-07-30T19:57:20.012134,23569,90353,180690178,4171930,4041,37443872,37443872,39393192672259,1175179,224227,871257942,449257,4041,60,1622538,1601,806920,15854
2025-07-30T19:57:25.718981,21022,87404,180690190,4023329,4791,37448670,37448670,39402035632940,1167623,224251,871793420,449306,4791,65,639711,1727,806941,25582
2025-07-30T19:57:31.175374,21526,87760,180690199,4041062,3552,37453448,37453448,39411021750802,1192074,224274,872321438,449347,3552,65,646926,1647,806959,15425
2025-07-30T19:57:37.345028,20523,90205,180690209,4166994,3761,37457717,37457717,39420103112883,1166600,224296,872854066,449397,3761,65,631140,1809,806977,15322
2025-07-30T19:57:43.199535,20484,89876,180690219,8714229,4193,37461860,37461860,39429330867896,435651,224319,873391471,449440,4193,73,633489,1828,806999,16017
2025-07-30T19:57:48.405317,20852,87985,180690228,4050074,3935,37466676,37466676,39438583843593,1148878,224344,873945173,449481,3935,65,633437,1768,807019,25947
2025-07-30T19:57:54.038881,20304,102372,180690242,4113656,4459,37471465,37471465,39447430326742,430100,224367,874438429,449534,4459,66,626347,1660,807121,16479
2025-07-30T19:57:59.504435,22860,90492,180690250,4032755,4059,37476247,37476248,39457168276074,1114647,224390,874986461,449568,4059,64,1533566,1668,807159,15741
2025-07-30T19:58:04.711769,20774,95641,180690257,4135984,4060,37481002,37481002,39466005446604,548459,224413,875495201,449618,4060,69,639128,1794,807181,16022
2025-07-30T19:58:11.258193,21311,98372,180690277,8654430,4202,37489919,37489919,39483383221310,437869,224462,876493682,449709,4202,68,640787,1665,807223,23271
2025-07-30T19:58:16.946552,24317,86603,180690288,8706289,4409,37494297,37494297,39492481385435,1150735,224486,877025364,449759,4409,66,1711458,1824,807244,15545
2025-07-30T19:58:22.614905,20862,91308,180690297,4095418,3640,37499075,37499075,39501473257073,433329,224510,877541615,449799,3640,75,639782,1675,807264,25248
2025-07-30T19:58:28.780155,24018,93628,180690304,3973351,4068,37503873,37503873,39510702468499,433795,224535,878066636,449845,4068,63,1647142,1573,807378,23993
2025-07-30T19:58:34.679820,20148,88824,180690315,8750334,4183,37508650,37508650,39519856551100,1144784,224558,878598815,449896,4183,64,635502,1684,807430,15439
2025-07-30T19:58:40.120970,21731,118535,180690337,4111577,4304,37517062,37517062,39537801793664,1257663,224603,879666519,449980,4304,63,641814,1724,807470,15538
2025-07-30T19:58:46.739836,20794,89923,180690353,8483870,4378,37521857,37521857,39546802744167,1065418,224627,880201347,450027,4378,63,632482,1662,807510,15526
2025-07-30T19:58:52.709151,23963,98156,180690364,8276844,5103,37526637,37526637,39556318121547,1233421,224650,880738885,450066,5103,71,1569526,1708,807530,25864
2025-07-30T19:58:58.773225,24787,100880,180690377,4230733,4190,37531414,37531414,39565314472650,428978,224671,881264514,450118,4190,65,1646662,1679,807549,16214
2025-07-30T19:59:03.884894,19587,100116,180690388,4109734,3646,37536229,37536229,39574580340730,429979,224694,881798816,450159,3646,68,637818,1705,807569,25270
2025-07-30T19:59:09.020060,23992,87507,180690397,4155071,6726,37541048,37541048,39583263012201,448968,224718,882275958,450199,6726,65,1649661,1827,807680,15357
2025-07-30T19:59:14.146509,22984,84945,180690411,3735443,3282,37545842,37545842,39589409606248,442917,224743,882517897,450262,3282,64,679219,1546,807730,15373
2025-07-30T19:59:19.281769,18102,76846,180690424,3963588,3103,37550451,37550451,39593208102140,429863,224768,882517977,450311,3103,66,631446,1597,807752,15788
2025-07-30T19:59:24.503242,17334,80336,180690433,3878963,3399,37555102,37555102,39597049109524,436300,224794,882518034,450358,3399,66,633373,1562,807774,15895
2025-07-30T19:59:29.671148,17973,77712,180690445,3849241,3083,37559171,37559171,39600894529247,433488,224820,882518105,450410,3083,64,626153,1746,807800,15230
2025-07-30T19:59:34.779354,18050,75331,180690455,3744742,3281,37563981,37563981,39604715246976,443563,224845,882518162,450456,3281,64,634065,1561,807823,15377
2025-07-30T19:59:39.912778,20198,82954,180690464,3911475,4400,37568813,37568813,39608600516586,436668,224871,882518232,450503,4400,64,627715,1712,807842,15439
2025-07-30T19:59:45.048597,17774,79951,180690486,3943301,3032,37578472,37578472,39616171907610,446602,224922,882518386,450597,3032,64,628349,1553,807996,15279
2025-07-30T19:59:50.168023,17326,85517,180690497,3783513,3249,37583325,37583325,39619961300963,431608,224949,882518468,450646,3249,66,628911,1544,808092,16479
2025-07-30T19:59:55.309538,17769,80607,180690506,4067399,5068,37588156,37588156,39623671341045,444368,224974,882518528,450693,5068,62,634540,1767,808178,15841
2025-07-30T20:00:00.503230,17665,78700,180690514,3895764,3591,37592973,37592973,39627440125427,442794,225000,882518588,450740,3591,60,637198,1567,808262,15599
2025-07-30T20:00:05.683002,18086,81814,180690525,4334570,3296,37597854,37597854,39631454897172,427826,225026,882518657,450791,3296,62,628268,1527,808381,15087
2025-07-30T20:00:10.859888,17574,79178,180690538,3767354,3374,37602677,37602677,39635315074980,431040,225051,882518727,450839,3374,63,632420,1574,808401,15345
2025-07-30T20:00:15.996786,17676,83096,180690547,3926750,3118,37606885,37606885,39639077424459,443545,225077,882518790,450885,3118,63,627514,1607,808494,15362
2025-07-30T20:00:21.108355,20697,79452,180690557,3822272,2977,37611199,37611199,39642791464505,439476,225103,882518861,450934,2977,67,628708,1498,808588,15530
2025-07-30T20:00:26.272606,19312,83533,180690566,4047039,3556,37616029,37616029,39646561081376,429252,225129,882518924,450981,3556,65,641643,1634,808676,15300
2025-07-30T20:00:31.433818,17675,84245,180690574,3882692,3435,37620848,37620848,39650409398376,429798,225154,882518989,451029,3435,63,631482,1716,808771,15454
2025-07-30T20:00:36.535021,17052,80787,180690585,3838116,3288,37625680,37625680,39654259870414,428337,225181,882519056,451077,3288,59,635307,1583,808875,15785
2025-07-30T20:00:41.666790,17834,76444,180690593,3932921,3242,37630510,37630510,39658132997065,432615,225206,882519108,451124,3242,64,654758,1572,808895,15581
2025-07-30T20:00:46.808134,18437,80608,180690604,3842695,3470,37635346,37635346,39661930926189,428217,225232,882519191,451173,3470,66,637539,1794,808985,15781
2025-07-30T20:00:52.046503,17055,87735,180690615,3716759,3090,37640199,37640199,39666140557833,427677,225258,882519251,451219,3090,68,627312,1592,809075,17758
2025-07-30T20:00:57.178319,17218,81030,180690623,3798541,3468,37645037,37645037,39669992439744,432975,225283,882519309,451267,3468,68,630984,1490,809159,15563
2025-07-30T20:01:02.315094,17780,82203,180690633,3827818,3159,37649853,37649853,39673771869197,436566,225308,882519374,451315,3159,66,629542,1605,809253,16881
2025-07-30T20:01:07.439037,18842,80254,180690643,3872751,3134,37654715,37654715,39677646799582,437756,225335,882519427,451362,3134,66,644336,1582,809355,15685
2025-07-30T20:01:12.554622,17477,80320,180690651,3763526,3819,37659553,37659553,39681439457981,440884,225360,882519494,451410,3819,62,632801,1587,809375,15494
2025-07-30T20:01:17.682661,19703,81980,180690667,3836464,3388,37663756,37663756,39685042284763,437175,225386,882519594,451460,3388,64,633163,1695,809397,15906
2025-07-30T20:01:22.828516,18304,83436,180690676,3757780,3266,37668079,37668079,39688858481439,438011,225412,882519659,451507,3266,71,648126,1424,809489,15603
2025-07-30T20:01:28.060506,18589,102977,180690684,3908524,3225,37672910,37672910,39692649846124,432788,225438,882519725,451555,3225,65,635040,1526,809583,15245
2025-07-30T20:01:33.251181,17313,80860,180690694,4044696,3170,37677723,37677723,39696607058554,430012,225463,882519784,451603,3170,64,639005,1529,809667,16767
2025-07-30T20:01:38.389920,18127,78314,180690704,3786106,3710,37682560,37682560,39700540468605,431849,225489,882519850,451650,3710,69,620405,1571,809754,15550
2025-07-30T20:01:43.520455,17804,85338,180690712,3755188,3091,37687389,37687389,39704247601088,430091,225515,882519917,451698,3091,68,628152,1473,809859,15872
2025-07-30T20:01:48.647789,24217,79492,180690724,3800494,3242,37692214,37692214,39707998666259,440842,225540,882519994,451745,3242,62,635665,1527,809883,15149
2025-07-30T20:01:53.775266,18463,80201,180690732,3917633,3065,37697064,37697064,39711835695401,437171,225566,882520048,451792,3065,66,631240,1502,809971,15920
2025-07-30T20:01:58.920482,18493,75712,180690742,3851406,3391,37701902,37701902,39715842152728,427825,225592,882520118,451842,3391,65,628931,1619,810059,15487
2025-07-30T20:02:04.077306,19658,83643,180690751,3922637,3506,37706734,37706734,39719630863187,434072,225618,882520172,451888,3506,61,634493,1637,810223,15541
2025-07-30T20:02:09.242845,17244,86790,180690759,3774237,3268,37711575,37711575,39723493977671,432198,225643,882520238,451936,3268,63,635617,1601,810330,15515
2025-07-30T20:02:14.389613,16976,83003,180690771,3748910,4352,37716134,37716134,39727312743787,425872,225669,882520306,451984,4352,67,622708,1721,810352,16066
2025-07-30T20:02:19.531815,17342,82972,180690779,3948775,3329,37720407,37720407,39731034863484,437086,225695,882520369,452031,3329,63,636130,1512,810444,15405
2025-07-30T20:02:24.668457,17458,81905,180690790,3766385,3336,37724935,37724935,39734659150969,437013,225720,882520458,452081,3336,68,629262,1650,810534,16043
2025-07-30T20:02:29.807863,18274,82788,180690801,3850876,4537,37729775,37729775,39738460204058,427411,225747,882520528,452129,4537,65,637422,1660,810623,16188
2025-07-30T20:02:35.000397,18272,85307,180690818,4245733,3462,37739406,37739406,39746191023396,454990,225798,882520650,452222,3462,64,641580,1617,810817,15385
2025-07-30T20:02:40.173512,18055,89521,180690829,3808673,3412,37744237,37744237,39749865665922,437169,225824,882520728,452270,3412,66,644282,1551,810842,16818
2025-07-30T20:02:45.304713,18055,82648,180690837,4105589,3440,37749068,37749068,39753658728061,435655,225849,882520810,452316,3440,67,641723,1681,810935,16136
2025-07-30T20:02:50.420817,17988,79433,180690848,3807204,3250,37753924,37753924,39757523734407,430754,225875,882520898,452365,3250,63,628287,1418,811017,16093
2025-07-30T20:02:55.544532,17876,79280,180690857,3720862,3680,37758783,37758783,39761358528344,431625,225902,882520955,452412,3680,64,632720,1663,811109,15441
2025-07-30T20:03:00.668806,17981,82831,180690865,3809926,3097,37763602,37763602,39765208764652,424556,225927,882521018,452460,3097,61,637955,1564,811192,15458
2025-07-30T20:03:05.866162,17794,79847,180690876,4178731,2901,37768470,37768470,39769069147322,441883,225953,882521085,452508,2901,67,623461,1594,811297,15615
2025-07-30T20:03:11.071421,16814,84553,180690884,3711890,3208,37772822,37772822,39772831697721,431744,225979,882521144,452554,3208,67,625812,1550,811319,15769
2025-07-30T20:03:16.203127,20185,80205,180690894,3770324,3283,37776976,37776976,39776581831916,439205,226004,882521218,452603,3283,63,630778,1737,811409,15426
2025-07-30T20:03:21.358781,18170,88392,180690904,3843559,4346,37781816,37781816,39780442365941,434021,226030,882521276,452649,4346,64,630278,1587,811491,15308
2025-07-30T20:03:26.494636,17217,78806,180690912,3820508,3240,37786650,37786650,39784324531806,440964,226056,882521343,452697,3240,63,626970,1474,811589,15877
2025-07-30T20:03:31.611879,17516,86006,180690922,3864475,3282,37791454,37791454,39788086823421,432294,226081,882521416,452746,3282,64,626948,1699,811681,15964
2025-07-30T20:03:36.735517,17917,82356,180690934,3850961,3408,37796294,37796294,39792044315924,431842,226107,882521489,452794,3408,70,645388,1586,811786,15479
2025-07-30T20:03:41.873578,20230,86266,180690942,3745872,3963,37801124,37801124,39795738725720,437968,226133,882521547,452841,3963,66,637816,1622,811804,15702
2025-07-30T20:03:47.035254,18278,84800,180690953,3860201,3802,37805962,37805962,39799563522087,460415,226159,882521624,452890,3806,65,624276,1891,811938,15424
2025-07-30T20:03:52.182032,18324,80577,180690963,4220973,3028,37810809,37810809,39803453283773,438338,226185,882521692,452936,3028,65,638650,1448,812041,15711
2025-07-30T20:03:57.319442,17791,77270,180690971,4002322,3181,37815646,37815646,39807244940312,433203,226210,882521753,452984,3181,66,637549,1522,812139,15171
2025-07-30T20:04:02.441124,17276,91500,180690983,3875670,3172,37820516,37820516,39811045113350,434022,226236,882521832,453037,3172,68,627486,1533,812227,15404
2025-07-30T20:04:07.572402,19642,81170,180690991,3795875,3741,37825298,37825298,39814840782163,443626,226262,882521884,453084,3741,66,626338,1525,812248,15537
2025-07-30T20:04:12.692080,26558,92515,180753109,3832214,3150,37829572,37829572,39819809795284,440251,226287,882695090,453125,3150,64,632429,1634,812334,15800
2025-07-30T20:04:17.868233,20063,93882,180990098,4195173,4472,37833903,37833903,39826201916635,446490,226314,883208013,453169,4472,62,624689,1646,812418,15709
2025-07-30T20:04:23.018904,20595,90888,181223180,4313247,4031,37838736,37838736,39831474113859,436664,226340,883690221,453218,4031,68,639022,1687,812510,15987
2025-07-30T20:04:28.165724,21324,97592,181456214,4036366,4090,37843566,37843566,39836773272184,437170,226366,884172120,453268,4090,64,632567,1766,812534,17601
2025-07-30T20:04:33.297990,20989,86429,181704378,4044912,4197,37848401,37848401,39842483614020,441701,226393,884684644,453317,4197,69,628511,1709,812586,15226
2025-07-30T20:04:38.436020,21601,110188,181963028,4194537,3830,37853234,37853234,39848273294667,438690,226420,885218202,453351,3830,64,645643,1626,812677,15353
2025-07-30T20:04:43.553937,21417,93863,182216100,4070214,3822,37858061,37858061,39854190322251,433442,226446,885740475,453396,3822,64,635170,1673,812703,15361
2025-07-30T20:04:48.692741,20475,90784,182474286,4276011,4235,37863030,37863030,39860276557501,429618,226473,886272946,453446,4235,65,631302,1786,812797,15322
2025-07-30T20:04:53.858394,21344,90072,182731224,4091456,3877,37867867,37867867,39866174066562,429288,226499,886802982,453492,3877,63,626737,1533,812831,16057
2025-07-30T20:04:58.988124,21301,90512,182978378,4198524,4114,37872741,37872741,39872143981188,429774,226526,887313390,453542,4114,66,630283,1680,812855,15913
2025-07-30T20:05:04.107830,23304,92026,183232368,4161008,4056,37877579,37877579,39878037871055,438514,226553,887837154,453587,4056,68,636865,1661,812886,15715
2025-07-30T20:05:09.258565,26918,91189,183443290,4006116,3977,37881818,37881818,39883224273072,433233,226579,888274876,453634,3977,68,646434,1723,812939,15960
2025-07-30T20:05:14.434777,21462,95302,183663311,4270354,3754,37886144,37886144,39888567355466,436941,226606,888731100,453668,3754,61,638495,1808,812965,16018
2025-07-30T20:05:19.568391,22233,100578,183923053,4100647,3906,37890970,37890970,39894593711060,433410,226632,889266485,453714,3906,63,641993,1625,813066,15759
2025-07-30T20:05:24.688367,22164,92189,184179428,4230545,4119,37895814,37895814,39900518857136,426527,226659,889794891,453756,4119,66,649809,1809,813187,15434
2025-07-30T20:05:29.804200,21998,93525,184433268,4158958,3850,37900646,37900646,39906285468558,436693,226685,890318771,453811,3850,67,635843,1674,813209,15608
2025-07-30T20:05:34.961126,15565,90827,184702372,4016636,4200,37905491,37905491,39912506410462,434575,226712,890873418,453853,4200,63,644655,1709,813298,15785
2025-07-30T20:05:40.155380,21046,90051,185214794,4038277,4054,37915182,37915182,39924416915025,433330,226765,891929990,453941,4054,63,632870,1761,813421,15237
2025-07-30T20:05:45.272233,21478,90817,185469924,4184332,4069,37920050,37920050,39930301242925,433713,226792,892455896,453994,4069,67,626661,1723,813449,15723
2025-07-30T20:05:50.427589,21204,89152,185727828,4131674,4164,37924912,37924912,39936143652920,563348,226819,892987859,454040,4164,64,636940,1731,813531,15524
2025-07-30T20:05:55.575023,22414,91457,185973693,4264782,3891,37929792,37929792,39942002121519,431456,226845,893495703,454086,3891,66,637968,1680,813619,15705
2025-07-30T20:06:00.705916,21406,90036,186232286,4447954,4204,37934529,37934529,39948128866319,425130,226872,894029097,454134,4204,73,638364,1666,813717,16122
2025-07-30T20:06:05.820587,21953,89896,186461855,4146906,2588,37938798,37938798,39953507205184,426753,226898,894504002,454167,2588,65,638665,1903,813796,16126
2025-07-30T20:06:10.939349,21158,87595,186695972,4008267,4177,37943243,37943243,39959148697038,426905,226925,894988068,454208,4177,66,635537,1745,813814,15141
2025-07-30T20:06:16.074174,21096,85520,186954721,4129479,4125,37948099,37948099,39965135793112,430510,226952,895521331,454264,4125,68,624100,1690,813892,15748
2025-07-30T20:06:21.229941,21609,89559,187216056,4116929,4141,37952952,37952952,39971305958929,426707,226979,896060136,454307,4141,64,638217,1675,813912,15927
2025-07-30T20:06:26.411130,20792,93286,187472300,4019583,3998,37957808,37957808,39977333479274,443716,227006,896588367,454356,3998,61,626464,1502,814008,16022
2025-07-30T20:06:31.539376,20953,92064,187731008,3993765,4136,37962640,37962640,39983341933171,436447,227032,897121620,454404,4136,70,631328,1549,814052,16428
2025-07-30T20:06:36.691457,21476,105813,187993088,4133218,3994,37967492,37967492,39989518202029,432915,227059,897661710,454449,3994,70,645661,1713,814072,15411
2025-07-30T20:06:41.847897,21398,91205,188256908,5044199,4214,37972320,37972322,39995533819173,435162,227085,898205350,454497,4214,61,646517,1731,814127,15371
2025-07-30T20:06:47.011354,21146,94552,188517926,4093864,4042,37977184,37977184,40001574395375,434186,227112,898742961,454535,4042,70,628284,1739,814171,15387
2025-07-30T20:06:52.153066,19621,96724,188776606,4184342,4272,37982041,37982041,40008171411907,509403,227138,899276408,454581,4272,66,630048,1541,814213,15613
2025-07-30T20:06:57.275738,21307,94143,189038878,4240455,3977,37986915,37986915,40014256092435,430119,227165,899817056,454623,3977,67,636467,1565,814315,16112
2025-07-30T20:07:02.394288,20396,88772,189285449,4372150,4870,37991639,37991639,40020101155162,432187,227191,900325858,454667,4870,66,624634,1779,814410,16091
2025-07-30T20:07:07.579659,20553,95748,189519945,3833642,3709,37996657,37996657,40026187252958,435564,227219,900811711,454710,3709,62,653361,1696,814513,16196
2025-07-30T20:07:12.710474,20269,91121,189741385,4097012,3981,38000336,38000336,40031405883594,430528,227244,901269850,454755,3981,63,659844,1714,814541,15963
2025-07-30T20:07:17.824454,23191,94635,190002847,4380613,4218,38005207,38005207,40037555822454,438771,227271,901808346,454793,4218,73,627964,1658,814559,15978
2025-07-30T20:07:23.023331,22074,94544,190258407,4069337,3996,38010077,38010077,40043535576808,431523,227297,902335275,454841,3996,61,631398,1665,814576,16293
2025-07-30T20:07:28.183790,20670,92270,190518969,4331740,5033,38014933,38014933,40049594386365,432038,227324,902872265,454884,5033,66,637728,1777,814594,15738
2025-07-30T20:07:33.300006,20484,91988,190771422,4021391,3983,38019801,38019801,40055384426857,441539,227351,903392815,454934,3983,67,638067,1646,814612,15656
2025-07-30T20:07:38.428949,20605,93240,191032844,4222527,3969,38024664,38024664,40061455370564,424697,227378,903931587,454969,3969,69,634648,1639,814718,15023
2025-07-30T20:07:43.627197,21121,89012,191295665,4237395,4033,38029521,38029521,40067545860922,437086,227405,904472913,455013,4033,71,627949,1651,814738,15555
2025-07-30T20:07:48.766116,21707,90257,191550274,4149963,3974,38034365,38034365,40073620850190,438809,227431,904997925,455063,3974,69,634185,1627,814842,15905
2025-07-30T20:07:53.888347,20801,93628,191808381,4100662,3952,38039246,38039246,40079706226890,437598,227458,905529901,455112,3952,66,622684,1752,814860,15796
2025-07-30T20:07:59.038460,20744,95097,192068622,4039448,4079,38044100,38044100,40085501592152,431327,227484,906066295,455156,4079,71,629135,1656,814878,15567
2025-07-30T20:08:04.301303,22109,94702,192320527,4176291,4061,38048617,38048618,40091134588138,429490,227511,906586181,455197,4061,66,644746,1598,814903,16183
2025-07-30T20:08:09.453246,20590,94963,192549469,4287231,3737,38052698,38052698,40096927846049,436352,227538,907059617,455242,3737,59,634062,1549,814925,16513
2025-07-30T20:08:14.606134,21631,90357,192777066,3993558,4015,38057526,38057526,40102324467500,561375,227564,907530529,455299,4015,66,634095,1583,814945,15509
2025-07-30T20:08:19.732536,20443,91484,193034422,4190690,4263,38062361,38062361,40108373499344,433336,227591,908060996,455335,4263,68,631322,1653,815045,15564
2025-07-30T20:08:24.876928,21178,91624,193291538,4129269,4015,38067199,38067199,40114164938123,428367,227617,908590874,455377,4015,66,634506,1757,815087,15579
2025-07-30T20:08:30.045278,19874,90417,193797260,4026871,3837,38076893,38076893,40125989802567,428076,227672,909634119,455475,3837,63,628420,1665,815123,15413
2025-07-30T20:08:35.209915,20974,92957,194055766,4075235,4168,38081742,38081742,40131754379099,426412,227698,910166969,455521,4168,64,634169,1629,815141,15199
2025-07-30T20:08:40.330573,20738,97559,194318531,4113676,4176,38086592,38086592,40137661555263,444681,227725,910708154,455562,4176,65,631232,1730,815163,16659
2025-07-30T20:08:45.451357,21746,90680,194573035,4356069,3866,38091442,38091442,40143533735351,438324,227751,911233089,455606,3866,65,640771,1705,815294,15914
2025-07-30T20:08:50.590335,21002,91792,194829079,4715152,4153,38096305,38096305,40149416192220,421940,227778,911760786,455653,4153,63,631600,1690,815314,15385
2025-07-30T20:08:55.773953,22014,91541,195088745,4126806,4104,38101179,38101179,40155398406729,426211,227805,912295931,455701,4104,61,637063,1692,815452,15861
2025-07-30T20:09:00.893075,20837,96373,195337783,4053794,3981,38105434,38105435,40161182099470,439480,227831,912809606,455737,3981,69,638756,1623,815556,16220
2025-07-30T20:09:06.029392,22082,92657,195571401,4019705,4017,38109840,38109840,40166754804116,428976,227858,913292566,455778,4017,66,640245,1725,815614,15824
2025-07-30T20:09:11.149662,20958,91425,195804324,4129912,3710,38114685,38114685,40172273098606,430182,227884,913774206,455824,3710,65,632637,1645,815700,16755
2025-07-30T20:09:16.323519,20733,84481,196063573,4324344,3954,38119547,38119547,40178361422746,442120,227911,914308457,455876,3954,67,630113,1673,815778,15701
2025-07-30T20:09:21.476401,20007,90352,196323983,4465168,3774,38124428,38124428,40184844704072,436292,227938,914845206,455925,3774,66,636414,1766,815912,15642
2025-07-30T20:09:26.775282,21179,92017,196586247,3985951,4077,38129315,38129315,40191269581096,437302,227964,915385365,455982,4077,65,631466,1776,816072,17117
2025-07-30T20:09:31.902394,20809,89479,196843642,4181752,4035,38134186,38134186,40197615695676,439048,227991,915916260,456033,4035,66,637546,1625,816153,16101
2025-07-30T20:09:37.038966,21126,96604,197093995,4102787,4158,38139006,38139006,40203546977525,439445,228017,916432517,456074,4158,66,640818,1628,816261,15980
2025-07-30T20:09:42.173550,21519,90806,197360585,4039964,3988,38143860,38143860,40209728362653,437195,228044,916981509,456117,3988,65,640409,1654,816301,15175
2025-07-30T20:09:47.343028,21699,92888,197622337,4123284,4159,38148715,38148715,40215927261873,432760,228071,917521249,456161,4159,68,632426,1691,816383,15996
2025-07-30T20:09:52.468245,21272,95741,197883379,4063303,4144,38153580,38153580,40222227498367,429001,228098,918059029,456205,4144,74,631658,1687,816401,17026
2025-07-30T20:09:57.606346,21961,89468,198144873,4005488,4102,38158143,38158143,40228360768519,433068,228125,918597829,456252,4102,65,627054,1819,816423,15466
2025-07-30T20:10:02.735247,21661,90250,198409736,4239740,3975,38162168,38162168,40234048701617,441098,228152,919143322,456290,3975,66,644883,1672,816443,16342
2025-07-30T20:10:07.848309,21391,90615,198626859,4171732,3616,38167045,38167045,40239451195173,436754,228178,919592974,456340,3616,61,637762,1709,816466,15690
2025-07-30T20:10:12.993916,21685,92992,198860105,4492849,4239,38171891,38171891,40244724068733,427720,228205,920075254,456380,4239,67,633840,1749,816487,15719
2025-07-30T20:10:18.146768,21065,90949,199124808,4103073,3996,38176750,38176750,40250971289793,428398,228232,920620473,456422,3996,67,631861,1653,816586,15206
2025-07-30T20:10:23.285391,19357,92244,199390699,4121856,4557,38181601,38181601,40257102593753,433697,228259,921168234,456475,4557,70,626424,1801,816630,15381
2025-07-30T20:10:28.412904,22705,95760,199655512,4097178,3807,38186438,38186438,40263259693053,437224,228285,921713625,456524,3807,70,627850,1669,816664,15762
2025-07-30T20:10:33.555902,21746,88521,199921950,4146703,4128,38191266,38191267,40269416727564,433707,228312,922262115,456571,4128,69,635920,1761,816694,15791
2025-07-30T20:10:38.832085,20952,90161,200170587,4127602,4253,38196111,38196111,40275485675465,434536,228339,922775315,456612,4253,65,625904,1660,816728,15588
2025-07-30T20:10:43.986299,22584,93240,200439241,4157505,4040,38200941,38200941,40282070168718,441253,228366,923328462,456646,4040,67,631201,1737,816767,15802
2025-07-30T20:10:49.107330,20186,92557,200701513,4124834,3406,38205807,38205807,40288310390840,443073,228393,923869065,456690,3406,62,654355,1693,816815,15505
2025-07-30T20:10:54.245324,21962,91416,200966331,4000245,3971,38210651,38210651,40294453764806,437495,228419,924414586,456741,3971,64,643813,1650,816925,15758
2025-07-30T20:10:59.392106,20852,94792,201223484,4084058,4406,38215044,38215044,40300679152827,426828,228446,924944644,456800,4406,64,623357,1766,816976,15590
2025-07-30T20:11:04.531020,21444,99875,201487130,4171967,3922,38219220,38219220,40306692709585,429596,228472,925487834,456846,3922,64,633227,1584,817004,15444
2025-07-30T20:11:09.689830,21265,89922,201702645,4143753,4249,38224104,38224104,40312423897676,428858,228499,925934365,456882,4249,61,629304,1705,817059,15562
2025-07-30T20:11:14.821877,20218,94697,201946370,4199352,3905,38228951,38228951,40318150330139,489500,228526,926437648,456928,3905,62,634598,1593,817079,15328
2025-07-30T20:11:19.954606,20764,94025,202207743,4272043,3991,38233777,38233777,40324241877666,431981,228552,926976231,456973,3991,65,626354,1667,817120,16377
2025-07-30T20:11:25.125769,20755,91488,202731491,4077274,4145,38243498,38243498,40336639513725,426107,228606,928055220,457064,4145,67,646946,1585,817260,15714
2025-07-30T20:11:30.278699,21746,89829,202998803,4156725,4219,38248355,38248355,40342917808026,439429,228633,928605679,457109,4219,65,644224,1737,817290,15824
2025-07-30T20:11:35.420205,20713,91568,203252861,4265567,3680,38253190,38253191,40348908457425,427909,228660,929129200,457158,3680,69,624245,1670,817308,15849
2025-07-30T20:11:40.545605,19619,92132,203522307,4138065,4137,38258055,38258055,40355132059972,443854,228687,929683694,457197,4137,62,629076,1826,817344,15452
2025-07-30T20:11:45.698384,22444,90228,203786735,3918736,3924,38262915,38262915,40361349547895,434207,228714,930228637,457248,3924,62,639922,1550,817364,15612
2025-07-30T20:11:50.872200,19180,95377,204051772,4209724,3997,38267788,38267788,40367517111765,424061,228740,930774537,457283,3997,67,628510,1642,817396,15178
2025-07-30T20:11:55.996805,20942,91040,204318285,4046847,3928,38272023,38272023,40373673656281,439937,228767,931323489,457324,3928,68,625968,1730,817494,15105
2025-07-30T20:12:01.118728,21975,92638,204580882,4053406,2267,38276365,38276366,40379886722360,430179,228793,931864396,457377,2267,62,645192,2192,817533,15499
2025-07-30T20:12:06.272981,21413,94187,204805336,4076204,4219,38281260,38281260,40385581581571,437768,228819,932329105,457422,4219,67,632044,1771,817635,15762
2025-07-30T20:12:11.469583,21746,95525,205037007,4231071,4025,38286103,38286103,40391004772636,435306,228846,932808283,457464,4025,66,646987,1775,817731,16317
2025-07-30T20:12:16.608958,26135,91268,205296302,4092206,3961,38290947,38290947,40397161725974,435663,228872,933342627,457515,3961,67,632292,1581,817755,15574
2025-07-30T20:12:21.734860,20996,92741,205561593,4026607,4053,38295825,38295825,40403280127850,438390,228899,933889276,457555,4053,64,633187,1591,817775,15430
2025-07-30T20:12:26.869160,20268,97045,205814590,4145884,4009,38300689,38300689,40409252164426,439136,228926,934411060,457605,4009,68,628659,1752,817793,15253
2025-07-30T20:12:32.020140,20618,90276,206079445,4101368,4351,38305540,38305540,40415299109923,439910,228953,934956673,457656,4351,64,633340,1768,817813,16369
2025-07-30T20:12:37.197056,21258,87339,206330992,4092486,3880,38310390,38310390,40421276038101,434592,228980,935475318,457699,3880,62,632403,1663,817835,15670
2025-07-30T20:12:42.347362,20492,89580,206592950,4406745,4077,38315230,38315230,40427474111324,431936,229006,936015137,457743,4077,164,632406,1727,817973,15853
2025-07-30T20:12:47.498423,21236,91730,206854708,4305669,4242,38320101,38320101,40433594881333,434494,229033,936554395,457789,4242,64,631375,1793,817999,15314
2025-07-30T20:12:52.632739,21003,91937,207117404,4030155,3841,38324183,38324183,40439881258365,435797,229060,937095662,457836,3841,63,633035,1683,818087,15777
2025-07-30T20:12:57.764012,21538,123524,207371304,4205322,3498,38328699,38328699,40445993688180,436922,229086,937619150,457874,3498,62,643743,1626,818207,15332
2025-07-30T20:13:02.909824,21211,94147,207635957,4344899,4208,38333570,38333570,40452093428940,439901,229113,938164395,457927,4208,60,632928,1728,818321,15558
2025-07-30T20:13:08.030204,21768,90096,207865047,4100012,3526,38338456,38338456,40457801178426,434694,229139,938638413,457972,3526,67,624003,1584,818347,15778
2025-07-30T20:13:13.155817,20934,90106,208088298,4083115,3917,38343315,38343315,40463182827033,438197,229166,939100463,458017,3917,61,628355,1671,818447,15584
2025-07-30T20:13:18.292575,21142,92452,208353939,4246171,3652,38348177,38348177,40469400693818,428746,229193,939647796,458068,3652,63,638104,1639,818541,15972
2025-07-30T20:13:23.450469,20650,90431,208618659,4047561,4197,38353024,38353024,40475882893417,443311,229220,940192906,458107,4197,69,632195,1685,818628,15786
2025-07-30T20:13:28.586088,22462,93940,208880633,4117834,3810,38357886,38357886,40482042995480,428314,229247,940732900,458156,3810,68,640804,1767,818718,15827
2025-07-30T20:13:33.713829,21549,94448,209144809,4149290,4140,38362742,38362742,40488030257164,428026,229273,941277190,458202,4140,67,637771,1748,818820,16299
2025-07-30T20:13:38.827254,21818,89038,209410712,4110497,4112,38367610,38367610,40494282993676,430422,229300,941825308,458249,4112,64,629776,1715,818838,15230
2025-07-30T20:13:43.970921,21092,89193,209667229,4161446,4103,38372471,38372471,40500234263053,427993,229327,942354103,458298,4103,62,626963,1704,818918,15342
2025-07-30T20:13:49.108233,21993,92404,209934834,4174050,4261,38377351,38377351,40506680469030,439797,229354,942905170,458345,4261,70,638156,1655,819037,15691
2025-07-30T20:13:54.251043,21040,92601,210201233,4219560,3672,38381086,38381086,40512863303661,429255,229381,943453999,458391,3672,68,628055,1741,819060,15466
2025-07-30T20:13:59.384053,21967,94444,210466436,4144633,4006,38385961,38385961,40519019953026,437336,229407,944000309,458432,4006,67,637859,1692,819178,15374
2025-07-30T20:14:04.511385,21547,91570,210729898,4137529,4113,38390852,38390852,40525208374951,432523,229434,944542611,458487,4113,70,643409,1726,819280,15852
2025-07-30T20:14:09.668866,20658,87139,210951126,4025038,3627,38395744,38395744,40530964933860,426843,229460,945000910,458532,3627,65,630844,1733,819394,15483
2025-07-30T20:14:14.795430,21262,94117,211048178,4082459,3792,38400581,38400581,40535513009021,437873,229486,945203043,458583,3792,66,653304,1669,819490,15235
2025-07-30T20:14:19.923647,17747,74833,211048187,3757649,3268,38405428,38405428,40539292444091,434047,229512,945203111,458631,3268,67,636615,1644,819508,15864
2025-07-30T20:14:25.051485,18112,78635,211048210,3863940,3182,38415132,38415132,40546986221952,440337,229564,945203251,458731,3182,68,622657,1627,819677,15691
2025-07-30T20:14:30.219023,18179,77880,211048222,3862407,3738,38419967,38419967,40550629773017,431947,229589,945203323,458782,3738,64,628190,1834,819702,15368
2025-07-30T20:14:35.378279,20467,81430,211048234,3818797,3116,38424817,38424817,40554484138024,442235,229615,945203402,458830,3116,63,626147,1589,819722,15805
2025-07-30T20:14:40.505754,17668,84738,211048243,3789670,3137,38429362,38429362,40558258387675,436193,229640,945203480,458879,3137,62,640201,1514,819832,16065
2025-07-30T20:14:45.647386,17996,83248,211048254,3846923,3251,38433483,38433483,40562537151530,434807,229666,945203583,458929,3251,65,627012,1367,819865,16051
2025-07-30T20:14:50.811246,17958,82785,211048262,3750842,3225,38438329,38438329,40566337348669,436479,229691,945203643,458976,3225,61,636828,1519,819988,15572
2025-07-30T20:14:55.933796,19420,87346,211048273,4051846,4551,38443203,38443203,40570272178660,434975,229717,945203709,459025,4551,68,642458,1798,820090,15572
2025-07-30T20:15:01.045115,18859,79135,211048283,3915496,4919,38448047,38448047,40574026661536,433374,229743,945203780,459072,4919,64,641004,1729,820192,15574
2025-07-30T20:15:06.172693,17520,77007,211048292,3675714,3242,38452925,38452925,40577789580495,429037,229769,945203843,459122,3242,64,625915,1556,820219,16347
2025-07-30T20:15:11.315068,17193,80165,211048302,4111105,3059,38457778,38457778,40581588717002,442692,229795,945203904,459169,3059,66,637843,1574,820325,16298
2025-07-30T20:15:16.486785,17206,79385,211048311,3774535,3393,38462601,38462601,40585391332408,424685,229820,945203972,459216,3393,67,623605,1605,820426,15407
2025-07-30T20:15:21.620182,20603,95725,211048319,3730545,3585,38467456,38467456,40589305798314,436516,229846,945204048,459264,3585,67,632823,1760,820522,16149
2025-07-30T20:15:26.748615,17639,84460,211048333,3821443,3230,38472306,38472306,40593136342783,433113,229872,945204123,459314,3230,60,635875,1505,820611,15908
2025-07-30T20:15:31.875767,17894,79256,211048342,4009628,3206,38477158,38477158,40596891391386,431750,229897,945204184,459361,3206,64,628018,1697,820698,15503
2025-07-30T20:15:37.032049,17801,77817,211048350,3694737,3173,38482021,38482021,40600726112511,436646,229923,945204245,459408,3173,61,627957,1614,820718,16450
2025-07-30T20:15:42.151145,18647,78972,211048360,3819018,3036,38486082,38486082,40604353892516,461094,229949,945204303,459456,3036,63,645271,1642,820806,15734
2025-07-30T20:15:47.295059,18768,78601,211048369,3846937,3762,38490565,38490565,40608156173520,442777,229975,945204381,459503,3762,63,633500,1618,820890,16472
2025-07-30T20:15:52.428575,17732,84604,211048377,3858754,4359,38495418,38495418,40611940100535,429791,230001,945204450,459551,4359,65,626590,1888,820972,15052
2025-07-30T20:15:57.580300,17597,80484,211048390,3780014,3077,38500264,38500264,40615734774815,434178,230026,945204533,459599,3077,66,630308,1537,821089,15315
2025-07-30T20:16:02.776103,17802,78959,211048398,4018095,3242,38505094,38505094,40619569935394,426742,230052,945204589,459646,3242,70,640744,1655,821111,15995
2025-07-30T20:16:07.932609,17280,78964,211048409,3904122,3184,38509982,38509982,40623693885268,432296,230078,945204665,459695,3184,70,626917,1629,821198,15993
2025-07-30T20:16:13.039085,19962,84145,211048420,3857316,3285,38514806,38514806,40627468043195,431385,230104,945204738,459742,3285,65,634213,1673,821278,15103
2025-07-30T20:16:18.151491,18225,83129,211048429,3792381,3356,38519651,38519651,40631229676535,429775,230129,945204804,459792,3356,68,643808,1567,821366,16683
2025-07-30T20:16:23.288507,18023,77612,211048440,3714435,3626,38524486,38524486,40635002811099,435028,230155,945204872,459840,3626,74,635903,1565,821390,15965
2025-07-30T20:16:28.440605,17952,81825,211048449,3945451,3069,38529319,38529319,40638743544466,433471,230181,945204933,459887,3069,63,636537,1537,821410,15473
2025-07-30T20:16:33.567247,17387,83789,211048459,3850487,3173,38534156,38534156,40642586420568,438615,230207,945205008,459937,3173,65,633734,1485,821466,15569
2025-07-30T20:16:38.694921,20303,82332,211048470,3742303,3507,38538860,38538860,40646254576825,430077,230232,945205074,459985,3507,68,632144,1690,821489,15566
2025-07-30T20:16:43.826613,17942,82497,211048479,3802400,3264,38542678,38542678,40649993475300,431640,230258,945205137,460032,3264,60,628665,1652,821506,16346
2025-07-30T20:16:49.047588,25234,82482,211048487,3696193,3126,38547480,38547480,40653886007893,439074,230283,945205203,460080,3126,62,636160,1510,821608,15583
2025-07-30T20:16:54.205397,18392,78692,211048498,3911561,3261,38552335,38552335,40657813220826,438371,230309,945205274,460128,3261,69,631352,1586,821632,15486
2025-07-30T20:16:59.329243,17180,81480,211048507,3761186,3200,38557174,38557174,40661677459915,430957,230335,945205336,460175,3200,65,619242,1619,821716,15188
2025-07-30T20:17:04.463122,18217,83516,211048517,3877899,3465,38562003,38562005,40665396103438,441387,230361,945205407,460224,3465,65,630261,1599,821738,16044
2025-07-30T20:17:09.605771,17570,80985,211048530,3922375,2980,38566890,38566890,40669338864110,439878,230424,945205480,460270,2980,63,640648,1615,821915,15904
2025-07-30T20:17:14.776393,17691,78452,211048539,3785713,3222,38571730,38571730,40673104351666,424621,230449,945205543,460318,3222,66,634564,1622,821935,16272
2025-07-30T20:17:19.900431,17444,79246,211048550,3917008,4414,38576573,38576573,40676934587996,445714,230475,945205611,460365,4414,65,625275,1842,821953,15468
2025-07-30T20:17:25.026147,18959,84491,211048569,3739740,3113,38586283,38586283,40684579364955,443109,230527,945205744,460461,3113,67,626456,1781,822077,15312
2025-07-30T20:17:30.185119,21826,80841,211048578,3864820,3654,38591114,38591114,40688240309648,430178,230553,945205816,460507,3654,62,712976,1668,822102,15900
2025-07-30T20:17:35.320115,18533,85332,211048586,3896801,4389,38595428,38595428,40691968967804,424672,230578,945205883,460554,4389,67,634940,1987,822126,15202
2025-07-30T20:17:40.484012,18124,80398,211048596,3907994,3257,38599650,38599650,40695661745311,431743,230604,945205954,460602,3257,69,644550,1551,822147,16141
2025-07-30T20:17:45.603607,17951,80781,211048610,4229225,3215,38604494,38604494,40699375697013,426226,230630,945206044,460650,3215,69,644586,1539,822191,15625
2025-07-30T20:17:50.762583,20426,82975,211048625,3723201,3319,38609393,38609393,40703981809916,432667,230655,945206105,460696,3319,67,644626,1587,822655,15720
2025-07-30T20:17:55.912523,17787,88336,211048637,3914812,3066,38614319,38614319,40708984884555,426149,230719,945206173,460745,3066,67,632780,1610,822964,15782
2025-07-30T20:18:01.033245,18166,81669,211048646,3975722,3326,38619175,38619175,40712739558904,436154,230744,945206235,460792,3326,64,634922,1649,822983,15773
2025-07-30T20:18:06.179158,17324,80697,211048654,3834129,3106,38624102,38624102,40716596543762,437261,230770,945206297,460840,3106,59,616402,1596,823008,15673
2025-07-30T20:18:11.345163,27188,82921,211048665,3728348,3801,38628960,38628960,40720408035338,443822,230795,945206368,460888,3801,63,767897,1668,823026,16113
2025-07-30T20:18:16.502650,18821,75788,211048674,3798795,3198,38633845,38633845,40724336921964,439169,230821,945206437,460936,3198,66,638973,1637,823046,15501
2025-07-30T20:18:21.623141,18581,82347,211048684,3783743,3185,38638701,38638701,40728153282143,434597,230847,945206505,460985,3185,63,648264,1535,823120,15582
2025-07-30T20:18:26.753782,18661,77109,211048694,4168446,3437,38643574,38643574,40731890232100,428474,230873,945206570,461032,3437,61,631297,1518,823140,15290
2025-07-30T20:18:31.910177,17948,81279,211048702,3884430,3341,38648050,38648051,40735683472775,439284,230899,945206633,461080,3341,66,627064,1477,823258,15397
2025-07-30T20:18:37.032036,21484,85714,211048712,3924726,3645,38652155,38652155,40739353336264,431877,230924,945206695,461127,3645,65,633049,1514,823276,15604
2025-07-30T20:18:42.140753,17792,88516,211048722,3664068,4108,38657023,38657023,40743184615222,431026,230950,945206761,461174,4108,67,627148,1817,823307,16032
2025-07-30T20:18:47.336262,17948,81460,211048730,3747543,3555,38661902,38661902,40746987348300,431135,230976,945206840,461222,3555,69,658234,1605,823338,15799
2025-07-30T20:18:52.506563,17363,82205,211048743,3825785,3259,38666774,38666774,40750825008837,434563,231001,945206914,461272,3259,61,627293,1547,823356,15895
2025-07-30T20:18:57.655407,17863,79530,211048754,4063354,5547,38671695,38671695,40755230593029,439988,231028,945206978,461319,5547,65,623731,1711,823426,15289
2025-07-30T20:19:02.775936,20890,85839,211048764,3776709,3555,38676590,38676590,40759037297612,432865,231053,945207042,461367,3555,65,635070,1696,823539,15519
2025-07-30T20:19:08.912016,17829,85585,211048774,3879894,3280,38681505,38681505,40762816935026,432679,231079,945207116,461415,3280,63,640467,1576,823560,15622
2025-07-30T20:21:28.405749,19486,88322,214239853,4041882,4640,38814705,38814705,41005209519841,435115,231787,954781570,462654,4640,69,628539,1788,825051,19671
2025-07-30T20:21:57.039895,20374,87707,214937704,5722344,3832,38842680,38842680,41057853925721,431432,231939,956875449,462925,3832,64,625097,1693,825579,15738
2025-07-30T20:22:17.767573,21455,88873,215403476,4031315,3586,38861821,38861821,41093030553087,436798,232041,958272909,463110,3586,63,935645,1634,825853,19901
2025-07-30T20:23:13.064611,21134,86664,216681351,4331154,3885,38913483,38913483,41189009896193,438505,232322,962106981,463614,3885,70,973253,1693,826731,16436
2025-07-30T20:24:17.673971,21440,89724,218189497,4259328,3601,38975925,38975925,41302196486318,661163,232649,966631949,464204,3601,66,1003502,1586,827463,15189
2025-07-30T20:24:24.589536,20052,90616,218305533,5554427,3945,38980601,38980601,41310876877599,429644,232675,966980092,464250,3945,69,627352,1572,827545,19631
2025-07-30T20:25:01.485076,21209,88676,219233822,5943047,3862,39018262,39018262,41380733835912,429770,232877,969765264,464593,3862,63,916720,1700,827997,16135
2025-07-30T20:25:49.148534,20472,91193,220276677,5912848,4041,39061186,39061186,41458672998390,434823,233104,972894200,464999,4041,63,630095,1761,828460,16240
2025-07-30T20:27:09.777736,22679,92733,222134026,4014825,4175,39136993,39136993,41597958686154,632403,233507,978466802,465717,4175,65,986948,1814,829427,20471
2025-07-30T20:27:24.392108,20135,89711,222481442,5874927,3665,39151706,39151706,41624045456172,432929,233584,979509187,465845,3665,65,621001,1660,829572,20096
2025-07-30T20:27:42.771767,21666,97147,222945499,4146401,4186,39171334,39171334,41658987858526,434667,233685,980901527,466010,4186,63,981466,1612,829723,19909
2025-07-30T20:30:10.563445,19048,87736,224982089,3885285,3089,39314362,39314362,41858622326905,425131,234488,987012528,467440,3089,64,636201,1684,832102,15777
2025-07-30T20:30:15.769173,17692,77097,224982102,3907979,3183,39319265,39319265,41862350285427,428499,234513,987012595,467488,3183,64,628187,1571,832122,16084
2025-07-30T20:30:20.900276,17674,79297,224982111,3961241,4294,39324148,39324148,41866301876654,432231,234539,987012658,467535,4294,69,637241,1631,832142,15506
2025-07-30T20:30:26.090690,18555,76544,224982119,3961799,3830,39329056,39329056,41870071183621,429950,234565,987012718,467583,3830,65,631827,1701,832299,15372
2025-07-30T20:30:31.247764,17322,91076,224982130,3767384,3054,39333935,39333935,41873866048683,431757,234590,987012796,467631,3054,63,633154,1659,832320,15255
2025-07-30T20:30:36.362473,18131,84073,224982138,3788494,4796,39338830,39338830,41877705034164,436187,234616,987012856,467678,4796,66,631583,1720,832402,14712
2025-07-30T20:30:41.474180,18263,79621,224982148,3935586,3400,39343051,39343051,41881332683175,428960,234642,987012924,467726,3400,66,629367,1758,832480,16341
2025-07-30T20:30:46.611765,18140,84536,224982158,3920435,3029,39347453,39347453,41885001186375,432506,234667,987013000,467772,3029,73,633849,1620,832600,15946
2025-07-30T20:30:51.742833,16934,80249,224982167,3762945,3474,39352369,39352369,41888846290837,431418,234693,987013068,467821,3474,66,641130,1558,832678,15179
2025-07-30T20:30:56.870483,17915,85945,224982180,3676581,3281,39357284,39357284,41893101698890,437042,234719,987013134,467869,3281,68,637498,1407,832703,16216
2025-07-30T20:31:02.000589,17738,90353,224982188,3664546,3234,39362171,39362171,41896868306302,435606,234745,987013194,467916,3234,62,635741,1570,832787,15710
2025-07-30T20:31:07.208654,18302,87011,224982198,4026418,3378,39367100,39367100,41900774657368,423587,234771,987013262,467966,3378,65,640471,1603,832810,16033
2025-07-30T20:31:12.378921,18520,81302,224982207,3983807,3070,39371989,39371989,41904668891304,435983,234796,987013323,468013,3070,60,625145,1671,832894,15449
2025-07-30T20:31:17.507262,18025,86401,224982216,3819610,3386,39376886,39376886,41908565198919,434585,234822,987013391,468061,3386,61,627536,1665,832911,15495
2025-07-30T20:31:22.653019,18177,81696,224982226,3966650,3117,39381769,39381769,41912366749283,429534,234848,987013457,468110,3117,65,637000,1462,832965,15520
2025-07-30T20:31:27.787590,17185,80697,224982238,3696735,3047,39386664,39386664,41916186244254,434745,234874,987013533,468158,3047,64,631007,1440,832987,15560
2025-07-30T20:31:32.912762,18158,77789,224982246,3768574,4364,39391558,39391558,41920122799271,442063,234900,987013591,468205,4364,69,627188,1684,833042,15520
2025-07-30T20:31:38.047739,17217,79308,224982256,4182486,3154,39395519,39395519,41923704235875,522885,234926,987013652,468253,3154,72,638106,1548,833062,15489
2025-07-30T20:31:43.164338,18397,126418,224982265,3705116,3069,39400166,39400166,41927427059858,429478,234951,987013716,468300,3069,64,628413,1695,833206,15788
2025-07-30T20:31:48.305518,20784,74665,224982275,3979456,3956,39405067,39405067,41931242552163,433230,234977,987013801,468348,3956,63,631402,1744,833224,15592
2025-07-30T20:31:53.465353,17502,78228,224982285,3804378,2973,39409969,39409969,41934987518015,442711,235003,987013884,468396,2973,69,625113,1603,833269,15731
2025-07-30T20:31:58.645988,17429,77328,224982295,3806156,3317,39414890,39414890,41938886924259,428621,235028,987013949,468444,3317,63,624711,1552,833286,16050
2025-07-30T20:32:03.786318,18038,79608,224982303,3908650,3534,39419791,39419791,41942751054629,425561,235054,987014005,468492,3534,68,632598,1587,833386,15978
2025-07-30T20:32:08.924465,17931,78027,224982314,3927302,3308,39424726,39424726,41946508315827,430257,235080,987014071,468540,3308,67,633812,1480,833413,15752
2025-07-30T20:32:14.073082,20170,100480,224982322,3746037,3778,39429625,39429625,41950336342481,434165,235106,987014142,468587,3778,63,627168,1683,833459,15332
2025-07-30T20:32:19.233378,17684,86220,224982333,3778007,3145,39434524,39434524,41954233271106,424214,235132,987014209,468635,3145,70,630094,1669,833477,15767
2025-07-30T20:32:24.360921,17184,80204,224982342,3840560,3078,39439441,39439441,41958052935363,428306,235157,987014277,468681,3078,66,632133,1584,833497,15380
2025-07-30T20:32:29.482184,18015,78712,224982350,3770548,3316,39443911,39443911,41961802156413,431728,235183,987014343,468730,3316,64,641277,1524,833515,15608
2025-07-30T20:32:34.647090,18226,81367,224982363,3780868,3184,39448501,39448501,41965568683154,436007,235209,987014418,468779,3184,63,631102,1500,833672,15544
2025-07-30T20:32:39.781750,19770,88360,224982372,3789058,3192,39452971,39452971,41969473565728,430468,235235,987014479,468826,3192,69,621662,1577,833694,16124
2025-07-30T20:32:44.910649,18818,82814,224982382,3765463,3965,39457887,39457887,41973292063573,429422,235261,987014547,468874,3965,63,641664,1694,833713,15291
2025-07-30T20:32:50.033903,17979,77664,224982402,3757825,3109,39467702,39467702,41980841439636,435553,235312,987014688,468967,3109,63,639798,1519,833787,15243
2025-07-30T20:32:55.188610,18045,85125,224982411,3756651,3206,39472635,39472635,41984579772390,431761,235338,987014755,469015,3206,65,636110,1522,833805,16402
2025-07-30T20:33:00.328005,17987,82388,224982422,3897281,3602,39477540,39477540,41988435957217,429823,235364,987014824,469063,3602,65,629978,1709,833912,15292
2025-07-30T20:33:05.470406,17575,78341,224982431,3706785,3276,39482498,39482498,41992405275075,439936,235428,987014882,469110,3276,66,636123,1543,833937,15148
2025-07-30T20:33:10.613347,17471,85218,224982441,4651039,3188,39487407,39487407,41996181904753,446289,235454,987014944,469158,3188,64,620411,1565,833959,16031
2025-07-30T20:33:15.753333,17605,77520,224982451,3947600,3239,39492304,39492304,41999989661197,429986,235479,987015021,469210,3239,67,628138,1582,834119,15324
2025-07-30T20:33:20.874540,24835,77818,224982459,3801525,3275,39496420,39496420,42003686259075,429197,235506,987015083,469258,3275,65,803861,1601,834198,15497
2025-07-30T20:33:25.996243,18286,83537,224982470,3699371,3301,39500961,39500961,42007473410003,429047,235531,987015149,469306,3301,64,629739,1517,834304,15405
2025-07-30T20:33:31.123800,21089,80901,224982478,4234314,3799,39505850,39505850,42011212082183,433470,235557,987015212,469352,3799,64,642661,1710,834396,15323
2025-07-30T20:33:36.320783,17816,82412,224982488,3815440,3261,39510755,39510755,42015134411299,436614,235582,987015284,469402,3261,63,632072,1590,834419,15684
2025-07-30T20:33:41.448093,18282,75204,224982499,3857724,3097,39515654,39515654,42019088726344,443678,235609,987015353,469450,3097,70,646591,1493,834519,15458
2025-07-30T20:33:46.568174,17210,76566,224982509,3827620,3314,39520561,39520561,42022840290819,428305,235634,987015445,469497,3314,64,630255,1444,834556,15670
2025-07-30T20:33:51.710632,17499,77194,224982517,3867931,4829,39525489,39525489,42026696264670,433356,235660,987015506,469544,4829,57,631895,1811,834594,15177
2025-07-30T20:33:57.008253,19476,83416,224982529,4262927,3636,39530410,39530410,42030558952426,432130,235686,987015574,469592,3636,65,629639,1598,834652,16284
2025-07-30T20:34:02.133817,17747,86250,224982538,3687355,3165,39535338,39535338,42034405642156,432575,235711,987015638,469639,3165,63,641330,1612,834677,15917
2025-07-30T20:34:07.279906,17602,80808,224982548,3808985,3130,39540279,39540279,42038230378220,443376,235737,987015700,469688,3130,69,628505,1464,834734,15510
2025-07-30T20:34:12.415684,21551,75292,224984545,4063077,3422,39544990,39544990,42042323841839,427037,235800,987023825,469789,3422,69,634712,1812,835065,15686
2025-07-30T20:34:17.514627,17392,85900,224988532,3876390,2979,39549029,39549029,42046705515321,442921,235864,987040028,469945,2979,67,626501,1547,835918,16396
2025-07-30T20:34:22.646710,20282,79909,224991525,4038553,8316,39553997,39553997,42050869689544,493756,235930,987052185,470074,8316,62,628846,1935,836299,15297
2025-07-30T20:34:27.785008,18186,111127,224995509,3750491,3608,39558965,39558965,42055296865835,431379,235995,987068366,470229,3612,69,648799,1601,836809,16403
2025-07-30T20:34:32.944857,22317,81483,224999495,3777101,2996,39563949,39563949,42059761163799,434636,236060,987084549,470386,2996,59,1275176,1585,837932,15330
2025-07-30T20:34:38.089010,18562,85293,225003480,3864101,3195,39568926,39568926,42064223606928,429958,236085,987100731,470541,3195,77,642490,1507,838432,15758
2025-07-30T20:34:43.215621,18195,86166,225007464,3850945,3340,39573898,39573898,42068825209702,427781,236152,987116925,470696,3340,62,625865,1614,838927,15907
2025-07-30T20:34:48.346174,17485,84166,225011451,3755657,3197,39578994,39578994,42073384714062,441157,236218,987133168,470855,3197,71,623339,1497,839411,16112
2025-07-30T20:34:53.498375,17686,75703,225016433,3885202,3025,39584019,39584019,42077955922141,437348,236285,987153388,471038,3025,64,626799,1577,839984,15443
2025-07-30T20:34:58.672800,18221,81261,225020417,3781046,3156,39589014,39589014,42082595961527,436933,236351,987169566,471193,3156,67,642362,1632,840662,15835
2025-07-30T20:35:03.816458,19594,100905,225024404,3807686,3565,39593114,39593114,42087067405183,440822,236417,987185756,471350,3565,64,629410,1609,841913,16137
2025-07-30T20:35:08.954794,18271,84446,225028389,3746019,3193,39597835,39597835,42091526994273,429618,236443,987201939,471504,3193,71,648842,1563,842423,15163
2025-07-30T20:35:14.091146,17507,104869,225032373,3672525,2663,39602822,39602822,42096129554765,430890,236509,987218119,471660,2663,65,630496,1607,842912,15866
2025-07-30T20:35:19.240062,17757,90945,225036361,3964331,3706,39607784,39607784,42100631949992,435577,236575,987234305,471817,3706,68,627645,1706,843367,15809
2025-07-30T20:35:24.366369,17636,77621,225041340,3775523,3198,39612789,39612789,42105217420302,434069,236641,987254531,471998,3198,63,625653,1737,843938,15790
2025-07-30T20:35:29.485124,16645,85780,225045324,3787842,3102,39617775,39617775,42109792443937,639794,236708,987270707,472154,3102,71,630372,1450,844429,16260
2025-07-30T20:35:34.648187,18170,84629,225049311,4039309,3182,39622743,39622743,42114333075853,439346,236774,987286895,472310,3182,62,636234,1523,845858,15883
2025-07-30T20:35:39.777921,18290,80921,225053295,3824671,3173,39627741,39627741,42118883382654,443403,236800,987303071,472465,3173,68,634022,1567,846348,15414
2025-07-30T20:35:44.914563,18785,78628,225057281,4209652,3065,39632717,39632717,42123488896525,431192,236866,987319253,472622,3065,68,644389,1644,846838,15498
2025-07-30T20:35:50.081210,19059,93915,225065251,3696390,3714,39642034,39642034,42132307796743,425429,236998,987351636,472932,3714,64,638682,1678,847794,15525
2025-07-30T20:35:55.199417,17579,84212,225069240,3782287,3082,39646516,39646516,42136675751723,431381,237065,987367832,473090,3082,65,622864,1481,848279,15871
2025-07-30T20:36:00.328652,17455,81177,225074220,4597451,3180,39651519,39651519,42141475130893,434209,237129,987388048,473272,3180,69,624420,1603,849847,16335
2025-07-30T20:36:05.518338,19972,82758,225078204,3721309,3113,39656538,39656538,42146028921152,428766,237196,987404235,473427,3113,66,648114,1511,850328,15790
2025-07-30T20:36:10.721718,18460,88825,225082190,3984536,2900,39661525,39661525,42150636766703,447873,237222,987420414,473582,2900,64,715175,1460,850812,16145
2025-07-30T20:36:15.868354,20251,85945,225086177,4142367,3158,39666509,39666509,42155197227536,433036,237288,987436605,473740,3158,67,670647,1606,851267,15808
2025-07-30T20:36:20.988938,17813,88766,225090161,3975811,3046,39671497,39671497,42159754063826,427183,237355,987452788,473897,3046,67,625139,1514,852280,16102
2025-07-30T20:36:26.184251,17887,80690,225094148,3959571,3083,39676483,39676483,42164235319358,435540,237419,987468983,474053,3083,65,638267,1582,852997,20846
2025-07-30T20:36:31.340664,19183,82021,225099126,3792416,3625,39681500,39681500,42169019169202,431963,237488,987489192,474235,3625,64,624658,1748,853584,15985
2025-07-30T20:36:36.486867,18519,80838,225103112,3818438,2709,39686282,39686282,42173649704781,441731,237554,987505376,474392,2709,65,636134,1823,854760,15657
2025-07-30T20:36:41.623910,17409,83309,225107097,3839625,3458,39690528,39690528,42177892641057,439218,237580,987521565,474546,3458,65,624975,1843,855234,15807
2025-07-30T20:36:46.785426,17999,81796,225111082,3984928,3173,39695316,39695316,42182492082714,429694,237646,987537766,474702,3173,75,635119,1537,855691,17147
2025-07-30T20:36:51.932278,18908,78832,225115069,4257054,4220,39700344,39700344,42187244111289,429979,237713,987553949,474858,4220,65,635495,1489,856148,15831
2025-07-30T20:36:57.066026,17767,98984,225119055,3918662,4956,39705336,39705336,42192208780377,430228,237779,987570130,475013,4956,66,643718,1692,856604,15548
2025-07-30T20:37:02.206902,18019,78424,225123113,3744309,3045,39710362,39710362,42196785345415,450581,237846,987586634,475177,3045,67,648713,1554,857064,15896
2025-07-30T20:37:07.326538,25388,82781,225128023,4058483,3093,39715388,39715388,42201531630078,429406,237912,987606552,475354,3093,65,635291,1587,858024,16609
2025-07-30T20:37:12.459566,17616,81260,225132008,4173331,3547,39720372,39720372,42205997566640,427088,237937,987622735,475509,3547,69,627354,1700,859324,15788
2025-07-30T20:37:17.585569,19491,84695,225135995,3770147,3712,39725370,39725370,42210555146083,428588,238004,987638929,475667,3712,67,625392,1736,859819,17584
2025-07-30T20:37:22.754499,17323,83721,225139982,4335425,3103,39730381,39730381,42215119381055,430166,238070,987655131,475823,3103,65,620038,1518,860282,15856
2025-07-30T20:37:27.902223,18402,80684,225143966,3815542,3167,39735144,39735144,42219587440898,441992,238136,987671312,475978,3167,67,651105,1506,860735,16121
2025-07-30T20:37:33.047256,14979,86899,225147952,3987879,3314,39739185,39739185,42224116430031,439335,238203,987687499,476134,3314,70,651116,1520,861923,15550
2025-07-30T20:37:38.179501,17111,81360,225152931,4206687,3056,39744198,39744198,42228798470769,437750,238269,987707710,476317,3056,65,639315,1595,862491,15421
2025-07-30T20:37:43.374808,17439,82637,225156915,3743930,3241,39749173,39749173,42233216785258,470491,238294,987723889,476473,3241,66,630074,1879,863549,16330
2025-07-30T20:37:48.522446,16928,84393,225160903,3973742,3301,39754164,39754164,42237805778367,595097,238361,987740092,476628,3301,65,620832,1610,864040,15739
2025-07-30T20:37:53.647551,17732,84316,225164887,4022331,3009,39759166,39759166,42242368754606,432666,238427,987756274,476783,3009,65,632655,1514,864504,16098
2025-07-30T20:37:58.786182,18004,81617,225168873,4037939,3325,39764162,39764162,42246884235731,432226,238493,987772457,476940,3325,61,632336,1473,865695,15429
2025-07-30T20:38:03.923169,18147,82983,225172858,3983207,3385,39769155,39769155,42251486540714,433383,238560,987788636,477094,3385,61,640249,1636,866152,16867
2025-07-30T20:38:09.050719,18167,92417,225177836,4152614,3171,39774189,39774189,42256141419180,424357,238626,987808849,477277,3171,112,633344,1664,866698,16674
2025-07-30T20:38:14.196859,17629,85193,225181483,3878751,3266,39779156,39779156,42260589503788,436425,238651,987823661,477418,3266,67,627968,1864,867167,16103
2025-07-30T20:38:19.334903,17590,92373,225184819,3669544,3447,39783722,39783723,42264949615719,431598,238717,987837225,477567,3447,64,634307,1721,868329,18222
2025-07-30T20:38:24.460632,24123,78513,225188803,3812738,3531,39787956,39787956,42269171808153,423064,238783,987853406,477722,3531,67,1051398,1479,868785,17177
2025-07-30T20:38:29.620877,17891,78521,225192789,3891300,3396,39792917,39792917,42273665545057,438454,238848,987869589,477879,3396,64,632937,1685,869814,15134
2025-07-30T20:38:34.806308,17459,79856,225195813,3838293,3218,39797894,39797894,42278025971915,431929,238913,987881892,478012,3218,63,631833,1523,870158,16163
2025-07-30T20:38:39.943208,18730,75649,225200758,3936476,4474,39802911,39802911,42282796085287,432155,238979,987901963,478189,4474,65,633661,1897,870720,16156
2025-07-30T20:38:45.065874,20054,85156,225208730,4152886,3476,39812879,39812879,42291689044383,437584,239112,987934344,478499,3476,65,625410,1652,872337,16283
2025-07-30T20:38:50.280192,17803,82456,225212715,3790676,3272,39817879,39817879,42296159441773,432977,239137,987950522,478655,3272,68,625439,1711,872797,16235
2025-07-30T20:38:55.416111,17348,75108,225216702,3882384,4017,39822879,39822879,42300802068660,438622,239203,987966708,478811,4017,66,621790,1659,873252,16000
2025-07-30T20:39:00.535117,16985,81793,225220686,3881118,2895,39827892,39827892,42305294046220,427304,239269,987982885,478966,2895,62,651057,1504,873763,16074
2025-07-30T20:39:05.720406,18234,86704,225225667,3975380,3325,39832669,39832669,42310139396642,429954,239336,988003099,479149,3325,68,650488,1488,874323,15655
2025-07-30T20:39:10.863415,17805,78799,225229652,3801756,3380,39836783,39836783,42314494848829,434215,239402,988019293,479303,3380,68,631840,1836,874778,16078
2025-07-30T20:39:16.024887,17028,83656,225233638,4164338,3196,39841752,39841752,42319022560087,622308,239469,988035493,479458,3196,65,621276,1573,876146,16227
2025-07-30T20:39:21.158593,17214,81294,225237628,4201980,2943,39846715,39846715,42323572587326,439776,239494,988051696,479615,2943,64,628801,1586,876600,16660
2025-07-30T20:39:26.273464,20045,81955,225241613,4057137,3196,39851708,39851708,42328123353204,430560,239561,988067877,479770,3196,63,637533,1664,877050,17208
2025-07-30T20:39:31.448988,18474,79745,225245597,3953320,3002,39856680,39856680,42332600910838,431154,239627,988084060,479926,3002,66,639976,1523,877546,15570
2025-07-30T20:39:36.576773,17876,92196,225249583,3951611,3165,39861653,39861653,42337178159710,434081,239693,988100246,480082,3165,67,638046,1534,877999,15673
2025-07-30T20:39:41.741344,18811,80104,225254562,3840405,3079,39866641,39866641,42341780830625,427175,239759,988120455,480263,3079,64,642803,1482,878562,16246
2025-07-30T20:39:46.897828,19904,83113,225258546,3858843,4007,39871600,39871600,42346363901145,444318,239785,988136648,480418,4007,66,625853,1888,879799,16701
2025-07-30T20:39:52.049945,17738,90328,225262534,3965095,3220,39876631,39876631,42350997286203,432534,239851,988152835,480574,3220,67,626666,1551,880551,15904
2025-07-30T20:39:57.175601,17633,76512,225266518,3742979,3088,39881640,39881640,42355559717546,434242,239919,988169015,480729,3088,67,630469,1388,881005,15833
2025-07-30T20:40:02.334138,17551,89536,225270504,3980484,3278,39885934,39885934,42359934269518,431514,239986,988185196,480886,3278,68,632074,1582,881514,15262
2025-07-30T20:40:07.519070,18271,79993,225274893,4103785,3003,39890484,39890484,42364530841783,429079,240052,988203013,481047,3003,62,625386,1623,882757,15599
2025-07-30T20:40:12.648349,17211,92672,225279467,3707646,3049,39895481,39895481,42369325039127,437701,240118,988221597,481224,3049,65,619811,1664,883322,15371
2025-07-30T20:40:17.767407,17751,87816,225283453,3809271,2687,39900473,39900473,42373789385096,436507,240143,988237802,481380,2687,64,635101,1703,883780,16013
2025-07-30T20:40:22.902220,18194,81628,225287439,3878597,2889,39905439,39905439,42378460818572,434093,240210,988253995,481535,2889,71,627603,1722,884994,15823
2025-07-30T20:40:28.072232,17769,81852,225291423,3871881,3085,39910420,39910420,42382995812798,438178,240276,988270179,481690,3085,66,624931,1545,885446,15895
2025-07-30T20:40:33.200403,18869,83750,225295412,3818042,3636,39915395,39915395,42387437225465,433851,240343,988286375,481847,3636,66,627093,1577,885953,15404
2025-07-30T20:40:38.334103,17743,111738,225299397,3873326,3277,39920377,39920377,42392007370515,428143,240409,988302557,482002,3277,64,632604,1555,886435,15953
2025-07-30T20:40:43.464841,27284,80833,225303382,3975778,3076,39925346,39925346,42396481853524,429524,240434,988318738,482158,3076,61,996272,1465,886891,16302
2025-07-30T20:40:48.617987,18407,86416,225308363,3874812,2961,39930355,39930355,42401123306120,426818,240501,988338961,482341,2961,64,635445,1580,887490,15922
2025-07-30T20:40:53.780049,17579,79923,225312348,3960824,3628,39934589,39934589,42405617133106,435687,240567,988355142,482496,3628,63,634450,1640,888753,15629
2025-07-30T20:40:58.909384,18060,91671,225316334,3777470,3233,39939185,39939185,42410112396113,580581,240633,988371326,482653,3233,66,632757,1558,889533,16799
2025-07-30T20:41:04.148684,17406,80268,225320319,3797276,2994,39944146,39944146,42414551670747,433151,240699,988387512,482808,2994,69,634345,1552,890017,15565
2025-07-30T20:41:09.316626,17699,83077,225324303,4221764,3198,39949172,39949172,42419387978845,431495,240766,988403694,482964,3198,65,634094,1681,890508,15905
2025-07-30T20:41:14.487079,18966,82158,225328290,4119550,3874,39954139,39954141,42424026274278,432415,240791,988419875,483119,3874,66,643239,1724,891730,15616
2025-07-30T20:41:19.633721,17806,90716,225333269,3817714,3035,39959155,39959155,42428728781352,432378,240858,988440093,483301,3035,64,640351,1564,892302,15834
2025-07-30T20:41:24.774171,18177,88769,225337254,3936728,3246,39964127,39964127,42433252647944,438039,240924,988456281,483456,3246,67,642720,1523,892817,15895
2025-07-30T20:41:29.898630,17046,80604,225341241,3864573,3613,39969106,39969106,42437784070695,461704,240990,988472469,483612,3613,62,622361,1835,894079,15281
2025-07-30T20:41:35.060079,19635,81948,225349211,3801519,3265,39979057,39979057,42446880962993,433005,241123,988504842,483924,3265,65,625936,1581,895037,15917
2025-07-30T20:41:40.270768,18836,84062,225353199,3957477,3315,39983699,39983699,42451201434188,434803,241149,988521041,484079,3315,67,623900,1575,895516,16372
2025-07-30T20:41:45.444571,17733,81394,225358175,3994304,3132,39987853,39987853,42455774776563,432215,241215,988541256,484261,3132,67,638895,1490,895991,16564
2025-07-30T20:41:50.641071,17912,113341,225362165,3979907,3185,39992838,39992838,42460394468509,429395,241281,988557451,484418,3185,65,632882,1515,896560,15677
2025-07-30T20:41:55.826878,17840,90402,225366150,3770321,3565,39997819,39997819,42465144132417,428888,241347,988573632,484572,3565,63,629693,1663,897990,17601
2025-07-30T20:42:00.969586,16900,85375,225370134,3935194,3262,40002771,40002771,42469640060218,432263,241413,988589810,484728,3262,65,621335,1633,898485,16103
2025-07-30T20:42:06.085430,17961,80689,225374120,3948315,3064,40007777,40007777,42474163217745,423343,241480,988605994,484884,3064,65,622631,1640,898975,15902
2025-07-30T20:42:11.215548,18011,78051,225378105,4087726,3196,40012732,40012732,42478573741869,436345,241505,988622179,485039,3196,63,628089,1672,900110,15516
2025-07-30T20:42:16.374784,19948,83054,225382089,3715734,3480,40017711,40017711,42483068385871,504597,241572,988638355,485194,3480,67,643779,1730,900584,15327
2025-07-30T20:42:21.540781,16661,117132,225385447,3883319,4299,40022692,40022692,42487475331584,434820,241637,988652001,485335,4321,60,622640,2042,901030,15715
2025-07-30T20:42:26.708873,18623,78096,225389068,7169353,2913,40027634,40027634,42491773208165,433528,241702,988666735,485477,2913,70,635927,1666,901379,15615
2025-07-30T20:42:31.853757,18038,94557,225393054,3936386,3094,40032483,40032483,42496237647740,438624,241767,988682922,485634,3094,64,632510,1695,902639,15603
2025-07-30T20:42:37.003925,18841,81157,225397039,3946592,3608,40036578,40036578,42500600783640,449750,241833,988699104,485788,3608,68,627721,1518,903092,16209
2025-07-30T20:42:42.110271,17996,79160,225401023,3851379,3302,40041367,40041367,42505028068421,435498,241899,988715290,485944,3302,64,627171,1587,903544,15547
2025-07-30T20:42:47.260307,19772,83834,225405009,3893021,3147,40046337,40046337,42509514533209,432632,241965,988731486,486100,3147,62,637074,1712,903994,15488
2025-07-30T20:42:52.479781,18308,94360,225409592,4327876,3295,40051335,40051335,42514156200713,429808,242031,988750111,486273,3295,67,629793,1617,904549,16109
2025-07-30T20:42:57.635494,20932,84072,225413978,3848830,2392,40056335,40056335,42519170711196,438482,242056,988767903,486437,2392,67,637962,2061,905087,23897
2025-07-30T20:43:02.786405,17019,84836,225417965,3788412,3213,40061306,40061306,42523850082452,437514,242123,988784088,486594,3213,63,628427,1632,906622,16059
2025-07-30T20:43:07.936137,22210,78809,225421950,3988875,3282,40066305,40066305,42528444140622,432039,242189,988800270,486748,3282,63,627406,1588,907114,16408
2025-07-30T20:43:13.091582,17882,77513,225425934,4153519,3185,40071259,40071259,42532872755136,433889,242255,988816448,486904,3185,66,639454,1432,907594,15943
2025-07-30T20:43:18.206865,17790,92286,225429923,3717213,3024,40076246,40076246,42537465123415,429519,242322,988832647,487065,3024,65,654157,1349,908082,16809
2025-07-30T20:43:23.351814,26333,85016,225433908,4293572,3575,40080913,40080913,42541883258187,437364,242347,988848828,487220,3575,66,1388164,1627,908534,16113
2025-07-30T20:43:28.524538,17634,78052,225437894,3918129,3288,40085039,40085039,42546402837552,429075,242413,988865027,487377,3288,62,634532,1486,909013,15688
2025-07-30T20:43:33.688497,17953,81508,225442873,3838175,3321,40090001,40090001,42551139866783,442174,242480,988885236,487560,3321,66,651391,1545,910597,15350
2025-07-30T20:43:38.821559,17766,80954,225446857,4053471,3401,40094956,40094956,42555781201547,468746,242546,988901414,487716,3401,60,627968,1620,911088,15782
2025-07-30T20:43:43.953389,16938,85696,225450845,3796368,3070,40099916,40099916,42560226403379,443447,242612,988917606,487872,3070,63,622360,1713,911568,15677
2025-07-30T20:43:49.105825,17861,79983,225454830,3784524,3041,40104887,40104887,42564742551647,438725,242679,988933803,488027,3041,69,642437,1745,912088,15773
2025-07-30T20:43:54.243707,17850,78254,225458818,3997613,2956,40109914,40109914,42569396157978,429420,242704,988949988,488183,2956,66,640266,1462,912567,15232
2025-07-30T20:43:59.378223,18291,81832,225462807,3847708,3327,40114892,40114892,42573946045945,429671,242770,988966184,488341,3327,62,631243,1577,913057,15574
2025-07-30T20:44:04.539068,20842,88196,225467786,3841211,3961,40119929,40119929,42578701075532,435214,242837,988986403,488523,3961,61,631437,1675,914528,15580
2025-07-30T20:44:09.674421,17655,83832,225471770,3918911,3187,40124930,40124930,42583235731509,430510,242903,989002593,488679,3187,66,635327,1712,915096,15742
2025-07-30T20:44:14.815528,17580,75368,225473769,3801595,3226,40129726,40129726,42587431728665,436011,242929,989010728,488781,3226,61,632355,1639,915354,15623
2025-07-30T20:44:19.948271,17792,89721,225473776,3906867,3047,40133598,40133598,42591082851350,427486,242955,989010789,488827,3047,72,627717,1523,915376,15558
2025-07-30T20:44:25.104338,17807,79505,225473796,3849650,3374,40143360,40143360,42598597739174,434679,243006,989010914,488922,3374,64,633483,1657,915470,15901
2025-07-30T20:44:30.390480,20327,87040,225473804,3983729,3577,40148245,40148247,42602322997569,438353,243032,989010980,488970,3577,70,628148,1676,915497,15862
2025-07-30T20:44:35.583887,19428,80485,225473814,3904228,3222,40153124,40153124,42606458674096,430637,243057,989011041,489018,3222,70,629093,1540,916042,15077
2025-07-30T20:44:40.724151,18096,80057,225473823,4082130,3216,40158005,40158005,42610404787752,428215,243083,989011107,489064,3216,62,619947,1442,916086,15246
2025-07-30T20:44:45.858429,17323,81073,225473833,3517143,4046,40163026,40163026,42614292844511,431320,243109,989011209,489114,4046,64,623731,1533,916182,16035
2025-07-30T20:44:51.004878,18064,82488,225473845,3900309,2992,40167929,40167929,42618118936467,444627,243134,989011278,489162,2992,67,626948,1496,916279,15957
2025-07-30T20:44:56.134075,17377,81832,225473853,3810528,3205,40172835,40172835,42621891517762,437945,243159,989011338,489209,3205,62,627030,1465,916317,16008
2025-07-30T20:45:01.250542,17698,81548,225473863,3818632,3517,40177717,40177717,42625745758391,421419,243186,989011407,489259,3517,66,630983,1466,916371,15571
2025-07-30T20:45:06.379670,18531,80359,225473875,3831079,3064,40182218,40182218,42629412909332,497227,243211,989011490,489306,3064,69,629961,1476,916394,15577
2025-07-30T20:45:11.636652,17564,77151,225473883,3856052,3078,40186347,40186347,42633104671082,432415,243237,989011551,489353,3078,65,631346,1572,916446,15998
2025-07-30T20:45:16.800206,19719,85490,225473893,3893794,3524,40191228,40191228,42637141618097,437288,243263,989011618,489402,3524,67,637522,1619,916465,15101
2025-07-30T20:45:21.927031,18607,77523,225473903,3751763,3142,40196110,40196110,42640976513423,426606,243289,989011685,489449,3142,65,640398,1652,916639,15764
2025-07-30T20:45:27.052061,17532,79940,225473912,3909488,3076,40200967,40200967,42644911848143,434510,243314,989011745,489497,3076,62,632693,1445,916724,15475
2025-07-30T20:45:32.179075,16992,80141,225473922,3918023,3521,40205879,40205879,42648763132596,428347,243340,989011808,489545,3521,63,628350,1635,916777,16313
2025-07-30T20:45:37.300850,18641,84284,225473931,3826389,3220,40210769,40210769,42652493164882,429139,243366,989011875,489592,3220,63,639384,1662,916799,16084
2025-07-30T20:45:42.515365,21461,82805,225473939,3798097,3653,40215655,40215655,42656304865128,436714,243392,989011946,489640,3653,68,640504,1674,916835,15726
2025-07-30T20:45:47.664461,17438,82220,225473950,3733234,3327,40220549,40220549,42660195337043,432659,243418,989012034,489688,3327,71,625104,1442,916853,15289
2025-07-30T20:45:52.820053,18607,82281,225473959,4474056,3243,40225440,40225440,42664001054761,430931,243443,989012093,489734,3243,65,633696,1503,916885,15866
2025-07-30T20:45:57.960112,24423,79529,225473969,3981592,3170,40230351,40230351,42667872658955,425445,243469,989012154,489782,3170,60,643469,1634,916989,15269
2025-07-30T20:46:03.075688,18379,82008,225473978,3835968,3687,40234617,40234618,42671710163920,429519,243495,989012219,489829,3687,67,630010,1608,917030,15906
2025-07-30T20:46:08.206779,17736,83728,225473987,3872406,3468,40238998,40238998,42675316395765,443948,243520,989012283,489877,3468,64,629609,1606,917055,16262
2025-07-30T20:46:13.327337,18231,81685,225473997,3937981,3088,40243871,40243871,42679141391670,429388,243545,989012346,489926,3088,67,644407,1698,917101,15708
2025-07-30T20:46:18.472694,17627,81648,225474010,3857555,3237,40248756,40248756,42683122888075,433376,243571,989012420,489976,3237,69,633608,1593,917119,15121
2025-07-30T20:46:23.628203,16804,84303,225474019,3846860,3030,40253638,40253638,42686854289806,437701,243596,989012483,490023,3030,67,630033,1506,917153,15734
2025-07-30T20:46:28.750522,17842,81045,225474029,3801552,3646,40258540,40258540,42690715249523,434255,243623,989012545,490071,3646,64,625194,1641,917175,15655
2025-07-30T20:46:33.885800,18118,83269,225474038,3863813,3133,40263434,40263434,42694569205552,439201,243649,989012626,490118,3133,71,640703,1631,917298,15533
2025-07-30T20:46:39.021399,17112,79768,225474046,3725499,3294,40268316,40268316,42698348803433,431455,243674,989012698,490165,3294,69,633229,1493,917430,15877
2025-07-30T20:46:44.143658,17766,79985,225474057,3773581,3301,40273213,40273213,42702211949480,436284,243700,989012776,490213,3301,65,630582,1619,917475,15732
2025-07-30T20:46:49.280374,18527,85056,225474065,3860781,3118,40278108,40278108,42706024266289,429270,243726,989012846,490259,3118,68,625163,2014,917501,15723
2025-07-30T20:46:54.456444,17790,81417,225474076,3693086,3226,40283017,40283017,42709867893969,430143,243752,989012910,490308,3226,67,637292,1508,917537,15918
2025-07-30T20:46:59.619404,20586,83238,225474085,3983376,3846,40287151,40287151,42713578642681,434464,243778,989012974,490354,3846,64,633025,1668,917563,16484
2025-07-30T20:47:04.749008,16923,84405,225474093,3710755,3052,40291666,40291666,42717313476064,433590,243803,989013035,490402,3052,63,627939,1493,917605,15400
2025-07-30T20:47:09.883068,18724,80204,225474103,3820867,3025,40296599,40296599,42721111526280,432871,243829,989013096,490449,3025,67,631435,1452,917728,15388
2025-07-30T20:47:15.011649,18310,83731,225474120,3883461,3246,40306375,40306375,42728703813455,431656,243880,989013229,490544,3246,78,627650,1668,917886,16033
2025-07-30T20:47:20.136913,17267,77394,225474134,3964522,3255,40311310,40311310,42732563104163,451263,243907,989013315,490593,3255,64,638238,1557,917910,15653
2025-07-30T20:47:25.270823,19392,79472,225474143,3806261,3827,40316193,40316193,42736495315898,437277,243932,989013380,490640,3827,68,627018,1548,917947,15746
2025-07-30T20:47:30.430750,17708,81446,225474152,3762229,3185,40321062,40321062,42740239877513,432329,243957,989013442,490688,3185,65,628265,1439,917970,16145
2025-07-30T20:47:35.595303,17299,82417,225474163,3785002,2928,40325962,40325962,42744105712634,436400,243983,989013512,490736,2928,64,634669,1607,918002,16075
2025-07-30T20:47:40.749177,17810,77717,225474171,3874331,3260,40330855,40330855,42747962321138,429856,244009,989013574,490783,3260,60,636028,1531,918106,15915
2025-07-30T20:47:45.968889,20212,83189,225474181,3740119,3902,40335421,40335421,42751766987265,430983,244035,989013648,490832,3902,66,626343,1632,918148,16130
2025-07-30T20:47:51.126361,17925,86580,225474191,3933956,3383,40339637,40339638,42755567756224,448254,244061,989013714,490879,3383,69,631123,1587,918174,16280
2025-07-30T20:47:56.255039,17564,80997,225474199,3859080,3350,40344419,40344419,42759432547224,437322,244087,989013772,490927,3350,66,623967,1663,918216,15184
2025-07-30T20:48:01.389967,17118,77236,225474209,3969341,3286,40349303,40349303,42763297247223,437807,244112,989013838,490974,3286,63,633238,1630,918246,16138
2025-07-30T20:48:06.509278,20492,80240,225474218,3837798,3187,40354237,40354237,42767105890278,429949,244138,989013903,491020,3187,68,627966,1660,918300,15951
2025-07-30T20:48:11.678255,19967,85818,225474226,3723351,3810,40359122,40359122,42770953942815,433040,244163,989013964,491068,3810,68,647085,1646,918406,16627
2025-07-30T20:48:16.829984,17658,89296,225474237,3834387,3106,40364027,40364027,42774866914283,426455,244189,989014047,491121,3106,61,636922,1564,918448,16184
2025-07-30T20:48:21.981608,18075,84620,225474246,4399251,3210,40368910,40368910,42778723916008,438464,244215,989014131,491168,3210,67,623191,1544,918476,15329
2025-07-30T20:48:27.107936,18331,83392,225474256,4086762,3011,40373803,40373803,42782470935806,430363,244240,989014200,491218,3011,58,646058,1549,918502,15423
2025-07-30T20:48:32.254363,18672,75837,225474268,3735043,3096,40378698,40378698,42786304283920,441336,244266,989014273,491266,3096,68,638978,1514,918522,15840
2025-07-30T20:48:37.383745,20340,79455,225474276,3771397,3739,40383588,40383589,42790212213184,440180,244292,989014333,491313,3739,62,641755,1654,918547,15526
2025-07-30T20:48:42.514599,16335,80220,225474286,3777339,3188,40387961,40387961,42793791874233,437258,244317,989014401,491362,3188,61,635819,1504,918567,15689
2025-07-30T20:48:47.642451,18323,77612,225474295,3879879,3092,40392210,40392210,42797498936323,431570,244343,989014477,491409,3092,63,633685,1590,918686,15938
2025-07-30T20:48:52.795328,17418,81496,225474304,3895391,3161,40397131,40397131,42801330085814,433890,244370,989014538,491456,3161,64,629666,1454,918739,15487
2025-07-30T20:48:57.998352,17953,79008,225474316,3689269,3054,40402046,40402046,42805623709396,425202,244395,989014603,491504,3054,66,638675,1528,918769,16053
2025-07-30T20:49:03.137835,19551,80332,225474325,3890226,3664,40406988,40406988,42809530831270,436637,244421,989014679,491551,3664,65,624758,1745,918789,15710
2025-07-30T20:49:11.992044,20140,90919,225528575,3829761,3054,40416789,40416789,42819349939886,435894,244472,989165566,491639,3054,64,623499,1527,918834,16898
2025-07-30T20:49:39.990519,20163,89244,226260329,4101732,3988,40445003,40445003,42871902082885,696172,244625,991197975,491893,3988,69,628795,1648,919090,15689
2025-07-30T20:49:57.312088,22312,91856,226626067,4148974,3634,40458600,40458600,42897901884598,440331,244702,992214104,492017,3634,61,941901,1651,919238,20137
2025-07-30T20:50:13.178547,20294,107709,226992102,4017906,3720,40473307,40473307,42924264530348,431902,244778,993230314,492138,3720,65,630022,1738,919479,15890
2025-07-30T20:51:25.781599,20567,94406,228818233,4093096,3766,40544567,40544567,43054641693136,436794,245156,998303371,492796,3766,68,631848,1618,920116,15569
2025-07-30T20:51:33.182806,21327,93245,228939670,4176389,4094,40549481,40549481,43063232380867,432670,245181,998640272,492834,4094,74,637350,1747,920161,15479
2025-07-30T20:52:52.934508,21629,90464,230950705,4054696,3773,40625606,40625606,43202009913278,433148,245589,1004019069,493539,3773,66,969997,1566,920998,19645
2025-07-30T20:53:01.291587,19989,89092,231216861,5697619,4039,40635442,40635442,43219570118248,637937,245641,1004679865,493625,4039,65,626953,1669,921044,20816
2025-07-30T20:53:42.402366,22317,93440,232191271,5792606,3889,40673590,40673590,43289065293643,695788,245844,1007387389,493980,3889,69,920504,1654,921337,15561
2025-07-30T20:53:50.026596,21426,94836,232434827,3988828,3637,40683473,40683473,43306515749888,430814,245895,1008064096,494056,3637,63,997227,1568,921613,15680
2025-07-30T20:53:57.231744,22020,89804,232556421,4080452,3845,40688368,40688368,43315374138315,426380,245920,1008401554,494106,3845,66,644829,1680,921642,16081
2025-07-30T20:54:05.673413,21035,101977,232799604,4416885,3812,40697220,40697220,43332773124496,703505,245969,1009077113,494206,3812,63,967464,1730,921715,15641
2025-07-30T20:55:22.015533,20363,98779,234622059,4196480,3677,40768939,40768939,43463470036714,431615,246349,1014142308,494856,3677,131,633269,1577,922456,19558
2025-07-30T20:55:30.918933,20431,94769,234864250,6452381,3793,40778786,40778786,43480947344644,424663,246400,1014814851,494940,3793,69,625843,1723,922575,19385
2025-07-30T20:55:41.553532,21023,87917,235126907,4046723,3680,40788638,40788638,43498300905697,435596,246452,1015483838,495036,3680,66,627109,1625,922707,20155
2025-07-30T20:56:23.348989,20491,93375,236155334,4140837,3790,40826967,40826967,43567873579848,433304,246657,1018166576,495384,3790,63,628970,1630,923002,16216
2025-07-30T20:57:13.079676,20602,92732,237374622,4148722,4095,40874051,40874051,43655191279454,428744,246913,1021551446,495832,4095,61,628059,1590,923337,16032
2025-07-30T20:59:27.785186,17583,78612,240241624,3748244,3374,41002838,41002838,43874054910648,438608,247600,1029516326,497078,3374,65,625788,1595,924725,15804
2025-07-30T20:59:32.982602,17089,95427,240241636,3791055,3046,41007764,41007764,43877823984378,436848,247626,1029516396,497133,3046,69,627276,1470,924811,15646
2025-07-30T20:59:38.096917,18487,80917,240241649,3707920,3015,41012706,41012706,43881729507924,433462,247652,1029516468,497187,3015,61,640465,1594,924853,15931
2025-07-30T20:59:43.305925,16591,75538,240241659,3796030,3178,41017620,41017620,43885569768642,428401,247677,1029516531,497236,3178,67,623190,1433,924955,15205
2025-07-30T20:59:48.441967,18225,82160,240241668,3802309,3703,41022331,41022332,43889382438239,428522,247702,1029516613,497284,3703,61,644841,1734,925001,16186
2025-07-30T20:59:53.604676,19531,86036,240241680,3774969,4186,41026361,41026361,43893007754523,430425,247728,1029516681,497335,4186,70,629491,1804,925018,15782
2025-07-30T20:59:58.771693,18010,78236,240241694,3676908,3195,41031250,41031250,43896955743992,453379,247754,1029516761,497385,3195,63,627004,1471,925046,15150
2025-07-30T21:00:03.923119,18911,78741,240241703,4067934,3250,41036163,41036163,43900785106454,444932,247779,1029516825,497431,3250,67,641609,1528,925156,15942
2025-07-30T21:00:09.054993,18274,88758,240241714,4010480,3982,41041245,41041245,43907884729363,437237,247805,1029516887,497481,3982,70,630240,1597,926439,15917
2025-07-30T21:00:14.202031,20929,74743,240241726,3833972,3759,41046215,41046215,43912237528628,431842,247831,1029516958,497529,3759,62,652436,1647,926595,16015
2025-07-30T21:00:19.367611,17621,103484,240241734,3745770,3393,41051147,41051147,43916146735881,430141,247857,1029517026,497578,3393,66,646104,1551,926801,15388
2025-07-30T21:00:24.527801,17215,86296,240241745,3756624,3156,41056073,41056073,43920025632068,426826,247883,1029517094,497626,3156,64,623024,1433,926826,15691
2025-07-30T21:00:29.703029,17903,82516,240241753,3681819,3302,41060985,41060985,43923804915168,434361,247908,1029517154,497674,3302,64,628434,1467,926844,16019
2025-07-30T21:00:34.839529,16678,80311,240241764,3868787,3060,41065902,41065902,43927572941111,433073,247933,1029517218,497724,3060,66,630191,1567,926891,15268
2025-07-30T21:00:39.986943,20342,82417,240241781,3749849,3798,41074581,41074581,43935069807396,431375,247985,1029517339,497820,3798,65,632287,1726,927043,15504
2025-07-30T21:00:45.142901,17853,81326,240241791,3703879,3087,41079519,41079519,43938840204203,431840,248011,1029517414,497868,3087,64,632804,1644,927069,16015
2025-07-30T21:00:50.268336,17608,80168,240241800,3856211,3306,41084451,41084451,43942660286774,433255,248037,1029517484,497914,3306,65,627121,1471,927089,15805
2025-07-30T21:00:55.388538,17568,82164,240241810,3834574,3190,41089422,41089422,43946950124976,439960,248062,1029517546,497963,3190,64,625736,1948,927113,15565
2025-07-30T21:01:00.532421,17393,80620,240241824,3891130,3097,41094348,41094348,43950694966905,428897,248088,1029517627,498012,3097,71,623681,1625,927139,15474
2025-07-30T21:01:05.702614,17970,82676,240241833,3748695,3043,41099276,41099276,43954618773542,435241,248114,1029517692,498059,3043,66,622382,1519,927160,15565
2025-07-30T21:01:10.875100,17387,81335,240241841,3773513,3454,41104238,41104238,43958463515935,433497,248139,1029517749,498107,3454,65,629009,1713,927322,15896
2025-07-30T21:01:16.013999,18016,81901,240241854,3949477,4735,41109189,41109189,43962372461509,432273,248166,1029517833,498155,4735,62,627321,1679,927341,16054
2025-07-30T21:01:21.134851,17271,82071,240241862,4032766,4226,41114099,41114099,43966127765907,439547,248191,1029517901,498202,4226,71,633151,1677,927363,15719
2025-07-30T21:01:26.288513,17064,79017,240241872,3852578,3090,41118921,41118921,43970059954599,435957,248217,1029517974,498250,3090,64,625956,1520,927386,15521
2025-07-30T21:01:31.437921,20001,79724,240241882,3993799,3682,41122994,41122994,43973716901020,433923,248243,1029518038,498297,3682,72,627049,1578,927412,15268
2025-07-30T21:01:36.587502,17576,81461,240241890,3851629,3137,41127697,41127697,43977514742798,430248,248268,1029518099,498345,3137,68,627128,1583,927430,15509
2025-07-30T21:01:41.725174,23221,79751,240241900,3872757,3215,41132629,41132629,43981340176866,423991,248295,1029518160,498394,3215,71,626942,1462,927450,15673
2025-07-30T21:01:46.867557,17097,76320,240241909,3987061,3034,41137537,41137537,43985207317327,433397,248321,1029518238,498441,3034,67,618800,1607,927598,16053
2025-07-30T21:01:52.001319,17379,80837,240241917,3875579,3024,41142465,41142465,43988975414067,435813,248346,1029518294,498489,3024,63,618074,1722,927618,15771
2025-07-30T21:01:57.117745,17452,82303,240241929,3951236,3420,41147409,41147409,43992831469033,440018,248372,1029518367,498538,3420,65,628711,1541,927637,15908
2025-07-30T21:02:02.242606,18410,86528,240241939,3967756,3518,41152322,41152322,43996666729364,428983,248398,1029518432,498584,3518,64,636547,1470,927757,15949
2025-07-30T21:02:07.363366,16980,80160,240241949,3905013,3233,41157251,41157251,44000481922995,433056,248424,1029518504,498634,3233,66,628261,1696,927856,15938
2025-07-30T21:02:12.493129,17760,80146,240241960,3850799,3651,41162212,41162212,44004414619169,433578,248450,1029518583,498682,3651,64,632241,1611,927940,15528
2025-07-30T21:02:17.642924,17759,78682,240241969,4075607,3238,41167128,41167128,44008205119693,438117,248476,1029518656,498729,3238,67,631158,1481,927958,15469
2025-07-30T21:02:22.780484,18208,82158,240241977,3857177,3184,41171329,41171329,44011891529005,438970,248501,1029518722,498777,3184,65,621811,1509,928038,15567
2025-07-30T21:02:27.944661,19110,78742,240241988,3725823,3536,41175837,41175837,44015691081353,427610,248527,1029518793,498826,3536,63,626896,1771,928127,15818
2025-07-30T21:02:33.088172,17010,80442,240241997,4051347,3174,41180746,41180746,44019503186488,432617,248552,1029518857,498872,3174,60,626230,1431,928233,15313
2025-07-30T21:02:38.219035,18225,93022,240242007,3834984,3422,41185678,41185678,44023321870622,432490,248578,1029518919,498921,3422,64,629054,1561,928255,16335
2025-07-30T21:02:43.336997,18435,78236,240242016,4002871,3021,41190600,41190600,44027219198464,434250,248604,1029518984,498968,3021,63,649396,1497,928360,16235
2025-07-30T21:02:48.497198,17926,80169,240242024,3813083,3111,41195538,41195538,44031105910055,429942,248630,1029519054,499016,3111,69,629425,1601,928384,15739
2025-07-30T21:02:53.629006,19116,83893,240242035,4106713,3659,41200484,41200484,44034977131098,430186,248656,1029519119,499064,3659,67,628666,1686,928464,15745
2025-07-30T21:02:58.758067,17852,83650,240242043,3827722,3184,41205434,41205434,44038723911331,436769,248682,1029519182,499111,3184,66,640651,1613,928484,15352
2025-07-30T21:03:03.867852,17674,79337,240242054,3902024,3097,41210348,41210348,44042851671464,430734,248707,1029519259,499160,3097,66,638722,1626,928576,15766
2025-07-30T21:03:09.055598,17793,78457,240242063,3873599,3535,41215278,41215278,44046768915146,433561,248733,1029519323,499207,3535,67,642976,1509,928597,15298
2025-07-30T21:03:14.199108,17309,77485,240242071,3890335,3170,41219555,41219555,44050514050333,439365,248759,1029519385,499254,3170,68,629262,1550,928617,15525
2025-07-30T21:03:19.308537,17981,81962,240242081,3817078,3553,41223998,41223998,44054297534107,428505,248784,1029519454,499303,3553,70,622957,1582,928641,15492
2025-07-30T21:03:24.457413,19649,83498,240242093,3801797,3699,41228924,41228924,44058037748098,429023,248810,1029519530,499350,3699,63,630319,1619,928660,16264
2025-07-30T21:03:29.605668,18155,83417,240242101,3773724,3127,41233854,41233854,44061943396457,425895,248837,1029519595,499397,3127,67,627389,1577,928678,15455
2025-07-30T21:03:34.750230,18314,77205,240242112,3781839,3162,41238783,41238783,44065782976549,430387,248862,1029519660,499446,3162,69,627607,1477,928805,15756
2025-07-30T21:03:39.883380,18123,80081,240242121,4140938,4098,41243706,41243706,44069675350306,432479,248888,1029519724,499493,4098,65,634529,1769,928825,15652
2025-07-30T21:03:45.015279,18126,78407,240242140,3836420,3127,41253574,41253574,44077189128913,433851,248940,1029519871,499589,3127,65,643184,1697,928880,16261
2025-07-30T21:03:50.138598,19630,99600,240242148,3757888,3678,41258510,41258510,44080981988604,437073,248965,1029519929,499637,3678,64,653602,1612,928900,16935
2025-07-30T21:03:55.260654,20078,85629,240242158,3862653,3112,41263453,41263453,44084716634287,423682,248991,1029519993,499686,3112,68,637603,1567,928918,15347
2025-07-30T21:04:00.453399,17884,86437,240242168,3868791,3237,41267825,41267825,44088463059314,428746,249017,1029520074,499738,3237,62,631494,1664,928942,15817
2025-07-30T21:04:05.604963,17420,74404,240242176,3745867,3159,41272193,41272193,44092322461045,441979,249043,1029520133,499785,3159,66,630970,1620,929058,15991
2025-07-30T21:04:10.762305,19942,84372,240243207,4032546,3557,41277147,41277147,44096149355485,440414,249068,1029524347,499833,3557,64,630484,1678,929130,15736
2025-07-30T21:04:15.923033,16927,89481,240245240,3989833,3344,41282047,41282047,44100061024644,431343,249093,1029532622,499880,3344,125,626853,1544,929148,15451
2025-07-30T21:04:21.038599,18589,77980,240247267,3964824,3167,41286967,41286967,44103833243192,432638,249119,1029540867,499928,3167,62,636276,1596,929258,15955
2025-07-30T21:04:26.167703,17405,81582,240249303,4062072,4418,41291879,41291879,44107669308311,434983,249144,1029549145,499978,4474,67,635174,1936,929364,15735
2025-07-30T21:04:31.319341,21735,85694,240250339,4140121,3149,41296798,41296798,44111458309955,437660,249170,1029553420,500026,3149,67,714084,1605,929450,15849
2025-07-30T21:04:36.488793,17513,82591,240252371,3802476,3961,41301714,41301714,44115406883705,423491,249196,1029561691,500074,3961,73,628357,1965,929481,15704
2025-07-30T21:04:41.638763,20112,82717,240254410,3901888,3168,41306609,41306609,44119232860225,439576,249221,1029570004,500122,3168,63,704764,1556,929569,18150
2025-07-30T21:04:46.769476,18118,80981,240256442,6288176,4277,41311647,41311647,44123203517541,427104,249247,1029578321,500171,4277,71,638476,1768,929601,15760
2025-07-30T21:04:51.881728,18117,80081,240258487,3931826,3128,41315941,41315941,44126948518505,433837,249273,1029586657,500220,3128,64,630413,1518,929622,15601
2025-07-30T21:04:56.985815,18275,86074,240260525,3717279,3149,41320329,41320329,44130666846089,426675,249298,1029594962,500266,3149,67,635515,1502,929642,15998
2025-07-30T21:05:02.110060,18972,82818,240261566,3931073,4009,41325237,41325237,44134448530720,443420,249324,1029599265,500314,4009,65,629126,1547,929662,15622
2025-07-30T21:05:07.301228,18094,81103,240263600,3820664,3255,41330137,41330137,44138328331268,429022,249350,1029607543,500362,3255,71,634813,1447,929691,15209
2025-07-30T21:05:12.456169,19884,79912,240265637,3810275,2978,41335091,41335091,44142336393464,433447,249375,1029615846,500409,2978,64,637433,1711,929825,15631
2025-07-30T21:05:17.589762,16683,80622,240267669,4037529,5472,41339988,41339988,44146287443330,439491,249400,1029624127,500457,5472,67,623022,1615,929915,15811
2025-07-30T21:05:22.701018,21896,83468,240269716,3721602,3950,41344895,41344895,44150114125939,437106,249426,1029632479,500505,3950,64,623687,1736,929997,15162
2025-07-30T21:05:27.832426,19267,89717,240271749,3787659,3970,41349813,41349813,44154028463349,428749,249452,1029640752,500552,3970,62,644653,1593,930015,16019
2025-07-30T21:05:32.977157,17755,92224,240273784,4294421,3210,41354731,41354731,44158078144900,436577,249478,1029649042,500602,3210,62,637469,1585,930120,15828
2025-07-30T21:05:38.130370,17647,95664,240275818,3992615,3314,41359639,41359639,44162063323509,427765,249503,1029657315,500649,3314,68,634810,1558,930232,15479
2025-07-30T21:05:43.261495,17568,83717,240276854,3856184,3351,41363780,41363780,44165781566874,438163,249529,1029661592,500695,3351,65,628446,1446,930338,15849
2025-07-30T21:05:48.398742,18074,80156,240276877,3739542,3103,41368317,41368317,44169546343578,432253,249555,1029661771,500743,3103,63,633170,1551,930427,15434
2025-07-30T21:05:53.527877,19547,84204,240277917,3791269,3670,41373247,41373247,44173502195962,433959,249581,1029666067,500791,3670,65,628244,1707,930447,15717
2025-07-30T21:05:58.656344,17773,83890,240279953,3913179,3082,41378178,41378178,44177306099725,433679,249606,1029674351,500838,3082,65,630739,1643,930537,15408
2025-07-30T21:06:03.776740,17614,88676,240281986,3852871,3240,41383098,41383098,44181201047334,430744,249632,1029682620,500887,3240,64,631343,1582,930623,16078
2025-07-30T21:06:09.033741,16850,80114,240283614,5462957,3268,41388020,41388020,44185052796417,430355,249658,1029689278,500934,3268,63,627112,1544,930652,15142
2025-07-30T21:06:14.210093,17391,77172,240285056,3856223,5295,41392988,41392988,44189119780664,429959,249684,1029695188,500982,5295,62,627559,1789,930672,15648
2025-07-30T21:06:19.363954,20085,83640,240285090,3704245,3251,41397902,41397902,44192969473956,433570,249710,1029695427,501033,3251,64,626650,1628,930700,15798
2025-07-30T21:06:24.490016,17917,86941,240285123,3728375,3533,41402810,41402810,44196780014746,425037,249735,1029695661,501080,3533,64,631778,1527,930718,15874
2025-07-30T21:06:29.594921,17584,79138,240287165,3891149,3048,41407722,41407722,44200569259725,432216,249761,1029703984,501128,3048,61,628376,1582,930739,15639
2025-07-30T21:06:34.762609,17354,80776,240289206,3908874,3093,41412090,41412090,44204355572186,437858,249786,1029712307,501175,3093,67,627747,1462,930853,15389
2025-07-30T21:06:39.906634,17650,78972,240291243,3729931,3102,41416397,41416397,44208241831291,430362,249812,1029720621,501223,3102,65,629806,1537,930875,17115
2025-07-30T21:06:45.018053,20238,80905,240295315,3972613,4062,41426242,41426242,44215884591207,430237,249863,1029737205,501320,4062,66,635894,1688,930924,15852
2025-07-30T21:06:50.172443,17857,79241,240297347,3831759,3360,41431186,41431186,44219695719455,425475,249889,1029745476,501367,3360,70,636427,1541,930942,15504
2025-07-30T21:06:55.316209,17378,83577,240299382,3756546,2915,41436117,41436117,44224049331050,430199,249914,1029753746,501416,2915,65,637148,1621,930959,16189
2025-07-30T21:07:00.652162,17910,81193,240301410,3735978,3283,41441041,41441043,44227903314957,431037,249940,1029761990,501463,3283,63,624414,1558,931091,15194
2025-07-30T21:07:05.811356,18617,85548,240303442,3845967,3655,41445981,41445981,44232112720178,440837,249966,1029770254,501511,3655,65,624661,1611,931112,15414
2025-07-30T21:07:10.952687,18315,86468,240305474,3697726,3258,41450932,41450932,44236015935422,436344,249992,1029778515,501558,3258,60,637690,1594,931202,16206
2025-07-30T21:07:16.091812,17506,81271,240307505,3815606,3214,41455852,41455852,44239770377577,442425,250017,1029786784,501604,3214,60,625226,1379,931286,15315
2025-07-30T21:07:21.256491,18143,81992,240309088,4034350,3089,41460265,41460265,44243516028581,434697,250042,1029793253,501653,3089,64,624557,1546,931304,14776
2025-07-30T21:07:26.386012,17892,108553,240310571,4120329,3164,41464546,41464546,44247405075098,439726,250068,1029799320,501700,3164,66,629121,1552,931324,15473
2025-07-30T21:07:31.505470,19282,88035,240312607,3943427,3508,41469445,41469445,44251244256781,426746,250093,1029807624,501747,3508,65,623272,1625,931342,15601
2025-07-30T21:07:36.634927,19178,92468,240314642,3890281,3092,41474377,41474377,44255154103826,453731,250119,1029815904,501795,3092,64,640785,1497,931361,15542
2025-07-30T21:07:41.802004,17502,83644,240316675,3752705,3275,41479293,41479293,44259041441005,430641,250145,1029824197,501842,3275,60,621619,1515,931469,16208
2025-07-30T21:07:46.946854,17877,86209,240318715,3957976,2958,41484192,41484192,44262899791893,430101,250170,1029832543,501889,2958,70,647679,1632,931572,15533
2025-07-30T21:07:52.092633,17289,80785,240320752,3848668,3308,41489134,41489134,44266789995766,429248,250196,1029840830,501939,3308,67,617872,1419,931594,15656
2025-07-30T21:07:57.279813,18780,85103,240322785,3931785,3202,41494075,41494075,44270678694870,429262,250222,1029849119,501986,3202,67,633174,1629,931612,15943
2025-07-30T21:08:02.419115,18534,80758,240324817,4179528,2967,41498979,41498979,44274564417697,429772,250247,1029857386,502034,2967,67,634418,1416,931632,16367
2025-07-30T21:08:07.548786,17419,79782,240326854,3804575,3603,41503901,41503901,44278476854102,430496,250273,1029865669,502082,3603,64,634953,1563,931657,15570
2025-07-30T21:08:12.682426,18006,87844,240328880,4002864,3183,41508295,41508295,44282271656595,442854,250299,1029873908,502129,3183,68,643664,1515,931675,15734
2025-07-30T21:08:17.783932,17131,86218,240330914,3839785,3141,41512611,41512611,44285973838654,440577,250324,1029882170,502178,3141,64,638515,1501,931807,15847
2025-07-30T21:08:22.903565,20206,81310,240331955,3825163,3939,41517523,41517523,44289808055849,441391,250350,1029886470,502225,3939,63,622991,1683,931828,15064
2025-07-30T21:08:28.045820,17897,84734,240333987,3872814,3391,41522433,41522433,44293632648105,434055,250375,1029894744,502273,3391,69,633659,1658,931854,15710
2025-07-30T21:08:33.178418,18512,82704,240336033,3759304,3126,41527333,41527333,44297491129595,428349,250400,1029903091,502322,3126,66,635310,1591,931952,15442
2025-07-30T21:08:38.317238,17546,82288,240338066,4033239,5060,41532260,41532260,44301369374790,433179,250426,1029911359,502369,5060,64,649578,1800,932048,15615
2025-07-30T21:08:43.438341,19623,77643,240340092,3842266,4428,41537153,41537155,44305140970879,429386,250452,1029919606,502416,4428,72,640931,1786,932074,16118
2025-07-30T21:08:48.570620,18468,88945,240342123,3734445,3499,41542076,41542076,44309009905391,438289,250477,1029927872,502463,3499,67,635205,1452,932113,15799
2025-07-30T21:08:53.698200,17617,86737,240343158,3855083,3386,41547036,41547036,44312900434183,427401,250504,1029932144,502509,3386,64,639659,1702,932142,15880
2025-07-30T21:08:58.828479,17591,82264,240345204,5039818,3196,41551963,41551963,44316767305525,427775,250529,1029940507,502559,3196,65,637697,1534,932162,16211
2025-07-30T21:09:03.971715,17675,85532,240347243,4082771,3152,41556089,41556089,44320488314332,434828,250555,1029948824,502612,3152,65,622485,1523,932188,15539
2025-07-30T21:09:09.143173,17207,103767,240349293,3962281,2869,41560668,41560668,44324409560700,429755,250580,1029957196,502659,2869,69,629129,1639,932320,15900
2025-07-30T21:09:14.275873,20162,85300,240351331,3800672,3486,41565631,41565631,44328309297977,438623,250606,1029965501,502707,3486,63,625770,1625,932338,15445
2025-07-30T21:09:19.414961,25738,78991,240353367,3906582,3124,41570545,41570545,44332143621842,430291,250632,1029973782,502755,3124,65,639366,1618,932356,15569
2025-07-30T21:09:24.549557,19745,78429,240355397,3721665,3123,41575464,41575464,44335966609531,430174,250658,1029982040,502802,3123,64,660503,1463,932376,15614
2025-07-30T21:09:29.675159,17450,81045,240356434,4002981,3214,41580370,41580370,44339954670781,428016,250683,1029986316,502851,3214,68,630431,1562,932398,15722
2025-07-30T21:09:34.849463,18203,82729,240358467,3758897,3246,41585285,41585285,44343840821597,441350,250709,1029994604,502898,3246,63,630526,1481,932418,15996
2025-07-30T21:09:40.088829,18079,84052,240362535,3823438,2884,41595075,41595075,44351879433457,436463,250759,1030011157,502994,2884,71,627193,1558,932568,15605
2025-07-30T21:09:45.244975,18263,77121,240364571,3792894,3226,41600010,41600010,44355670275961,430909,250785,1030019469,503040,3226,66,638019,1562,932585,16316
2025-07-30T21:09:50.381284,18144,76572,240366613,3828745,3753,41604110,41604110,44359437979031,445384,250811,1030027792,503089,3753,65,629471,1547,932605,15199
2025-07-30T21:09:55.503238,18454,81838,240368646,3802903,3122,41608723,41608723,44363200719313,432483,250837,1030036072,503136,3122,66,636741,1534,932628,15903
2025-07-30T21:10:00.636696,20135,82725,240370678,3727468,3619,41613634,41613634,44366958708718,432049,250863,1030044351,503184,3619,64,638358,1643,932650,15624
2025-07-30T21:10:05.786465,17249,77862,240370713,3796798,3399,41618547,41618547,44370820749369,434691,250889,1030044593,503232,3399,60,620765,1473,932673,16141
2025-07-30T21:10:10.921392,18149,80025,240370749,3755227,3310,41623509,41623509,44374759636353,439359,250914,1030044841,503280,3310,65,626379,1553,932809,16148
2025-07-30T21:10:16.039531,16727,80318,240372783,3838962,3213,41628426,41628426,44378710819338,433362,250940,1030053120,503327,3213,62,628249,1670,932833,15964
2025-07-30T21:10:21.159429,17458,76853,240374814,3767296,3085,41633345,41633345,44382466866127,446538,250966,1030061378,503376,3085,61,638259,1789,932927,16326
2025-07-30T21:10:26.301486,19336,86084,240376847,3773136,3312,41638258,41638258,44386365023531,426498,250991,1030069648,503423,3312,68,625501,1717,933011,15863
2025-07-30T21:10:31.417287,18650,93152,240378878,3972395,3123,41643172,41643172,44390304382164,436015,251017,1030077910,503471,3123,67,630453,1480,933100,16372
2025-07-30T21:10:36.566858,17750,79033,240380919,3891442,3264,41648091,41648091,44394236370296,432047,251043,1030086225,503519,3264,56,630749,1625,933192,15554
2025-07-30T21:10:41.699202,17903,79929,240381951,4073309,3116,41652099,41652099,44397861544632,431724,251068,1030090484,503566,3116,64,633663,1576,933210,15475
2025-07-30T21:10:46.881043,17788,83173,240383985,3806921,3154,41656751,41656751,44401736847907,434475,251094,1030098774,503614,3154,68,625545,1551,933334,16384
2025-07-30T21:10:52.033313,19741,84697,240386018,3989216,3894,41661684,41661684,44405626840093,436319,251120,1030107053,503661,3894,62,623893,1607,933422,15059
2025-07-30T21:10:57.208221,19244,82793,240388050,3941024,3057,41666614,41666614,44409654190466,435064,251145,1030115325,503708,3057,64,640448,1661,933448,15489
2025-07-30T21:11:02.337611,18459,81388,240390088,3757575,3798,41671528,41671528,44413543562737,437693,251171,1030123627,503756,3798,67,650175,1538,933475,15774
2025-07-30T21:11:07.500346,17651,97147,240392122,4087908,3135,41676445,41676445,44417324603658,430708,251196,1030131915,503803,3135,69,627989,1525,933500,15878
2025-07-30T21:11:12.646422,15678,79156,240394156,3802591,2780,41681407,41681407,44421260749658,426198,251222,1030140220,503851,2780,671,626545,1609,933517,15612
2025-07-30T21:11:17.767083,17670,87748,240396193,3806035,2995,41686330,41686331,44425179843518,435849,251248,1030148512,503901,2995,63,629779,1494,933535,15632
2025-07-30T21:11:22.880322,17818,81637,240398230,3847597,3142,41691244,41691244,44428962665261,432222,251273,1030156811,503947,3142,65,640676,1538,933657,15864
2025-07-30T21:11:28.015013,17875,87261,240400262,3857053,4711,41695991,41695991,44432938668204,428645,251299,1030165078,503995,4711,59,635427,1866,933675,15428
2025-07-30T21:11:33.151345,17357,92232,240402292,3956743,3142,41700026,41700026,44436662974748,429686,251325,1030173333,504042,3142,72,629948,1582,933695,16174
2025-07-30T21:11:38.289958,16282,80504,240404323,3686753,3074,41704830,41704830,44440492198045,440391,251350,1030181588,504088,3074,65,630218,1601,933719,15478
2025-07-30T21:11:43.424044,17640,80237,240404364,3853358,4734,41709761,41709761,44444329376348,429498,251377,1030181880,504136,4734,67,623916,1817,933741,15212
2025-07-30T21:11:48.547722,17763,86100,240404390,3810535,3365,41714680,41714680,44448161920150,428288,251402,1030182072,504182,3365,72,632036,1402,933761,15211
2025-07-30T21:11:53.684401,17464,79801,240406427,3884886,3362,41719623,41719623,44451977045388,432676,251428,1030190382,504229,3362,65,633233,1586,933781,15684
2025-07-30T21:11:58.807963,16975,79085,240408378,3893390,3026,41724564,41724564,44455826410599,431881,251454,1030198338,504277,3026,69,624459,1525,933890,15703
2025-07-30T21:12:03.953537,17061,81959,240409500,4051619,3342,41729478,41729478,44459649908397,427329,251480,1030202955,504324,3342,70,628929,1662,933939,15528
2025-07-30T21:12:09.101294,20196,79764,240411533,3778796,3222,41734387,41734387,44463619534337,430072,251505,1030211227,504371,3222,65,676383,1577,933964,15319
2025-07-30T21:12:14.227503,17769,83956,240413568,3818747,3179,41739346,41739346,44467553067066,455735,251531,1030219513,504419,3179,75,632160,1639,933986,15500
2025-07-30T21:12:19.369659,18647,88097,240415606,3862813,2990,41743933,41743933,44471397960964,437943,251557,1030227818,504466,2990,67,636161,1619,934100,15666
2025-07-30T21:12:24.556291,17592,81742,240417645,3805864,3194,41748033,41748033,44475137340422,430383,251582,1030236131,504515,3194,67,624471,1565,934120,15438
2025-07-30T21:12:29.723088,17948,85286,240419683,3877829,3226,41752954,41752954,44479060322648,424645,251608,1030244414,504562,3226,66,638442,1529,934204,33993
2025-07-30T21:12:34.828177,18049,78066,240421398,3891302,3606,41757848,41757848,44482876152290,434830,251633,1030251410,504609,3606,67,637410,1567,934223,16453
2025-07-30T21:12:39.953314,19492,83298,240422755,3785981,3615,41762776,41762776,44486675452850,433243,251659,1030256984,504657,3615,69,629230,1554,934279,16011
2025-07-30T21:12:45.131935,17428,82152,240426826,3849819,3145,41772600,41772600,44494217804787,433004,251710,1030273568,504752,3145,69,631159,1555,934411,15347
2025-07-30T21:12:50.330101,17756,80441,240428855,3888421,3018,41777537,41777537,44498131068887,433665,251736,1030281825,504801,3018,64,629048,1560,934501,15628
2025-07-30T21:12:55.471281,17766,81573,240430893,4055182,3754,41782470,41782470,44502641133161,428373,251762,1030290111,504848,3754,68,624980,1608,934585,15178
2025-07-30T21:13:00.599931,17792,83264,240432924,3665833,3509,41787382,41787382,44506471997533,428539,251787,1030298376,504896,3509,65,628481,1501,934681,15682
2025-07-30T21:13:05.730858,17780,85397,240434959,3833726,3047,41791994,41791994,44510362441714,434478,251813,1030306655,504944,3047,67,632522,1488,934771,15738
2025-07-30T21:13:10.890275,17702,76965,240435991,3912026,2912,41796076,41796078,44513993986743,424887,251839,1030310921,504991,2912,63,625175,1769,934877,15465
2025-07-30T21:13:16.048590,17918,80572,240438029,4077347,3532,41800992,41800992,44517998911755,441391,251864,1030319232,505040,3532,60,628635,1608,934895,15861
2025-07-30T21:13:21.199833,18348,81189,240440062,3901463,3261,41805909,41805909,44521845993933,437669,251890,1030327507,505087,3261,66,616032,1588,934986,16031
2025-07-30T21:13:26.331859,18063,85958,240442098,3917906,3446,41810814,41810814,44525806605860,431911,251915,1030335812,505134,3446,65,630542,1529,935074,15880
2025-07-30T21:13:31.482528,17437,86204,240444132,3704708,2925,41815739,41815739,44529557992174,433519,251941,1030344095,505183,2925,66,634367,1803,935162,15725
2025-07-30T21:13:36.626549,18042,120577,240446181,4124841,3074,41820644,41820644,44533409156687,427462,251966,1030352467,505230,3074,64,643661,1512,935182,15556
2025-07-30T21:13:41.786802,19848,74956,240448223,3814403,3321,41825559,41825559,44537174632801,434960,251992,1030360795,505277,3321,67,627798,1638,935204,15403
2025-07-30T21:13:46.994310,18088,83910,240450260,3763527,3577,41830486,41830486,44541074293341,435644,252018,1030369089,505326,3577,65,623961,1520,935237,15820
2025-07-30T21:13:52.158448,21008,86998,240452294,3797163,3507,41835428,41835428,44544981828381,447232,252044,1030377371,505373,3507,61,634382,1636,935261,15268
2025-07-30T21:13:57.414658,17326,80965,240454324,3735597,3311,41839993,41839993,44548703630954,437116,252069,1030385636,505420,3311,65,635545,1506,935285,15561
2025-07-30T21:14:02.617990,20453,83595,240455359,3736732,3296,41844141,41844141,44552548266278,426984,252095,1030389915,505473,3296,65,845759,1537,935424,15598
2025-07-30T21:14:07.769996,17497,79113,240457396,5760968,3320,41849060,41849060,44556608231383,425271,252120,1030398212,505520,3320,63,622209,1735,935453,15104
2025-07-30T21:14:12.896826,18936,78881,240459430,3912773,3929,41854022,41854022,44560533172930,434127,252146,1030406490,505569,3929,65,635723,1686,935482,15690
2025-07-30T21:14:18.061514,19542,86228,240459439,3950732,3483,41858941,41858941,44564311013490,432946,252172,1030406553,505616,3483,66,641546,1660,935510,16497
2025-07-30T21:14:23.211037,17215,82622,240459447,3764507,3030,41863846,41863846,44568047865710,441219,252197,1030406613,505664,3030,66,631604,1869,935534,15683
2025-07-30T21:14:28.346948,17692,106565,240459457,3713740,3178,41868765,41868765,44571893484857,429595,252223,1030406685,505712,3178,62,638071,1510,935552,15811
2025-07-30T21:14:33.467536,17911,82339,240459466,3920273,4542,41873682,41873682,44575703561517,437418,252249,1030406752,505759,4542,62,622457,1510,935570,15546
2025-07-30T21:14:38.596242,17311,75546,240459476,3698536,3050,41878603,41878603,44579486527838,429314,252275,1030406817,505807,3050,63,633388,1655,935708,16014
2025-07-30T21:14:43.724606,19064,81903,240459489,3879683,3638,41883508,41883508,44583305465820,433707,252300,1030406890,505857,3638,65,625493,1703,935812,15379
2025-07-30T21:14:48.864167,17528,86729,240459498,3800229,4570,41888077,41888077,44587259093599,437068,252326,1030406997,505906,4570,62,623525,1949,935920,15814
2025-07-30T21:14:54.035834,17376,76368,240459507,3775981,4980,41892302,41892302,44590938981543,428965,252352,1030407057,505954,4980,63,619832,1844,935948,15635
2025-07-30T21:14:59.187154,17955,78249,240459517,3871648,3061,41897254,41897254,44594837979278,428646,252378,1030407117,506002,3061,66,642763,1489,936076,16469
2025-07-30T21:15:04.320416,18069,87895,240459526,3865325,3497,41902157,41902157,44598689705161,438141,252403,1030407186,506049,3497,60,637392,1625,936174,15335
2025-07-30T21:15:09.445837,19562,79884,240459535,3868778,3582,41907069,41907069,44602476446482,440929,252429,1030407245,506097,3582,61,625860,1609,936279,16038
2025-07-30T21:15:14.581472,18626,90470,240459547,3884920,3270,41912039,41912039,44606324157871,434614,252455,1030407318,506145,3270,63,635596,1454,936381,15639
2025-07-30T21:15:19.749029,17933,80913,240459555,3763656,3295,41916953,41916953,44610129039739,425051,252481,1030407385,506192,3295,68,631173,1563,936486,15333
2025-07-30T21:15:24.893078,17549,82236,240459565,4004013,3113,41921857,41921857,44613946729800,429893,252506,1030407450,506241,3113,76,625726,1541,936512,15835
2025-07-30T21:15:30.032925,20981,78587,240459582,3755008,3377,41931714,41931714,44621709702164,429944,252559,1030407574,506335,3377,60,637599,1591,936715,16275
2025-07-30T21:15:35.140206,19184,79377,240459594,3743117,3697,41936432,41936432,44625470383001,442024,252584,1030407642,506382,3697,63,620402,1694,936799,15188
2025-07-30T21:15:40.253478,17715,87189,240459602,3752312,3193,41940445,41940445,44629094991640,431001,252609,1030407703,506429,3193,65,651274,1646,936887,16466
2025-07-30T21:15:45.389052,17793,79221,240459612,3845978,4685,41945261,41945261,44632843041433,430193,252635,1030407788,506479,4685,70,627522,1640,936911,15686
2025-07-30T21:15:50.540425,17785,77736,240459623,4097790,2959,41950162,41950162,44636555156937,429026,252660,1030407864,506526,2959,61,649056,1544,936937,15923
2025-07-30T21:15:55.710496,19504,78436,240459632,3914281,3560,41955091,41955091,44640436980901,433100,252686,1030407927,506573,3560,64,629628,1481,936957,15506
2025-07-30T21:16:00.832316,18312,81616,240459640,3808554,2907,41959990,41959990,44644281389555,437136,252712,1030408005,506621,2907,69,634191,1731,936995,15527
2025-07-30T21:16:05.954487,18021,81613,240459651,3726061,3169,41964888,41964888,44648141775847,435567,252738,1030408079,506669,3169,64,637641,1545,937016,16009
2025-07-30T21:16:11.075852,17532,74945,240459660,3756412,3939,41969829,41969829,44651884808265,427187,252764,1030408143,506715,3939,76,627977,1580,937121,15914
2025-07-30T21:16:16.217324,17403,79468,240459671,3823386,3242,41974713,41974713,44655651876937,439143,252789,1030408208,506766,3242,71,629856,1522,937141,15714
2025-07-30T21:16:21.394398,16990,81389,240459681,3754739,3708,41979618,41979618,44659502571140,431414,252815,1030408270,506813,3708,65,628048,1623,937230,15813
2025-07-30T21:16:26.570377,20326,86110,240459689,4093639,3572,41984467,41984467,44663367813215,437328,252842,1030408330,506861,3572,65,640514,1720,937254,15571
2025-07-30T21:16:31.697123,17788,79477,240459700,3861279,2991,41988560,41988560,44666992248129,429978,252866,1030408398,506909,2991,66,628228,1617,937316,16581
2025-07-30T21:16:36.836693,18320,85974,240459709,3887791,3109,41993157,41993157,44670775301074,427367,252892,1030408463,506955,3109,65,643292,1639,937336,15535
2025-07-30T21:16:41.971160,17648,81696,240459722,3764537,3148,41998064,41998064,44674594258845,433683,252918,1030408538,507004,3148,68,631200,1559,937380,15605
2025-07-30T21:16:47.117123,19003,79090,240459731,4130551,3556,42002959,42002959,44678359655352,429240,252943,1030408611,507051,3556,65,636318,1723,937404,16426
2025-07-30T21:16:52.243580,18688,86152,240459739,3823682,3524,42007880,42007880,44682220376218,432092,252969,1030408673,507098,3524,69,625914,1566,937511,15783
2025-07-30T21:16:57.371358,18313,79306,240459749,3845331,3347,42012824,42012824,44685956294428,430493,252996,1030408744,507147,3347,67,628218,1573,937535,15633
2025-07-30T21:17:02.516778,17034,79953,240459761,3667476,3436,42017716,42017716,44689823043708,433521,253021,1030408818,507195,3436,68,627459,1545,937657,15849
2025-07-30T21:17:07.672057,17152,76147,240459773,3937987,4511,42022622,42022622,44693762017587,434498,253087,1030408880,507242,4511,64,626770,1660,937800,15869
2025-07-30T21:17:12.839330,19518,78603,240459784,3793912,3446,42027587,42027587,44697654175187,434490,253113,1030408945,507290,3446,69,626141,1496,937820,15623
2025-07-30T21:17:17.957987,17671,86032,240459795,3885439,3271,42032500,42032500,44701522325863,426525,253139,1030409015,507337,3271,66,630167,1626,937918,15997
2025-07-30T21:17:23.080962,18117,87325,240459803,3723641,3059,42036932,42036932,44705203872346,440244,253165,1030409080,507385,3059,69,627167,1600,937996,15695
2025-07-30T21:17:28.195764,17767,80664,240459814,3785101,2959,42041178,42041178,44708936390804,439702,253191,1030409148,507433,2959,65,625690,1722,938087,15376
2025-07-30T21:17:33.335350,18456,83324,240459822,3928462,3275,42046089,42046089,44712829493579,434544,253216,1030409206,507480,3275,64,635649,1532,938171,16094
2025-07-30T21:17:38.484289,17752,77452,240459832,3723516,3206,42051004,42051004,44716688009480,430587,253242,1030409277,507529,3206,68,620675,1614,938194,15838
2025-07-30T21:17:43.614724,18465,84968,240459842,3743002,3097,42055899,42055899,44720443820052,434987,253267,1030409343,507576,3097,66,624988,1535,938212,16043
2025-07-30T21:17:48.753825,18145,82509,240459850,3890378,3179,42060818,42060818,44724295653975,433842,253293,1030409413,507623,3179,62,629423,1416,938238,15645
2025-07-30T21:17:53.897202,16987,82848,240459861,3914089,3128,42065748,42065748,44728080298376,432984,253319,1030409486,507672,3128,65,629206,1602,938256,15977
2025-07-30T21:17:59.035503,13038,85383,240459870,4047132,3195,42070673,42070673,44731850839581,427819,253345,1030409549,507718,3195,61,642064,1594,938274,15709
2025-07-30T21:18:04.187213,17782,80397,240459878,3805858,3231,42075586,42075586,44735710188333,430655,253371,1030409614,507765,3231,64,632735,1573,938398,15668
2025-07-30T21:18:09.316757,19148,83676,240459891,3822726,3048,42080501,42080501,44739670272721,431958,253397,1030409693,507814,3048,66,635105,1620,938425,15679
2025-07-30T21:18:14.442870,17483,83030,240459901,3941216,3273,42085212,42085212,44743315079095,443640,253422,1030409766,507861,3273,67,623708,1514,938443,16464
2025-07-30T21:18:19.575463,17316,78662,240459909,3858559,3172,42089234,42089234,44747025985142,430962,253448,1030409823,507909,3172,65,619007,1623,938462,16442
2025-07-30T21:18:24.717143,17385,83300,240459919,4020557,3164,42094113,42094113,44750849010826,429639,253474,1030409886,507957,3164,70,634248,1569,938486,15037
2025-07-30T21:18:29.842838,16987,79576,240459928,3928139,3248,42099002,42099002,44754614136162,435330,253499,1030409951,508004,3248,63,641392,1574,938509,17024
2025-07-30T21:18:34.969341,20671,79484,240459947,3935717,3507,42108818,42108818,44762290699920,428240,253551,1030410091,508099,3507,66,653395,1760,938705,15379
2025-07-30T21:18:40.095493,17996,75480,240459957,3820331,3177,42113736,42113736,44766099954626,438646,253577,1030410163,508146,3177,64,622148,1632,938739,15345
2025-07-30T21:18:45.290848,18357,77328,240459968,3843265,3199,42118656,42118656,44769833207000,436079,253603,1030410250,508194,3199,67,633750,1518,938776,15370
2025-07-30T21:18:50.460689,17479,77957,240459977,3815694,3581,42123577,42123577,44773732161457,432523,253628,1030410314,508241,3581,95,628886,1836,938816,15178
2025-07-30T21:18:55.601058,17463,80939,240459985,3811991,3780,42128516,42128516,44777702823133,437100,253654,1030410371,508288,3780,64,629776,1711,938836,16114
2025-07-30T21:19:00.730501,19502,84620,240459998,3942260,3197,42133470,42133470,44781877806936,429121,253680,1030410451,508340,3197,66,631163,1721,938861,15550
2025-07-30T21:19:05.860373,16987,83837,240460006,3747615,3361,42137585,42137585,44785577463140,445393,253705,1030410512,508387,3361,63,622026,1605,938978,15698
2025-07-30T21:19:11.006352,17503,90787,240461021,3779191,3387,42142194,42142194,44789404508394,426753,253768,1030414671,508456,3387,64,629785,1487,939041,15543
2025-07-30T21:19:16.164114,17982,82880,240461051,4143507,3214,42147136,42147136,44793411443914,426634,253795,1030414875,508607,3214,70,639687,1651,939059,15938
2025-07-30T21:19:21.314297,19725,82395,240461064,3834171,3321,42152076,42152076,44797363135585,430651,253858,1030415002,508692,3321,68,631627,1445,939465,16152
2025-07-30T21:19:26.448510,24518,88924,240461072,4381015,3469,42157009,42157009,44801329228954,440889,253884,1030415097,508761,3469,66,634639,1466,939472,15789
2025-07-30T21:19:31.594180,17219,104300,240461092,3800667,3296,42161924,42161924,44805110926175,440395,253910,1030415264,508883,3296,64,637987,1550,939496,15656
2025-07-30T21:19:36.781632,17545,82345,240461104,3886366,3370,42166848,42166848,44809005661032,423552,253935,1030415386,508971,3370,64,639101,1550,939523,15729
2025-07-30T21:19:41.928037,17583,79366,240461124,4021742,3239,42171776,42171776,44812989205128,425213,253961,1030415550,509093,3239,63,628493,1501,939551,15522
2025-07-30T21:19:47.047905,17307,80770,240461138,3778710,3584,42176708,42176708,44816882657223,434572,253987,1030415693,509188,3584,68,641507,1539,939576,16283
2025-07-30T21:19:52.176399,18633,83023,240461147,3823003,3424,42181654,42181654,44820717239964,437131,254012,1030415793,509263,3424,63,631880,1565,939854,16500
2025-07-30T21:19:57.326894,17665,81805,240461163,3840031,3549,42185714,42185714,44824323015377,465258,254038,1030415934,509357,3549,67,628060,1558,939902,15267
2025-07-30T21:20:02.533797,17842,78368,240461171,3732827,3129,42190348,42190348,44828173485659,434086,254064,1030416028,509426,3129,65,627142,1502,940012,15977
2025-07-30T21:20:07.683548,17931,86234,240461182,3880778,3268,42195276,42195276,44832072320401,437569,254090,1030416125,509500,3268,61,628480,1520,940042,15661
2025-07-30T21:20:12.816083,17934,78972,240461193,3962088,4040,42200232,42200232,44835972909184,435607,254115,1030416216,509564,4040,66,625461,1761,940138,15456
2025-07-30T21:20:17.959694,18614,85241,240461201,4102046,4550,42205150,42205150,44839778391857,440435,254141,1030416313,509629,4550,77,637098,1555,940158,15689
2025-07-30T21:20:23.102965,13493,82972,240461211,3955790,2838,42210076,42210076,44843606839167,442403,254167,1030416407,509695,2838,66,655897,1503,940276,15981
2025-07-30T21:20:28.239170,17546,78518,240461223,4151232,3006,42215005,42215005,44847478687592,434973,254193,1030416507,509760,3006,66,635654,1419,940387,15318
2025-07-30T21:20:33.388971,17809,83183,240461231,3964479,2931,42219922,42219922,44851207346400,425174,254218,1030416590,509823,2931,69,629969,1592,940485,15749
2025-07-30T21:20:38.545253,17472,83048,240461243,3926644,3102,42224847,42224847,44855157831218,432729,254244,1030416670,509883,3102,63,635999,1430,940506,15470
2025-07-30T21:20:43.660051,18623,86168,240461414,3808803,3800,42229796,42229796,44860282012471,447436,254314,1030418116,510614,3800,62,650625,1622,941108,15696
2025-07-30T21:20:48.793459,17396,85408,240461422,3842173,3321,42234007,42234007,44863862118452,427309,254339,1030418187,510661,3321,64,628186,1617,941140,15169
2025-07-30T21:20:53.936950,18682,78832,240461434,3894267,3365,42238553,42238553,44867679289151,432092,254365,1030418252,510709,3365,67,632684,1615,941252,15350
2025-07-30T21:20:59.055845,16992,77808,240461442,4061105,3158,42243495,42243495,44871554159176,446297,254391,1030418331,510755,3158,62,624631,1502,941272,16074
2025-07-30T21:21:04.181879,17391,84591,240461452,3834000,3168,42248411,42248411,44875264529680,437496,254417,1030418398,510804,3168,62,626657,1602,941360,15639
2025-07-30T21:21:09.329263,19056,79062,240461461,3853873,3850,42253321,42253321,44879153270100,442403,254442,1030418459,510851,3850,66,616470,1658,941441,15344
2025-07-30T21:21:14.512650,18751,82147,240462484,3771126,3325,42258428,42258428,44883509322373,443093,254514,1030422755,510991,3325,64,637441,1576,942125,17637
2025-07-30T21:21:19.647450,18344,77453,240462513,3766899,3081,42263366,42263366,44887493855986,432302,254540,1030422945,511143,3081,65,629761,1505,942189,16009
2025-07-30T21:21:24.783497,17859,80253,240462524,3877451,3029,42268315,42268315,44891363420363,431330,254611,1030423082,511227,3029,69,634562,1506,942366,15872
2025-07-30T21:21:29.903114,17660,81650,240462533,3807102,3060,42273227,42273227,44895360565890,448590,254637,1030423185,511297,3060,63,642226,1531,942394,15885
2025-07-30T21:21:35.064580,18992,81878,240462568,3785564,3379,42282256,42282256,44902994601579,448132,254688,1030423491,511511,3379,65,631342,1468,943021,15901
2025-07-30T21:21:40.199360,19123,88586,240462586,3792822,4439,42286826,42286826,44906763189853,432043,254714,1030423649,511632,4439,65,632865,1909,943044,15795
2025-07-30T21:21:45.324133,17730,77852,240462601,3886689,3108,42291755,42291755,44910639414043,429919,254740,1030423793,511729,3108,66,631431,1467,943062,16376
2025-07-30T21:21:50.462317,18147,96617,240462611,3900499,3163,42296712,42296712,44914448023152,427610,254766,1030423897,511802,3163,67,633415,1448,943203,15777
2025-07-30T21:21:55.615250,18546,79898,240462624,3932506,3117,42301645,42301645,44918381083347,435416,254791,1030424027,511897,3117,67,638303,1625,943322,15678
2025-07-30T21:22:00.767799,23511,82468,240462635,3707451,3336,42306562,42306562,44922194840681,435842,254817,1030424132,511966,3336,74,624188,1646,943423,15643
2025-07-30T21:22:05.902456,17690,80115,240462644,3973316,3420,42311493,42311493,44926146447083,432006,254843,1030424224,512036,3420,64,632848,1559,943529,15598
2025-07-30T21:22:11.050315,17578,79396,240462657,3748368,3076,42316458,42316458,44929930778669,433285,254869,1030424326,512100,3076,65,639398,1403,943556,15950
2025-07-30T21:22:16.273029,18549,78841,240462666,3920618,3474,42321377,42321377,44933856230925,436511,254895,1030424421,512164,3474,65,637059,1628,943653,15234
2025-07-30T21:22:21.415488,17719,77785,240462674,3790479,3058,42326193,42326193,44937843120612,426313,254921,1030424517,512228,3058,66,641934,1588,943784,14944
2025-07-30T21:22:26.536832,16881,84753,240462685,3700263,5002,42330237,42330237,44941480933971,433620,254947,1030424609,512292,5002,69,624529,1635,943872,15993
2025-07-30T21:22:31.666264,20573,86677,240462693,3739448,4030,42334984,42334984,44945222103979,425997,254972,1030424706,512355,4030,65,625165,1664,943994,15993
2025-07-30T21:22:36.825635,17376,81660,240462703,3753317,4550,42339909,42339909,44949108204282,436110,254998,1030424787,512416,4550,64,631124,1581,944105,15037
2025-07-30T21:22:41.976076,23105,82503,240462881,5619696,3236,42344912,42344912,44954165542608,432224,255067,1030426247,513137,3236,58,640049,1825,944313,16525
2025-07-30T21:22:47.091337,17280,84517,240462892,3950226,3269,42349835,42349835,44958012985748,431130,255093,1030426331,513184,3269,63,619219,1568,944722,15380
2025-07-30T21:22:52.222118,18234,80045,240462901,3865245,3321,42354772,42354772,44961703705534,432628,255119,1030426393,513232,3321,65,626980,1659,944779,15871
2025-07-30T21:22:57.409279,20822,81152,240462913,3867182,3577,42359719,42359719,44965595089672,435026,255145,1030426462,513280,3577,67,633764,1626,944813,15814
2025-07-30T21:23:02.583925,18503,83976,240462921,3768899,2994,42364642,42364642,44969414270751,429387,255171,1030426520,513327,2994,59,632175,1586,944835,15301
2025-07-30T21:23:07.717599,18343,80101,240462931,3928509,3312,42369555,42369555,44973288720911,439320,255196,1030426582,513376,3312,68,628772,1533,944890,15256
2025-07-30T21:23:12.860310,17946,76932,240463955,4013662,3245,42374532,42374532,44977510883846,425941,255268,1030430880,513514,3245,64,631469,1529,945597,15222
2025-07-30T21:23:17.997081,17501,78906,240463963,3837963,3089,42378591,42378591,44981275796069,439773,255294,1030430942,513562,3089,66,630021,1579,946151,15175
2025-07-30T21:23:23.291912,20190,84985,240463993,3871382,3579,42383366,42383366,44985163036904,439734,255319,1030431137,513713,3579,64,636168,1597,946172,15790
2025-07-30T21:23:28.440386,17940,82072,240464004,3718645,3153,42388313,42388313,44989382574699,444176,255390,1030431273,513798,3153,68,634839,1508,946379,15831
2025-07-30T21:23:33.554701,16656,83898,240464014,3975476,3203,42393232,42393232,44993306254321,440421,255416,1030431373,513869,3203,75,639178,1491,946661,15011
2025-07-30T21:23:38.683653,18374,76130,240464032,3617906,3157,42398161,42398161,44997056009116,436150,255442,1030431535,513990,3157,73,642994,1541,946688,16122
2025-07-30T21:23:43.818131,18456,77900,240464045,3998117,3597,42403065,42403065,45000967427663,445193,255467,1030431664,514078,3597,63,642323,1491,946717,15611
2025-07-30T21:23:48.939522,19957,83475,240464064,3863346,3550,42408004,42408004,45004916597806,442727,255493,1030431837,514200,3550,69,633809,1527,946765,15855
2025-07-30T21:23:54.045960,17318,83999,240464081,3681396,3048,42412928,42412928,45008682023334,433908,255518,1030431981,514296,3048,63,626954,1454,946797,16207
2025-07-30T21:23:59.197466,18230,83096,240464090,3793819,4790,42417881,42417881,45012573116487,426016,255545,1030432080,514370,4790,68,642154,1760,946892,16323
2025-07-30T21:24:04.330738,18896,86243,240464105,3713715,4744,42422464,42422464,45016388333821,429453,255570,1030432227,514471,4744,65,635835,1603,946937,15461
2025-07-30T21:24:09.505709,17785,83985,240464114,3847394,3006,42426579,42426579,45020059291896,427129,255595,1030432325,514540,3006,69,623676,1616,947060,16055
2025-07-30T21:24:14.655839,17344,81932,240464124,3809636,4341,42431538,42431538,45024045697102,429787,255621,1030432443,514613,4341,83,642946,1596,947078,16102
2025-07-30T21:24:19.805932,18059,84268,240464135,3684345,3276,42436454,42436454,45027890915727,438532,255647,1030432549,514678,3276,69,631668,1499,947128,15790
2025-07-30T21:24:24.934874,19054,86813,240464143,3771283,3186,42441371,42441371,45031711314872,423257,255673,1030432639,514742,3186,63,639537,1547,947172,15909
2025-07-30T21:24:30.056837,17124,82027,240464162,3757729,3429,42451186,42451186,45039259278549,435386,255724,1030432824,514871,3429,65,623525,1641,947235,15845
2025-07-30T21:24:35.198520,17656,82760,240464171,3980758,3062,42456117,42456117,45043066482843,432376,255750,1030432912,514936,3062,68,631018,1552,947357,15866
2025-07-30T21:24:40.348628,20300,79202,240464343,3848181,3388,42461125,42461125,45048083664625,436362,255820,1030434346,515662,3388,59,631365,1579,947570,15530
2025-07-30T21:24:45.472288,17986,83269,240464352,4040595,3105,42466145,42466145,45051971570752,448750,255845,1030434447,515710,3105,65,639756,1637,947631,16596
2025-07-30T21:24:50.590533,17626,81520,240464360,3880587,3270,42470889,42470889,45055666557490,435428,255871,1030434512,515757,3270,67,628211,1601,947678,16083
2025-07-30T21:24:55.733572,18399,80597,240464373,3934235,3274,42475432,42475432,45059549084711,439031,255898,1030434586,515807,3274,62,631922,1520,947703,15430
2025-07-30T21:25:00.921775,18670,86412,240464385,3869505,3115,42479771,42479771,45063809004764,428587,255922,1030434646,515853,3115,70,639478,1480,947762,15884
2025-07-30T21:25:06.059754,20115,81105,240464393,4497489,3636,42484705,42484705,45067698846272,434522,255948,1030434708,515901,3636,73,633898,1582,947793,16193
2025-07-30T21:25:11.180641,17915,85442,240465418,3909017,3352,42489805,42489805,45072119920445,434610,256020,1030439003,516041,3352,63,642478,1722,949120,15663
2025-07-30T21:25:16.327372,17497,78429,240465427,3705703,3260,42494757,42494757,45075861721159,429251,256046,1030439069,516088,3260,69,620518,1658,949135,16871
2025-07-30T21:25:21.484402,18317,82650,240465454,3793375,4162,42499699,42499699,45079783231224,435422,256072,1030439253,516240,4162,69,630681,1623,949157,15837
2025-07-30T21:25:26.632492,18265,83961,240465468,3956363,3894,42504632,42504632,45083723410905,436362,256142,1030439381,516326,3894,64,637976,1811,949763,16037
2025-07-30T21:25:31.766455,19816,78704,240465476,3683985,3781,42509560,42509560,45087662833722,434592,256168,1030439481,516395,3781,66,628816,1597,949781,16144
2025-07-30T21:25:36.890132,18243,86217,240465495,4175814,3177,42514495,42514495,45091554790473,423765,256194,1030439653,516518,3177,64,635028,1482,949801,15658
2025-07-30T21:25:42.027216,17651,77101,240465509,3781079,3004,42519040,42519040,45095311787663,432152,256219,1030439783,516604,3004,70,634568,1591,949891,15339
2025-07-30T21:25:47.183735,17759,85384,240465526,3732572,3087,42523182,42523182,45099089559548,427123,256245,1030439957,516724,3087,67,623400,1603,949947,16044
2025-07-30T21:25:52.336774,17769,82941,240465542,4286555,3095,42528129,42528129,45103130315759,427574,256271,1030440106,516820,3095,64,631355,1657,950043,15567
2025-07-30T21:25:57.470216,19982,83892,240465551,3844863,3726,42533065,42533065,45106883097691,432184,256296,1030440213,516894,3726,70,622878,1538,950136,15748
2025-07-30T21:26:02.618605,18685,83384,240465566,3816324,3115,42537989,42537989,45110763524100,434831,256322,1030440357,516991,3115,64,631048,1553,950220,15841
2025-07-30T21:26:07.741030,18182,79037,240465577,3764349,3051,42542917,42542917,45114672047624,431152,256348,1030440457,517061,3051,66,629346,1498,950240,15240
2025-07-30T21:26:12.873830,16873,79528,240465588,3855943,3019,42547863,42547863,45118396669275,442928,256373,1030440564,517133,3019,66,627832,1591,950322,15960
2025-07-30T21:26:18.024403,17979,75670,240465597,3828708,3171,42552798,42552798,45122318070548,433185,256399,1030440647,517200,3171,59,629402,1522,950344,15328
2025-07-30T21:26:23.150971,20820,84146,240465608,4189953,3643,42557721,42557721,45126154243328,424758,256425,1030440742,517263,3643,69,626380,1734,950391,15586
2025-07-30T21:26:28.296425,17588,91060,240465616,3781642,3127,42562632,42562632,45129835816715,437655,256450,1030440828,517326,3127,63,636925,1470,950418,16161
2025-07-30T21:26:33.455286,18382,74616,240465626,3952304,3662,42567146,42567146,45133571908701,448608,256476,1030440922,517392,3662,62,637241,1547,950445,15223
2025-07-30T21:26:38.595617,17867,76737,240465635,3725095,3278,42571311,42571311,45137331436804,435613,256502,1030441017,517456,3278,66,633938,1513,950474,15939
2025-07-30T21:26:43.716470,19116,90399,240465807,3837989,3119,42576305,42576305,45142302611274,442327,256571,1030442411,518189,3119,62,652720,1658,950845,15833
2025-07-30T21:26:48.849962,17332,81100,240465818,3783414,3150,42581232,42581232,45146145576158,424512,256598,1030442490,518236,3150,70,626822,1626,951230,16956
2025-07-30T21:26:53.986539,18247,85057,240465826,3773883,4371,42586147,42586147,45149957614941,432765,256623,1030442561,518283,4371,65,637067,1570,951250,15769
2025-07-30T21:26:59.134535,17343,79005,240465835,3772136,3052,42591082,42591082,45153794090901,429582,256649,1030442627,518331,3052,67,625800,1514,951302,17494
2025-07-30T21:27:04.262720,18296,79848,240465844,3834750,3149,42595987,42595987,45157650819285,428673,256675,1030442692,518378,3149,69,638204,1555,951327,15758
2025-07-30T21:27:09.410388,18237,81257,240465853,3747022,3201,42600888,42600888,45161374034212,430928,256700,1030442754,518426,3201,67,628642,1525,951352,15861
2025-07-30T21:27:14.540836,18238,86185,240466501,3802838,3507,42605955,42605955,45165557371991,427657,256772,1030445498,518547,3507,68,634298,1628,952465,16542
2025-07-30T21:27:19.664436,19492,83540,240466890,3985237,3492,42610897,42610897,45169580943758,431846,256797,1030447127,518614,3492,61,635381,1698,952515,15928
2025-07-30T21:27:24.797126,18339,77626,240466917,3846331,3010,42615578,42615578,45173423732858,430750,256823,1030447319,518765,3010,69,642970,1452,952713,15439
2025-07-30T21:27:29.963651,19088,76542,240466930,3910103,3163,42619630,42619630,45177243527673,430822,256894,1030447454,518852,3163,64,628314,1601,952893,15944
2025-07-30T21:27:35.155578,17274,89709,240466956,3782715,3165,42629466,42629466,45184876064144,427709,256945,1030447722,519041,3165,62,635305,1645,953185,15528
2025-07-30T21:27:40.299216,19000,84369,240466973,3885330,3558,42634380,42634380,45188776364322,441298,256971,1030447864,519129,3558,68,637435,1531,953210,15836
2025-07-30T21:27:45.418671,19180,86280,240466991,4168055,3528,42639302,42639302,45192672057126,432997,256997,1030448039,519249,3528,65,632026,1726,953303,16366
2025-07-30T21:27:50.528556,17729,79603,240467006,3832917,3269,42644235,42644235,45196386345649,431912,257022,1030448174,519347,3269,66,625905,1576,953395,15387
2025-07-30T21:27:55.679069,18012,79076,240467016,4079856,4675,42649178,42649178,45200301358119,436220,257048,1030448276,519419,4675,64,633612,1812,953475,15922
2025-07-30T21:28:00.829517,20328,78137,240467029,3802922,3468,42654107,42654107,45204221003397,434687,257074,1030448412,519514,3468,63,634289,1636,953561,15333
2025-07-30T21:28:05.936488,17796,86577,240467039,3800486,3253,42659015,42659015,45208136404180,432934,257099,1030448506,519583,3253,64,624664,1601,953677,16052
2025-07-30T21:28:11.064637,17731,79188,240467049,4178268,4595,42663810,42663810,45211938374684,428651,257125,1030448616,519654,4595,71,637757,1798,953700,16037
2025-07-30T21:28:16.211389,16993,83983,240467060,3888716,3412,42667871,42667871,45215637586249,430185,257151,1030448719,519719,3412,62,624339,1619,953786,15809
2025-07-30T21:28:21.353919,18336,79510,240467073,4018619,3345,42672644,42672644,45219512047783,433980,257176,1030448827,519785,3347,65,629954,1796,953868,16350
2025-07-30T21:28:26.487605,18081,81684,240467082,3866800,3315,42677560,42677560,45223372074012,433500,257202,1030448919,519849,3315,67,635643,1613,953951,15564
2025-07-30T21:28:31.684297,18692,86325,240467090,3832896,3587,42682488,42682488,45227175563201,428424,257228,1030449005,519912,3587,66,618156,1623,954033,15263
2025-07-30T21:28:36.854398,17671,84639,240467100,3852240,3392,42687412,42687412,45231139530018,439801,257254,1030449091,519977,3392,66,629873,1553,954051,14892
2025-07-30T21:28:42.021239,19277,82725,240467278,3999420,3143,42692429,42692429,45236219011586,425391,257323,1030450445,520704,3143,65,622521,1529,954352,15600
2025-07-30T21:28:47.138878,17224,82932,240467287,4282959,6906,42697364,42697364,45240097184084,432925,257350,1030450519,520755,6906,70,626341,1765,954765,15712
2025-07-30T21:28:52.280803,17727,89382,240467298,3891482,3104,42702308,42702308,45243872631379,432866,257376,1030450587,520803,3104,67,621551,1692,954785,16087
2025-07-30T21:28:57.435127,19950,85150,240467307,4276603,3789,42707244,42707244,45247830213581,431923,257401,1030450643,520850,3789,63,636635,1573,954927,15648
2025-07-30T21:29:02.581614,17797,87810,240467317,3802162,3260,42712077,42712077,45251957914876,425494,257427,1030450730,520903,3260,66,647589,1605,954952,16938
2025-07-30T21:29:07.727235,17999,81366,240467328,3768716,4643,42716124,42716124,45255697782853,434866,257453,1030450796,520951,4643,60,649708,1543,955009,15797
2025-07-30T21:29:12.877210,17799,77852,240467347,4082870,3251,42721079,42721079,45259884889327,440188,257525,1030451008,521072,3251,61,642742,1464,955664,15383
2025-07-30T21:29:18.019629,18321,96632,240467359,3891556,3145,42725987,42725987,45263698769559,434713,257550,1030451081,521120,3145,59,626966,1536,955682,15233
2025-07-30T21:29:23.151684,19103,75856,240467367,3868983,3018,42730917,42730917,45267514799176,436702,257576,1030451142,521167,3018,68,644613,1615,955702,15680
2025-07-30T21:29:28.290784,17963,86658,240467377,3816734,2643,42735835,42735835,45271329007864,433526,257602,1030451212,521216,2643,68,625461,1905,956182,16018
2025-07-30T21:29:33.436486,18111,74234,240467388,3686505,3198,42740759,42740759,45275178332596,427265,257627,1030451278,521264,3198,64,629914,1448,956204,15614
2025-07-30T21:29:38.573565,18558,78500,240467397,3778711,3172,42745689,42745689,45279141710961,426145,257653,1030451344,521311,3172,67,640752,1618,956233,15966
2025-07-30T21:29:43.707691,18794,80349,240467405,3966076,3243,42750622,42750622,45282929410976,449500,257679,1030451420,521359,3243,67,663644,1460,956283,16043
2025-07-30T21:29:48.830493,17671,83076,240467417,3826863,3169,42755556,42755556,45286790000529,424556,257705,1030451515,521407,3169,67,634907,1509,956301,16162
2025-07-30T21:29:54.001428,20114,84302,240467425,3728163,3823,42760354,42760354,45290544797850,425167,257730,1030451571,521453,3823,73,625345,1722,956318,16243
2025-07-30T21:29:59.149267,18285,81980,240467435,3829753,3253,42764449,42764449,45294276470193,430531,257756,1030451638,521502,3253,63,638274,1534,956336,15491
2025-07-30T21:30:04.306498,21719,76085,240467444,3790971,3240,42769181,42769181,45298137075643,428681,257782,1030451703,521549,3240,66,629969,1605,956453,15692
2025-07-30T21:30:09.438150,16724,81912,240467456,3943205,3119,42774113,42774113,45301985848889,435805,257851,1030451765,521597,3119,74,625997,1540,956480,15628
2025-07-30T21:30:14.589801,17710,80710,240467467,3788289,3119,42779087,42779087,45305791421632,431195,257877,1030451833,521645,3119,64,635161,1463,956619,16149
2025-07-30T21:30:19.786202,20401,80650,240467476,3689778,3546,42784003,42784003,45309662739878,427829,257902,1030451896,521692,3546,62,634125,1699,956725,16163
2025-07-30T21:30:24.926144,21591,82166,240467486,3823823,3324,42788923,42788923,45313535278527,434764,257928,1030451960,521741,3324,68,628432,1498,956743,15397
2025-07-30T21:30:30.067356,17104,80650,240467503,3768112,3145,42798765,42798765,45320993038691,431210,257980,1030452088,521836,3145,62,625403,1544,956903,15488
2025-07-30T21:30:35.197921,17972,83779,240467513,3706109,3248,42803673,42803673,45325048533621,443222,258006,1030452155,521884,3248,65,625312,1515,956993,15340
2025-07-30T21:30:40.343401,17410,81964,240467525,3858143,3464,42808587,42808587,45328855376655,433342,258031,1030452241,521932,3464,67,634016,1640,957096,15607
2025-07-30T21:30:45.463063,20346,82256,240467534,3913186,3480,42812712,42812712,45332558592673,455645,258057,1030452324,521979,3480,65,630497,1811,957135,16362
2025-07-30T21:30:50.587872,18313,86854,240467544,3841452,5499,42817291,42817291,45336246786833,433086,258082,1030452393,522028,5499,72,629421,1472,957230,15737
2025-07-30T21:30:55.730496,18420,83128,240467554,3836597,3253,42822242,42822242,45340264204687,435654,258108,1030452460,522075,3253,64,639695,1689,957319,16396
2025-07-30T21:31:00.891510,18103,79536,240467564,4423083,3203,42827166,42827166,45344525185953,428774,258134,1030452519,522123,3203,67,637176,1570,957416,15348
2025-07-30T21:31:06.040060,20457,81177,240467574,3627548,3722,42832085,42832085,45348434152353,432263,258159,1030452579,522171,3722,63,627176,1652,957441,15898
2025-07-30T21:31:11.172265,18075,90758,240467583,3665370,3774,42837044,42837044,45352241154840,433217,258185,1030452646,522218,3774,65,640335,1756,957462,15846
2025-07-30T21:31:16.307958,17992,87956,240467593,3778617,3179,42841987,42841987,45356042660018,434714,258211,1030452703,522266,3179,69,635104,1565,957483,15449
2025-07-30T21:31:21.465269,16945,83549,240467604,3983286,3273,42846889,42846889,45359781777244,435075,258236,1030452775,522314,3273,62,646136,1532,957503,15752
2025-07-30T21:31:26.592604,18083,81917,240467612,3989706,3109,42851827,42851827,45363766501431,431099,258262,1030452829,522360,3109,68,637835,1657,957521,15196
2025-07-30T21:31:31.715113,20283,76054,240467622,3996597,3699,42856743,42856743,45367628590668,434526,258288,1030452896,522409,3699,65,635310,1756,957619,15846
2025-07-30T21:31:36.918665,18589,84319,240467631,3854598,3190,42860981,42860983,45371256698352,425950,258314,1030452961,522456,3190,69,741966,1517,957639,15773
2025-07-30T21:31:42.048437,17667,85632,240467639,3698494,4569,42865432,42865432,45375176807796,431090,258340,1030453024,522504,4569,64,634701,1663,957741,15786
2025-07-30T21:31:47.166056,17751,84642,240467653,3824931,2918,42870375,42870375,45379031178629,442153,258366,1030453114,522553,2918,70,632750,1684,957830,16063
2025-07-30T21:31:52.297660,18510,80609,240467662,4004896,3201,42875299,42875299,45382735828927,429602,258391,1030453181,522599,3201,67,635297,1575,957850,17379
2025-07-30T21:31:57.421276,18652,82504,240467671,3784639,3071,42880248,42880248,45386564233290,432800,258417,1030453244,522647,3071,64,636512,1645,957936,15691
2025-07-30T21:32:02.547187,18724,88313,240467681,3691560,3575,42885165,42885165,45390324295141,430878,258443,1030453303,522695,3575,65,623221,1933,957955,15625
2025-07-30T21:32:07.677266,17972,74681,240467690,3771872,3232,42890095,42890095,45394128086514,438392,258468,1030453368,522742,3232,69,635489,1483,958042,16709
2025-07-30T21:32:12.834518,17691,79713,240467698,3897334,4108,42895055,42895055,45397987372192,443310,258494,1030453424,522789,4108,64,629388,1764,958062,15509
2025-07-30T21:32:17.987190,18036,88568,240467710,4052633,3331,42899974,42899974,45401901778500,426275,258519,1030453508,522837,3331,69,631554,1451,958177,15715
2025-07-30T21:32:23.116547,17597,79440,240467718,3874964,3309,42904920,42904920,45405770860025,432136,258545,1030453580,522884,3309,66,629531,1576,958279,15608
2025-07-30T21:32:28.247401,19752,78678,240467729,3978659,3591,42909321,42909321,45409475245579,430352,258609,1030453644,522932,3591,63,631548,1768,958363,15900
2025-07-30T21:32:33.382589,17026,83941,240467738,3741493,3020,42913632,42913632,45413187184836,438387,258634,1030453708,522979,3020,66,623330,1580,958509,15367
2025-07-30T21:32:38.508204,17132,87488,240467746,3763043,3215,42918560,42918560,45417065318402,434755,258660,1030453769,523026,3215,63,636487,1530,958527,15535
2025-07-30T21:32:43.641650,20770,79267,240467757,3833094,3061,42923494,42923494,45420850319134,429040,258686,1030453837,523074,3061,61,651439,1591,958611,15845
2025-07-30T21:32:48.766706,18017,84288,240467766,3763261,3332,42928428,42928428,45424544043696,431229,258712,1030453908,523121,3332,64,628934,1494,958691,15686
2025-07-30T21:32:53.911616,19276,81512,240467776,3650297,3773,42933378,42933378,45428353897061,440012,258738,1030453987,523171,3773,64,618020,1910,958807,15432
2025-07-30T21:32:59.094368,18314,80982,240467787,3822591,3248,42938317,42938317,45432229122098,432994,258764,1030454056,523219,3248,62,641083,1571,958891,15745
2025-07-30T21:33:04.202251,17283,82333,240467796,3739183,3249,42943228,42943228,45436145514528,429517,258789,1030454119,523266,3249,64,626867,1590,958913,16036
2025-07-30T21:33:09.334656,17937,79781,240467804,3909207,3459,42948159,42948159,45439946597816,433248,258815,1030454177,523313,3459,70,624940,1534,958998,15545
2025-07-30T21:33:14.594576,17144,83993,240467817,3854109,2876,42953137,42953137,45443844819339,426754,258841,1030454258,523360,2876,62,621198,1450,959081,15350
2025-07-30T21:33:19.828709,17883,82898,240467828,3778802,3592,42957575,42957575,45447825482486,438327,258867,1030454341,523407,3592,64,637128,1531,959105,16051
2025-07-30T21:33:24.972554,20455,79448,240467848,3775870,5942,42966726,42966726,45455605439919,428651,258918,1030454468,523501,5942,67,632431,1794,959169,16778
2025-07-30T21:33:30.089998,17290,80172,240467856,3840122,3230,42971654,42971654,45459301473255,429067,258944,1030454528,523548,3230,63,626944,1429,959191,16269
2025-07-30T21:33:35.214194,18499,83102,240467867,3829006,3205,42976571,42976571,45463196179197,428210,258970,1030454595,523596,3205,65,632691,1466,959209,17363
2025-07-30T21:33:40.419586,16860,79978,240467875,4039395,3198,42981493,42981493,45466893387342,431657,258996,1030454656,523643,3198,64,619492,1569,959326,15982
2025-07-30T21:33:45.559442,18416,81464,240467886,3783609,3286,42986441,42986441,45470951175491,431735,259022,1030454735,523692,3286,65,633222,1460,959409,15504
2025-07-30T21:33:50.699434,17418,80278,240467895,3769145,3254,42991388,42991388,45474800605049,436530,259048,1030454806,523739,3254,64,631928,1520,959430,15231
2025-07-30T21:33:55.828272,20491,75664,240467903,3844847,3121,42996317,42996317,45478545676568,427848,259073,1030454876,523787,3121,64,645045,1515,959450,16559
2025-07-30T21:34:01.006510,17385,75856,240467913,3781031,3503,43001271,43001271,45482415335429,430352,259099,1030454952,523840,3503,69,630961,1625,959474,15742
2025-07-30T21:34:06.136635,17406,80764,240467925,3865023,3365,43005870,43005870,45486283345347,432210,259125,1030455026,523888,3365,73,630820,1569,959494,15798
2025-07-30T21:34:11.255442,19077,79911,240467935,3768177,3626,43010186,43010186,45489913524939,433236,259151,1030455093,523934,3626,67,624453,1685,959514,15865
2025-07-30T21:34:16.391041,19734,84881,240467946,3750249,3219,43014887,43014887,45493706295140,436022,259176,1030455161,523983,3219,65,636623,1464,959618,15686
2025-07-30T21:34:21.577520,18375,77322,240467955,3849087,3287,43019805,43019805,45497585549490,435804,259202,1030455225,524030,3287,70,627288,1527,959741,15369
2025-07-30T21:34:26.721413,17301,82378,240467964,3847764,2817,43024724,43024724,45501462187312,435834,259228,1030455291,524078,2817,66,627622,1530,959792,16094
2025-07-30T21:34:31.852885,23863,82009,240467974,3973966,5523,43029636,43029636,45505252068064,434836,259254,1030455351,524126,5523,66,633723,1689,959815,15960
2025-07-30T21:34:36.989600,20396,83174,240467983,3914290,3663,43034540,43034540,45508985271436,430030,259279,1030455415,524173,3663,64,634942,1661,959909,16511
2025-07-30T21:34:42.127600,17490,88853,240467992,3941960,3584,43039454,43039454,45512875067629,434019,259305,1030455477,524221,3584,69,641932,1585,959927,15617
2025-07-30T21:34:47.300975,17688,80369,240468005,3876335,3307,43044488,43044488,45516805086702,432495,259331,1030455574,524271,3307,70,623326,1503,959962,15973
2025-07-30T21:34:52.408339,18479,80661,240468013,3870439,4003,43049415,43049415,45520568148686,434202,259357,1030455628,524318,4003,69,642074,1558,959982,15661
2025-07-30T21:34:57.536521,17850,80606,240468024,4033205,3046,43054344,43054344,45524283862176,424666,259382,1030455699,524366,3046,64,634271,1681,960000,15258
2025-07-30T21:35:02.684150,19170,78969,240468033,3810099,3509,43058524,43058524,45527973935680,435428,259408,1030455765,524412,3509,68,638720,1566,960027,15489
2025-07-30T21:35:07.861106,17074,85190,240468041,3979796,3182,43062998,43062998,45531730529500,428413,259433,1030455832,524460,3182,65,639045,1556,960086,15850
2025-07-30T21:35:12.982557,17875,80145,240468055,3990812,3033,43067954,43067954,45535628334939,436429,259460,1030455921,524510,3033,63,630459,1482,960196,15509
2025-07-30T21:35:18.105988,16921,82989,240468065,3772306,3145,43072870,43072870,45539430827365,436448,259486,1030456000,524557,3145,67,622627,1535,960246,15534
2025-07-30T21:35:23.243550,18238,82619,240468073,4093335,3301,43077773,43077773,45543283000046,429589,259511,1030456059,524604,3301,62,637633,1575,960266,15937
2025-07-30T21:35:28.384697,17345,78878,240468084,3838923,4375,43082680,43082680,45547210304514,436801,259537,1030456124,524652,4375,68,621681,1629,960294,16174
2025-07-30T21:35:33.496377,19958,88254,240468093,3997686,3584,43087596,43087596,45551101618272,432613,259563,1030456200,524698,3584,68,642009,1662,960318,15284
2025-07-30T21:35:38.615736,17705,85307,240468101,3752576,3287,43092512,43092512,45554922666427,435960,259589,1030456259,524746,3287,64,623206,1644,960371,15733
2025-07-30T21:35:43.767104,17633,77873,240468113,3768382,4060,43097428,43097428,45558805159708,432742,259615,1030456340,524794,4060,73,621812,1693,960501,16147
2025-07-30T21:35:48.932759,16684,81347,240468122,4020585,4768,43102340,43102340,45562690245742,431364,259640,1030456418,524840,4768,68,640485,1502,960519,15593
2025-07-30T21:35:54.061036,17649,80545,240468132,3774227,2994,43106950,43106950,45566527811963,432415,259665,1030456482,524889,2994,70,640092,1643,960543,16202
2025-07-30T21:35:59.214652,19910,77417,240468143,3915701,3751,43111035,43111035,45570174422081,437296,259691,1030456556,524936,3751,74,670151,1689,960567,16186
2025-07-30T21:36:04.343310,18647,81145,240468151,3855934,3306,43115951,43115951,45574100138033,423208,259717,1030456619,524984,3306,66,633820,1514,960624,15501
2025-07-30T21:36:09.631674,17479,89665,240468162,3946586,3130,43120851,43120851,45577913249418,444488,259742,1030456684,525031,3130,64,630363,1492,960656,15925
2025-07-30T21:36:14.792193,17796,81226,240468171,3853956,3196,43125805,43125805,45582102175547,435412,259768,1030456752,525079,3196,65,630223,1486,960685,16131
2025-07-30T21:36:19.936157,17298,75873,240468183,3761118,3215,43130722,43130722,45586101013988,427528,259794,1030456828,525132,3215,62,626536,1713,960796,15964
2025-07-30T21:36:25.072456,25653,82849,240468204,3774016,3756,43140530,43140530,45593579060915,432396,259845,1030456961,525226,3756,69,631527,1719,960972,15280
2025-07-30T21:36:30.220842,17168,79796,240468212,3928705,3256,43145439,43145439,45597247919405,430044,259871,1030457022,525273,3256,64,627782,1491,961003,15190
2025-07-30T21:36:35.374664,18572,83404,240468223,3743587,3131,43150355,43150355,45601142299881,431331,259897,1030457088,525321,3131,64,634269,1478,961121,15768
2025-07-30T21:36:40.510865,17632,78604,240468232,3926551,3178,43154942,43154942,45604885074413,436928,259922,1030457151,525368,3178,63,623513,1628,961209,15376
2025-07-30T21:36:45.630505,20410,83048,240468243,3676159,3769,43158999,43158999,45608641991887,434369,259948,1030457229,525416,3769,62,640313,1718,961304,16385
2025-07-30T21:36:50.782362,17502,87625,240468252,3804353,4269,43163937,43163937,45612390157495,439981,259974,1030457291,525463,4269,66,654497,1662,961331,15289
2025-07-30T21:36:55.942810,18114,79618,240468261,3797302,3299,43168871,43168871,45616269047615,435986,260000,1030457357,525511,3299,66,632019,1552,961358,16067
2025-07-30T21:37:01.078852,18221,83376,240468274,3984768,3287,43173772,43173772,45620441478807,433910,260025,1030457422,525559,3287,67,642561,1719,961387,16082
2025-07-30T21:37:06.208741,17450,77794,240468283,3925377,3118,43178678,43178678,45624283320090,437711,260051,1030457501,525606,3118,66,638111,1603,961417,15862
2025-07-30T21:37:11.338264,19604,80709,240468294,3773035,3263,43183640,43183640,45628105560807,427411,260077,1030457566,525655,3263,67,635622,1908,961450,15385
2025-07-30T21:37:16.457511,18295,87717,240468304,3692434,3393,43188535,43188535,45631905660022,428110,260102,1030457632,525702,3393,63,637733,1581,961605,15916
2025-07-30T21:37:21.580925,18197,84077,240468312,3966400,4063,43193470,43193470,45635706418500,432152,260128,1030457700,525750,4063,60,637958,1530,961706,16106
2025-07-30T21:37:26.705542,17254,79477,240468323,4161024,3289,43198389,43198389,45639620195998,436698,260154,1030457772,525799,3289,62,625698,1512,961736,16166
2025-07-30T21:37:31.811581,17541,104782,240468336,3969462,3121,43203294,43203294,45643487140104,429936,260180,1030457843,525847,3121,65,626653,1533,961763,15419
2025-07-30T21:37:36.934547,17272,81724,240468344,3988433,3216,43207448,43207448,45647174083151,439540,260206,1030457902,525894,3216,65,626386,1512,961786,16210
2025-07-30T21:37:42.062880,17550,88350,240468355,3754617,3224,43211920,43211920,45650916385236,432401,260231,1030457969,525943,3224,67,627551,1708,961809,16347
2025-07-30T21:37:47.194467,20966,77505,240468366,3811772,3307,43216842,43216842,45654748485647,427424,260257,1030458052,525990,3307,63,629030,1571,961831,15624
2025-07-30T21:37:52.330853,17857,80467,240468374,4123958,3228,43221767,43221767,45658527484091,428827,260283,1030458121,526037,3228,68,623857,1559,961961,15376
2025-07-30T21:37:57.475310,17986,81825,240468385,3759631,3264,43226680,43226680,45662277521552,435313,260308,1030458189,526084,3264,65,635649,1655,961979,15883
2025-07-30T21:38:02.621675,18223,82444,240468394,3684827,3298,43231580,43231580,45666109163496,429732,260334,1030458252,526131,3298,71,632427,1456,962003,16416
2025-07-30T21:38:07.748381,17634,84066,240468402,3887025,3281,43236491,43236491,45670009591507,438818,260360,1030458316,526178,3281,63,631127,1668,962030,15482
2025-07-30T21:38:12.879516,18231,79448,240468414,3841212,3310,43241436,43241436,45673736835334,426888,260386,1030458399,526226,3310,66,636684,1584,962048,16089
2025-07-30T21:38:18.034585,17786,77164,240468423,3818769,3657,43246331,43246331,45677611314365,433441,260412,1030458461,526273,3657,72,643732,1776,962070,15915
2025-07-30T21:38:23.168528,16952,80948,240468433,3926365,3263,43251236,43251236,45681500349892,440688,260437,1030458523,526323,3263,66,634742,1553,962184,15947
2025-07-30T21:38:28.307357,17988,79708,240468443,4013996,3214,43255410,43255410,45685102404648,433076,260463,1030458596,526370,3214,69,629721,1556,962226,15841
2025-07-30T21:38:33.445191,20279,82569,240468451,3747419,3354,43259889,43259889,45688852309963,433182,260489,1030458666,526417,3354,67,629531,1605,962310,15473
2025-07-30T21:38:38.574565,18394,79279,240468464,3900862,3063,43264782,43264782,45692658033913,437062,260514,1030458745,526467,3063,67,648977,1583,962335,15984
2025-07-30T21:38:43.732136,18030,82709,240468476,3767841,3106,43269680,43269680,45696420621142,428987,260540,1030458818,526513,3106,65,642158,1551,962355,15934
2025-07-30T21:38:48.908086,17530,79863,240468486,3935550,3098,43274590,43274590,45700347972167,424499,260567,1030458908,526561,3098,61,637088,1495,962392,16833
2025-07-30T21:38:54.018985,17645,84546,240468497,3643369,3134,43279504,43279504,45704195624209,430255,260592,1030458973,526608,3134,65,646067,1507,962414,15450
2025-07-30T21:38:59.140254,19855,84970,240468507,3782189,3946,43284403,43284403,45707940723826,437061,260617,1030459043,526654,3946,66,644237,1610,962432,16151
2025-07-30T21:39:04.300317,24617,90980,240468515,4014567,3129,43289348,43289348,45711831452346,435089,260644,1030459111,526705,3129,67,1017143,1510,962622,15281
2025-07-30T21:39:09.647943,17521,80544,240468526,3863754,3096,43294245,43294245,45715676019249,433177,260669,1030459179,526754,3096,67,619111,1505,962651,16815
2025-07-30T21:39:14.784329,16694,78561,240468535,4582958,2901,43299186,43299186,45719890200342,435732,260694,1030459247,526801,2901,73,630566,1503,962704,15814
2025-07-30T21:39:19.897243,19213,83341,240468545,3786116,3411,43303880,43303880,45723657730044,433223,260720,1030459309,526849,3411,72,637758,1587,962722,15668
2025-07-30T21:39:25.058639,18501,81992,240468564,3743808,3559,43312720,43312720,45731242844485,441242,260771,1030459435,526944,3559,62,629604,1577,962876,15791
2025-07-30T21:39:30.205656,17462,80965,240468575,3852268,3508,43317635,43317635,45735086478826,432939,260798,1030459503,526992,3508,68,628602,1599,962912,16144
2025-07-30T21:39:35.336578,17739,79042,240468584,3737076,3287,43322518,43322518,45738957529937,439311,260823,1030459561,527039,3287,64,631105,1597,962933,15060
2025-07-30T21:39:40.457496,18062,101676,240468597,4029809,3083,43327417,43327417,45742704040237,427353,260849,1030459642,527089,3083,68,632129,1586,962958,16057
2025-07-30T21:39:45.599369,17278,80327,240468608,3877815,3167,43332320,43332320,45746461073797,431153,260875,1030459721,527137,3167,71,636833,1488,963008,15348
2025-07-30T21:39:50.739698,17738,84344,240468619,3852866,3094,43337240,43337240,45750368752162,433357,260901,1030459789,527184,3094,67,640336,1631,963047,16048
2025-07-30T21:39:55.854592,17382,81501,240468628,3966213,3016,43342155,43342155,45754168343442,428989,260927,1030459849,527232,3016,65,622814,1508,963155,15853
2025-07-30T21:40:01.000326,18007,82891,240468639,3928156,3164,43347030,43347030,45757882679963,438478,260952,1030459919,527280,3164,64,633278,1416,963179,15841
2025-07-30T21:40:06.130229,17923,86906,240468647,3976033,3168,43351878,43351878,45761735781501,432398,260978,1030459978,527327,3168,69,633694,1678,963214,15699
2025-07-30T21:40:11.256654,18162,90800,240468658,3796862,3219,43356077,43356077,45765510724737,435790,261004,1030460044,527376,3219,62,657347,1692,963255,15690
2025-07-30T21:40:16.388036,17561,86973,240468667,3788317,3208,43360616,43360616,45769170923752,435357,261029,1030460114,527422,3208,65,625548,1499,963282,16529
2025-07-30T21:40:21.531976,18037,82948,240468676,4097514,3118,43365524,43365524,45773038440471,440272,261055,1030460184,527470,3118,66,637695,1505,963303,15138
2025-07-30T21:40:26.658601,17605,78237,240468688,3721771,3203,43370430,43370430,45776828956987,428056,261081,1030460258,527518,3203,69,626078,1571,963411,15591
2025-07-30T21:40:31.781686,17410,82169,240468697,3954823,3222,43375330,43375330,45780656225760,433756,261107,1030460316,527565,3222,66,625822,1448,963429,15929
2025-07-30T21:40:36.904919,17359,82493,240468707,3829499,4400,43380235,43380235,45784396827519,426457,261133,1030460387,527614,4400,65,627368,1730,963447,15694
2025-07-30T21:40:42.067225,18446,87001,240468717,3967735,2861,43385120,43385120,45788208361893,437854,261159,1030460468,527661,2861,67,647801,1526,963479,15503
2025-07-30T21:40:47.194534,17711,78244,240468725,3908460,3093,43390017,43390017,45792093256678,433497,261184,1030460552,527709,3093,67,631328,1439,963501,15965
2025-07-30T21:40:52.331760,18011,80677,240468736,3996812,3148,43394939,43394939,45795902078022,426913,261210,1030460619,527758,3148,68,635701,1583,963533,15680
2025-07-30T21:40:57.531166,17739,80774,240468749,3960588,3088,43399836,43399836,45799693265553,441174,261236,1030460697,527806,3088,67,640106,1770,963550,15313
2025-07-30T21:41:02.662773,17984,83185,240468757,3749937,3346,43404174,43404174,45803494900109,450183,261261,1030460758,527853,3346,63,626665,1499,963668,16669
2025-07-30T21:41:07.797092,19568,78516,240468767,3738489,3468,43408478,43408478,45807230590366,428186,261288,1030460824,527901,3468,70,635837,1644,963689,15378
2025-07-30T21:41:12.947026,17756,77805,240468777,3818876,3259,43413401,43413401,45811038169861,434181,261313,1030460892,527948,3259,64,628168,1585,963747,15779
2025-07-30T21:41:18.131864,17905,88405,240468785,3761157,3167,43418297,43418297,45814904495850,429553,261339,1030460957,527995,3167,69,630022,1633,963767,16251
2025-07-30T21:41:23.254002,16857,81849,240468796,3833317,3063,43423187,43423187,45818760225369,440407,261365,1030461026,528043,3063,65,628118,1450,963790,15582
2025-07-30T21:41:28.389175,17277,83321,240468806,4283339,3197,43428076,43428076,45822427207357,425548,261391,1030461093,528090,3197,62,621532,1456,963814,15918
2025-07-30T21:41:33.563252,18726,77286,240468814,3793551,3475,43432949,43432949,45826272055432,439119,261417,1030461149,528138,3475,66,630705,1598,963932,15331
2025-07-30T21:41:38.702114,18147,81335,240468825,3703570,3152,43437851,43437851,45830227095799,436046,261442,1030461219,528185,3152,63,634991,1566,963959,16737
2025-07-30T21:41:43.845417,18439,79922,240468834,3792580,3262,43442739,43442739,45833942010254,427927,261468,1030461279,528232,3262,65,635820,1537,964045,15707
2025-07-30T21:41:48.982684,17886,80495,240468845,3679828,4714,43447644,43447644,45837753399199,434990,261494,1030461355,528281,4714,67,631961,1574,964165,15621
2025-07-30T21:41:54.093342,18050,79793,240468856,3839287,3159,43452465,43452465,45841561618645,427884,261519,1030461425,528328,3159,68,628613,1502,964249,15566
2025-07-30T21:41:59.220559,20542,81661,240468865,3851733,3650,43456765,43456765,45845203173393,438059,261545,1030461505,528376,3650,63,631817,1614,964332,16266
2025-07-30T21:42:04.357208,18102,84805,240468878,3816556,3073,43461210,43461210,45848939638329,434222,261571,1030461578,528426,3073,66,639313,1514,964356,16076
2025-07-30T21:42:09.490103,17139,79688,240468887,3877406,3292,43466108,43466108,45852813686186,439154,261597,1030461644,528473,3292,59,634431,1476,964443,15450
2025-07-30T21:42:14.651199,18230,78082,240468896,3921685,3784,43471070,43471070,45856638753575,432498,261623,1030461706,528521,3784,64,633718,1455,964466,15961
2025-07-30T21:42:19.790667,17691,75796,240468906,4016959,3275,43475976,43475976,45860528985026,426012,261649,1030461767,528569,3275,58,643650,1555,964488,15348
2025-07-30T21:42:24.924095,18328,80569,240468916,3705888,3201,43480892,43480892,45864345574882,435039,261674,1030461848,528616,3201,59,628754,1499,964548,16225
2025-07-30T21:42:30.085772,19255,86696,240468936,3796908,3690,43490702,43490702,45871897717275,430416,261726,1030461978,528712,3690,64,632987,1643,964671,16088
2025-07-30T21:42:35.229297,17724,84648,240468944,3744697,3150,43495592,43495592,45875710050058,430074,261751,1030462034,528758,3150,65,621864,1616,964807,15542
2025-07-30T21:42:40.360102,18046,83306,240468955,3983618,3131,43500480,43500480,45879575549234,429329,261777,1030462100,528806,3131,61,637936,1477,964825,15389
2025-07-30T21:42:45.502169,18133,80168,240468964,3952122,3330,43505149,43505149,45883283747893,436314,261804,1030462172,528853,3330,62,635087,1609,964843,15186
2025-07-30T21:42:50.666364,20385,84823,240468973,3847256,3725,43509167,43509167,45886934185309,426879,261829,1030462237,528900,3725,64,647728,1584,964861,15785
2025-07-30T21:42:55.799211,17085,84771,240468985,3700078,4423,43514083,43514083,45890845629259,425666,261855,1030462310,528947,4423,66,630931,1591,964888,15905
2025-07-30T21:43:00.935041,18732,78686,240468996,3661884,3127,43519018,43519018,45895093317603,433445,261881,1030462372,528994,3127,61,647306,1460,964931,15593
2025-07-30T21:43:06.090750,17927,80883,240469006,4048330,3225,43523909,43523909,45898927805305,434481,261906,1030462452,529044,3225,64,634687,1532,965051,15852
2025-07-30T21:43:11.211749,18540,81940,240469018,3945006,3353,43528840,43528840,45902729312005,439771,261931,1030462522,529092,3353,65,636797,1572,965082,15498
2025-07-30T21:43:16.347565,19698,88816,240469027,3810613,3059,43533744,43533744,45906492514460,429035,261958,1030462587,529139,3059,63,632397,1637,965171,15861
2025-07-30T21:43:21.487676,17901,82085,240469036,3674741,3509,43538646,43538646,45910321785575,437295,261983,1030462658,529187,3509,65,622904,1676,965258,15941
2025-07-30T21:43:26.624905,17243,77018,240469048,3907642,5196,43543536,43543536,45914177707711,431889,262009,1030462732,529235,5196,66,622676,1641,965348,15349
2025-07-30T21:43:31.759869,18278,81297,240469056,4018505,3373,43548438,43548438,45917910040612,432782,262034,1030462791,529282,3373,71,641397,1649,965374,16012
2025-07-30T21:43:36.902327,18059,85038,240469066,3892288,3075,43553285,43553285,45921784270287,431050,262060,1030462869,529332,3075,82,630859,1590,965500,16257
2025-07-30T21:43:42.038630,16443,78434,240469076,4013760,3592,43557402,43557402,45925478339837,429758,262086,1030462936,529378,3592,74,630379,1397,965530,16166
2025-07-30T21:43:47.200508,17416,83944,240469084,3816553,3191,43561985,43561985,45929249714918,432006,262112,1030463008,529425,3191,65,633235,1593,965560,15228
2025-07-30T21:43:52.330456,18365,76644,240469097,3820307,3161,43566903,43566903,45933067924028,429775,262138,1030463076,529472,3161,65,626183,1589,965578,15642
2025-07-30T21:43:57.456558,17140,82285,240469106,3776613,3408,43571837,43571837,45936969680201,445270,262164,1030463140,529519,3408,69,626220,1569,965596,15723
2025-07-30T21:44:02.583834,17533,81462,240469116,3888641,3045,43576785,43576785,45940714177805,427466,262190,1030463213,529573,3045,60,639420,1480,965618,15945
2025-07-30T21:44:07.725704,17642,79141,240469125,3847711,4286,43581680,43581680,45944504936251,436253,262216,1030463274,529620,4286,66,633074,1675,965644,15457
2025-07-30T21:44:12.885656,19566,82632,240469135,3852878,3231,43586627,43586627,45948368546550,427105,262242,1030463347,529667,3231,62,629729,1511,965758,15679
2025-07-30T21:44:18.045283,17753,88644,240469147,3862062,3058,43591515,43591515,45952307425375,425167,262267,1030463420,529716,3058,70,638442,1403,965836,15934
2025-07-30T21:44:23.179038,17362,82788,240469160,3763085,3297,43596424,43596424,45956089312095,435204,262293,1030463497,529763,3297,68,628010,1670,965860,15745
2025-07-30T21:44:28.311134,18306,84653,240469168,3901424,3274,43601331,43601331,45959909442407,444633,262319,1030463561,529811,3274,64,632145,1524,965878,15663
2025-07-30T21:44:33.440674,17765,83617,240469178,3736659,3343,43605542,43605542,45963554044563,437167,262345,1030463625,529860,3343,65,623549,1703,965895,17048
2025-07-30T21:44:38.586009,21017,78968,240469187,3805555,3890,43609972,43609972,45967263301400,430223,262370,1030463689,529906,3890,73,647128,1575,965913,15525
2025-07-30T21:44:43.720608,18243,78054,240469195,3816507,3272,43614889,43614889,45971125346630,445394,262396,1030463749,529954,3272,65,631493,1594,966021,15890
2025-07-30T21:44:48.877391,17834,109449,240469205,3852594,3263,43619912,43619912,45974940973220,439939,262422,1030463846,530004,3263,62,634562,1612,966142,16033
2025-07-30T21:44:54.020020,17260,80108,240469215,3897658,3359,43624837,43624837,45978815248461,433375,262448,1030463912,530050,3359,70,630926,1588,966163,15930
2025-07-30T21:44:59.155814,17885,84237,240469223,3841425,3264,43629742,43629742,45982602435407,450526,262473,1030463971,530098,3264,63,630255,1542,966275,16431
2025-07-30T21:45:04.270491,18057,78685,240469234,3914581,3434,43634656,43634656,45986418808483,437110,262499,1030464037,530146,3434,65,625002,1471,966363,15343
2025-07-30T21:45:09.414496,17843,82608,240469242,3746917,3316,43639576,43639576,45990275136625,436590,262525,1030464097,530192,3316,68,632530,1580,966454,16444
2025-07-30T21:45:14.569744,17084,82514,240469252,3879517,3301,43644531,43644531,45994107742902,434510,262551,1030464159,530240,3301,66,624687,1696,966542,15945
2025-07-30T21:45:19.693827,17533,80110,240469261,3828930,3654,43649438,43649438,45998049529245,433062,262577,1030464234,530287,3654,66,638272,1499,966566,16164
2025-07-30T21:45:24.832040,16890,81030,240469270,3913802,3170,43653847,43653847,46001729160483,432036,262603,1030464303,530334,3170,61,629723,1456,966670,15616
2025-07-30T21:45:29.971077,17527,81688,240469292,3978426,2832,43663006,43663006,46009398799566,428363,262654,1030464453,530431,2832,61,633595,1617,966802,16335
2025-07-30T21:45:35.091385,19948,81389,240469300,3864664,3947,43667899,43667899,46013140793161,423482,262680,1030464515,530479,3947,62,632804,1676,966896,15694
2025-07-30T21:45:40.225725,18403,83572,240469310,3723090,3379,43672827,43672827,46016907159658,429536,262706,1030464574,530527,3379,64,630656,1594,966998,15557
2025-07-30T21:45:45.342482,17646,81604,240469319,3896251,3207,43677727,43677727,46020805104013,432335,262732,1030464655,530574,3207,70,634747,1595,967102,15779
2025-07-30T21:45:50.480450,17224,78143,240469329,4295409,3104,43682658,43682658,46024687565071,437788,262757,1030464714,530622,3104,66,633728,1640,967194,15668
2025-07-30T21:45:55.619295,22412,84235,240469340,3780450,3893,43687587,43687587,46028465440210,437590,262783,1030464780,530670,3893,64,643318,1652,967211,15488
2025-07-30T21:46:00.803473,17486,86650,240469348,3774077,2959,43692483,43692483,46032282178396,434959,262808,1030464836,530717,2959,66,631291,1457,967307,16148
2025-07-30T21:46:05.936304,17983,78308,240469358,3744614,3059,43697398,43697398,46036262558622,435716,262834,1030464898,530766,3059,62,635402,1532,967410,16005
2025-07-30T21:46:11.074993,18406,78899,240469367,3869226,3314,43702247,43702247,46039981022814,424117,262860,1030464974,530813,3314,77,633806,1919,967496,15112
2025-07-30T21:46:16.207163,17671,76657,240469376,3864237,3010,43706101,43706101,46043694147825,433325,262886,1030465051,530864,3010,65,634241,1472,967519,15198
2025-07-30T21:46:21.336843,20585,81348,240469388,4041814,3781,43711000,43711000,46047545347888,430745,262911,1030465122,530912,3781,66,625992,1731,967547,16729
2025-07-30T21:46:26.484349,18270,86453,240469396,3793584,3305,43715903,43715903,46051275336884,433437,262937,1030465182,530959,3305,66,630298,1652,967571,15549
2025-07-30T21:46:31.647893,17589,79761,240469406,4023040,3156,43720826,43720826,46055161136718,440480,262963,1030465258,531009,3156,63,620167,1528,967593,15368
2025-07-30T21:46:36.765181,18802,77686,240469417,3828366,2873,43725733,43725733,46059016154050,430277,262989,1030465324,531057,2873,70,631046,1526,967610,16001
2025-07-30T21:46:41.911966,17735,93089,240469426,3884237,3200,43730648,43730648,46062727951329,429757,263015,1030465390,531103,3200,71,635367,1515,967722,15636
2025-07-30T21:46:47.040476,19977,84504,240469434,3763241,3428,43735543,43735543,46066514233173,431307,263040,1030465456,531151,3428,60,632868,1665,967764,16213
2025-07-30T21:46:52.190434,17438,85368,240469446,3761027,3171,43740468,43740468,46070325277417,434493,263065,1030465535,531199,3171,65,629669,1577,967786,16648
2025-07-30T21:46:57.333721,18827,79982,240469454,3837393,5056,43745412,43745412,46074093260757,431477,263092,1030465593,531246,5056,67,634209,1687,967808,15526
2025-07-30T21:47:02.456258,17346,82227,240469464,4402708,3933,43750306,43750306,46077901813930,436599,263117,1030465655,531295,3933,69,625614,1807,967836,16101
2025-07-30T21:47:07.585897,17780,80492,240469473,3828958,3323,43754452,43754452,46081601604411,429979,263143,1030465722,531342,3323,73,646648,1477,967863,15670
2025-07-30T21:47:12.717219,17539,85765,240469481,4173050,3178,43759006,43759006,46085290162313,440287,263169,1030465779,531390,3178,66,632651,1485,967885,16692
2025-07-30T21:47:17.858776,18170,88033,240469491,3872876,3363,43763917,43763917,46089125954236,431361,263195,1030465841,531438,3363,61,631890,1512,968008,15440
2025-07-30T21:47:22.989157,17610,82822,240469501,3749107,3256,43768842,43768842,46093000536304,432637,263220,1030465913,531484,3256,63,634316,1698,968053,15290
2025-07-30T21:47:28.098734,17762,80506,240469509,3717067,3276,43773771,43773771,46096923911892,433818,263247,1030465967,531531,3276,67,634101,1515,968256,15337
2025-07-30T21:47:33.243322,17623,77392,240469520,4113028,3020,43778668,43778668,46100708409544,428709,263272,1030466035,531579,3020,64,627935,1571,968280,15639
2025-07-30T21:47:38.403244,18306,76869,240469528,3941748,3508,43783581,43783581,46104596999145,441527,263298,1030466100,531626,3508,68,634784,1494,968374,15931
2025-07-30T21:47:43.549891,18995,82956,240469538,3818452,3403,43788494,43788494,46108396716450,430718,263324,1030466174,531676,3403,71,634698,1819,968458,15701
2025-07-30T21:47:48.703715,18225,85101,240469550,3862787,3211,43793410,43793410,46112232821893,432310,263350,1030466256,531724,3211,68,637819,1590,968582,15914
2025-07-30T21:47:53.825594,17470,92378,240469559,3900180,3160,43798332,43798332,46116216528892,435157,263376,1030466318,531771,3160,58,626968,1553,968682,15636
2025-07-30T21:47:58.966790,18671,81125,240469569,3971480,3215,43802664,43802665,46119789626871,438158,263402,1030466386,531819,3215,63,642437,1589,968702,16107
2025-07-30T21:48:04.092208,18395,75700,240469579,3840190,3295,43807013,43807013,46123554942405,430851,263427,1030466460,531865,3295,65,648442,1635,968799,16222
2025-07-30T21:48:09.219550,18359,80913,240469587,3887889,3051,43811916,43811916,46127345182812,428315,263453,1030466521,531913,3051,66,643908,1646,968892,15939
2025-07-30T21:48:14.352064,18771,86119,240469597,3859440,3378,43816873,43816873,46131124352281,432811,263479,1030466580,531960,3378,66,652265,1442,969006,16170
2025-07-30T21:48:19.508965,17694,85244,240469606,3959903,3344,43821781,43821781,46135082409402,432512,263505,1030466643,532007,3344,65,627517,1648,969112,15369
2025-07-30T21:48:24.631209,17671,81929,240469615,3775400,3111,43826688,43826688,46138861107600,438261,263531,1030466707,532055,3111,106,641665,1409,969137,16024
2025-07-30T21:48:29.771524,17594,81061,240469626,3812840,3017,43831573,43831573,46142563535513,434397,263556,1030466775,532102,3017,62,622302,1625,969223,15576
2025-07-30T21:48:34.933422,24166,82765,240469634,3844052,3108,43836486,43836486,46146435125972,427493,263582,1030466844,532149,3108,69,637477,1537,969309,16904
2025-07-30T21:48:40.093348,18948,82788,240469653,3833576,3359,43846288,43846288,46153999002566,431956,263633,1030466977,532245,3359,160,642207,1636,969489,15257
2025-07-30T21:48:45.223981,18550,81252,240469661,3951197,3121,43850774,43850774,46157775833107,429526,263660,1030467057,532292,3121,62,643124,1464,969623,15732
2025-07-30T21:48:50.367788,17559,81111,240469675,3721440,3398,43854969,43854969,46161386096616,428062,263686,1030467147,532342,3398,69,625015,1572,969643,15810
2025-07-30T21:48:55.525701,17438,80417,240469684,3898949,3028,43859898,43859898,46165253801342,438459,263711,1030467214,532389,3028,69,635145,1470,969749,15778
2025-07-30T21:49:00.647115,20287,81970,240469694,3811870,3564,43864854,43864854,46169541837851,435466,263737,1030467284,532441,3564,69,627282,1570,969769,15255
2025-07-30T21:49:05.780841,17642,84089,240469704,3905545,3182,43869747,43869747,46173279305782,434677,263763,1030467347,532490,3182,62,639688,1704,969792,15979
2025-07-30T21:49:11.087669,18414,76657,240469713,3683159,2909,43874704,43874704,46179295419037,434791,263789,1030669125,532537,2909,70,637699,1629,969812,17144
2025-07-30T21:49:16.390665,21164,90644,240469721,4082914,4247,43879621,43879621,46189501333580,429534,263815,1031203153,532585,4247,64,627746,1612,969836,24213
2025-07-30T21:49:21.763650,23555,90640,240469732,4115483,4067,43883319,43883319,46197470279653,446613,263838,1031676541,532624,4067,64,1623826,1591,969858,23267
2025-07-30T21:49:27.032556,21190,90908,240469741,9033796,4137,43888155,43888155,46206435951049,1005800,263859,1032185484,532674,4137,64,634124,1727,969970,24904
2025-07-30T21:49:32.488907,20123,89566,240469751,4192003,3939,43893029,43893029,46215458631362,430716,263883,1032709724,532722,3939,65,631576,1637,970010,23599
2025-07-30T21:49:38.409925,23777,101305,240469760,4131460,3873,43897885,43897885,46224399093120,1184732,263906,1033202223,532769,3873,73,1478287,1858,970028,25093
2025-07-30T21:49:43.789207,21111,104130,240469769,3998765,3849,43902743,43902743,46233399239640,425671,263929,1033712675,532811,3849,64,637770,1751,970050,15492
2025-07-30T21:49:49.157591,24823,89560,240469782,8887840,3680,43907601,43907601,46242848397523,436183,263953,1034246319,532858,3680,68,1745760,1689,970068,16051
2025-07-30T21:49:54.494112,20621,86804,240469790,4165593,3988,43912463,43912463,46251840740359,429126,263974,1034756923,532902,3988,68,635330,1706,970092,16658
2025-07-30T21:49:59.858599,23805,97107,240469801,9197971,3989,43917391,43917391,46261345462623,1163957,263999,1035294735,532952,3989,61,1650536,1687,970200,24766
2025-07-30T21:50:05.006353,23262,100139,240469825,4029552,3937,43925971,43925971,46278041657746,425764,264044,1036228065,533039,3937,71,1508433,1655,970285,15981
2025-07-30T21:50:10.467513,20108,93371,240469833,4161053,4099,43930875,43930875,46286745263894,447346,264067,1036727365,533084,4099,64,624412,1520,970304,24097
2025-07-30T21:50:16.166453,20710,127811,240469845,4115774,4265,43935754,43935754,46296028971691,1143670,264090,1037260858,533130,4265,64,641843,1701,970322,16764
2025-07-30T21:50:21.453257,25661,99616,240469851,4048418,4395,43940646,43940646,46305022373726,440717,264114,1037781820,533170,4395,64,1614521,1885,970340,15944
2025-07-30T21:50:26.594025,20859,105039,240469862,9137302,4019,43945540,43945540,46314185832939,425335,264138,1038310994,533222,4019,64,636184,1732,970451,15668
2025-07-30T21:50:32.026108,21588,100784,240469872,4089778,3852,43950419,43950419,46323389847166,1110978,264160,1038830996,533262,3852,65,630718,1790,970551,24610
2025-07-30T21:50:37.419333,24353,96891,240469882,4538577,4224,43955308,43955308,46332438009831,1089791,264183,1039355802,533314,4224,66,1642241,1589,970560,15415
2025-07-30T21:50:42.912611,28675,99650,240469891,9246606,4344,43960237,43960237,46341557343516,1178676,264208,1039887146,533355,4344,70,818992,1678,970582,25550
2025-07-30T21:50:49.171700,24653,90153,240469899,5149823,4618,43964682,43964682,46350658304766,446049,264230,1040387538,533399,4618,64,1474723,1708,970624,24530
2025-07-30T21:50:54.581035,23619,90623,240469906,4121090,4285,43968853,43968853,46360094992544,432215,264254,1040892859,533440,4285,72,1505131,1625,970641,24303
2025-07-30T21:51:00.225076,20302,102659,240469926,9157691,4454,43978617,43978617,46378082307565,428398,264300,1041945450,533528,4454,66,633404,1755,970681,15756
2025-07-30T21:51:05.442133,24180,92344,240469937,4077833,3900,43983484,43983484,46386346813936,430821,264324,1042393361,533577,3900,66,1520490,1693,970726,24578
2025-07-30T21:51:11.070842,20834,91618,240469948,4051626,4045,43988421,43988421,46395283415066,434697,264347,1042893853,533620,4045,66,640500,1748,970842,15618
2025-07-30T21:51:16.985731,21278,94120,240469957,4093392,4795,43993281,43993281,46404605639251,1215912,264368,1043422868,533671,4795,70,636596,1973,970862,16465
2025-07-30T21:51:22.199419,21400,91408,240469966,4035970,4366,43997569,43997569,46413609849426,1139965,264393,1043959029,533707,4366,66,648997,1602,970880,15946
2025-07-30T21:51:27.648060,23468,97020,240469976,8820833,4087,44001882,44001882,46422765091653,499142,264415,1044483962,533752,4087,63,1598783,1625,970903,15663
2025-07-30T21:51:33.532620,22116,100004,240469986,4244847,4735,44006776,44006776,46431873443618,437751,264439,1045017070,533802,4735,69,769938,1661,970923,26688
2025-07-30T21:51:39.198585,23351,103050,240469995,8528277,3821,44011656,44011656,46441075154541,1097036,264462,1045525470,533838,3821,63,1522275,1583,970965,25441
2025-07-30T21:51:45.179825,20902,88036,240470012,4155154,4419,44021423,44021423,46459406367504,560082,264507,1046568556,533930,4419,67,634058,1794,971111,15703
2025-07-30T21:51:51.058271,22812,114107,240470024,4246307,3950,44026359,44026359,46468553066121,1134763,264532,1047105962,533977,3950,72,653386,1650,971131,15923
2025-07-30T21:51:56.768315,22326,88562,240470033,9562644,4338,44030873,44030873,46477634401099,431540,264555,1047624224,534026,4338,68,801047,1591,971153,25801
2025-07-30T21:52:02.047607,25010,88325,240470044,8683318,3920,44034962,44034962,46486559904090,440605,264577,1048131745,534082,3920,64,1543868,1595,971177,25480
2025-07-30T21:52:07.215289,23204,112585,240470055,4195661,3868,44039856,44039856,46494802929067,439952,264601,1048579627,534135,3868,65,1362242,1923,971204,24185
2025-07-30T21:52:12.600055,20868,95408,240470064,8694971,4398,44044792,44044792,46503625134775,1164941,264625,1049090513,534170,4398,66,631585,1632,971258,22651
2025-07-30T21:52:18.522022,22962,100563,240470080,4197650,3765,44049678,44049678,46512726381171,431398,264649,1049622451,534221,3765,69,1663888,1653,971383,15990
2025-07-30T21:52:23.872240,21361,88336,240470089,4082863,4079,44054582,44054582,46521881118223,1230368,264672,1050151343,534267,4079,69,631698,1545,971409,15328
2025-07-30T21:52:30.498173,20835,105704,240470111,4160792,3729,44064334,44064334,46540023816819,1123976,264718,1051213455,534369,3729,69,645452,1704,971700,15959
2025-07-30T21:52:36.202044,24215,88692,240470122,4123200,4070,44069225,44069225,46549380278031,433527,264742,1051738696,534420,4070,63,1641841,1684,971808,24965
2025-07-30T21:52:41.637201,23993,111079,240470131,8932227,3937,44072949,44072949,46558164393579,429118,264766,1052262512,534465,3937,66,633459,1694,971830,16099
2025-07-30T21:52:47.252541,20446,91264,240470143,4049265,4249,44077807,44077807,46567216916890,434633,264788,1052778520,534517,4249,64,628276,1615,971950,23757
2025-07-30T21:52:52.665311,20276,90326,240470154,8735141,3786,44082724,44082724,46576244811434,1163629,264813,1053314199,534557,3786,77,639630,1723,971972,24876
2025-07-30T21:52:58.127362,24864,90196,240470165,4034826,4873,44087605,44087605,46585460050505,431387,264836,1053855973,534606,4873,65,1601862,1981,971992,15920
2025-07-30T21:53:03.313196,23575,98489,240470174,4514647,4420,44092481,44092481,46594415661118,432518,264860,1054386576,534641,4420,66,1676853,1732,972019,15981
2025-07-30T21:53:08.543256,18444,89148,240470183,4092120,3987,44097360,44097360,46602927637912,426994,264884,1054846854,534688,3987,68,626064,1595,972044,15899
2025-07-30T21:53:13.893525,20755,88088,240470194,3990971,3944,44101513,44101513,46611724650219,427668,264908,1055357960,534736,3944,69,633332,1685,972096,24653
2025-07-30T21:53:19.325867,24639,92202,240470204,8351518,6072,44105959,44105959,46620865632654,1161493,264929,1055893679,534772,6072,64,630167,2021,972192,15802
2025-07-30T21:53:24.707863,20973,89492,240470219,9114852,3868,44110830,44110830,46629947369979,1054825,264952,1056426959,534829,3868,72,626013,1612,972216,15903
2025-07-30T21:53:30.390922,24080,95095,240470241,4106615,3911,44120545,44120545,46648349256583,438664,264998,1057483777,534926,3911,68,1684098,1664,972264,16085
2025-07-30T21:53:35.844535,23608,100617,240470249,8719907,3771,44125438,44125438,46657832657370,1107399,265022,1058017574,534974,3771,65,1634850,1592,972292,16122
2025-07-30T21:53:41.765919,21073,96011,240470262,9281368,4480,44130299,44130299,46666558279659,433553,265045,1058521149,535013,4480,64,623700,1718,972313,15346
