timestamp,node-stores,bus_access,skb_kfree_skb,cpu_cycles,l2d_cache_wb_victim,syscalls_sys_enter_fcntl,sched_sched_stat_runtime,st_spec,syscalls_sys_enter_kill,fib_fib_table_lookup,sock_inet_sock_set_state,l2d_cache_wb,unaligned_st_spec,mem_access_rd,l2d_cache_refill_wr,mmc_mmc_request_start,br_mis_pred,benign_prob,attack_prob,prediction
2025-07-30T15:49:07.534269,18957,85581,12.0,4039792,3653,4697.0,3696383799.0,433512,25.0,74.0,49.0,3653,66,627200,1802,113.0,15437,0.90668195,0.09331807,0
2025-07-30T15:49:13.121821,18008,86700,10.0,3841107,3057,4749.0,3886960179.0,435798,26.0,64.0,46.0,3057,65,640021,1483,106.0,15848,0.8666691,0.1333309,0
2025-07-30T15:49:19.001867,17939,79881,7.0,3876611,3180,4643.0,7506669456.0,431309,24.0,388734.0,41.0,3180,64,636952,1507,106.0,16171,0.43038905,0.56961095,1
2025-07-30T15:49:24.674921,20599,86541,11.0,4074353,4031,4634.0,8846067793.0,992512,23.0,514340.0,46.0,4031,66,628618,1866,94.0,15920,0.26340044,0.73659956,1
2025-07-30T15:49:30.577016,31050,91397,7.0,4709057,3906,4614.0,8746004200.0,434159,22.0,516025.0,34.0,3906,63,1735582,1735,20.0,16545,0.2601819,0.7398181,1
2025-07-30T15:49:36.018810,21889,90981,21.0,8717300,4063,9286.0,18365473014.0,1112039,47.0,1061805.0,101.0,4063,66,1371189,1735,203.0,24628,0.007989645,0.99201035,1
2025-07-30T15:49:41.378255,21298,96951,9.0,3987495,3895,3547.0,8902663467.0,433845,23.0,536637.0,42.0,3895,62,637989,1755,118.0,15535,0.009102166,0.99089783,1
2025-07-30T15:49:46.728342,20779,106410,13.0,8822160,3758,4614.0,9111727102.0,1093289,23.0,531103.0,46.0,3758,63,638742,1702,25.0,25620,0.0051454306,0.99485457,1
2025-07-30T15:49:52.166976,23261,92825,14.0,4082449,4167,4667.0,9226671705.0,436118,23.0,534855.0,40.0,4167,67,1635006,1732,97.0,15983,0.0014687777,0.9985312,1
2025-07-30T15:49:57.520464,23319,101948,11.0,4198670,4066,4637.0,8811831290.0,430441,23.0,513591.0,50.0,4066,68,1578727,1754,38.0,25043,0.00934875,0.99065125,1
2025-07-30T15:50:02.653512,22966,99300,11.0,9331524,3747,4620.0,9222426362.0,1130908,23.0,527076.0,42.0,3747,159,1618428,1575,134.0,24571,0.011668205,0.9883318,1
2025-07-30T15:50:07.992493,21217,90398,11.0,9058229,3938,4668.0,9248562851.0,541065,25.0,559696.0,45.0,3938,59,634892,1844,120.0,28833,0.0036539435,0.99634606,1
2025-07-30T15:50:13.626416,22566,100120,9.0,3870920,4371,4714.0,8612967269.0,734214,23.0,451219.0,51.0,4371,66,660106,1793,114.0,16433,0.0027105808,0.9972894,1
2025-07-30T15:50:19.543942,20722,89617,13.0,3957910,4165,4243.0,9020869117.0,432269,25.0,548443.0,49.0,4165,65,646846,1671,24.0,15366,0.3119619,0.6880381,1
2025-07-30T15:50:25.490538,22838,86424,11.0,4551696,3842,3946.0,8857607129.0,446619,21.0,522278.0,38.0,3842,65,1630817,1640,102.0,24997,0.01946044,0.98053956,1
2025-07-30T15:50:31.158185,21130,98798,20.0,9058356,3800,9287.0,17877339838.0,428112,45.0,1071551.0,88.0,3800,65,633580,1661,105.0,15340,0.0066289306,0.99337107,1
2025-07-30T15:50:36.797119,19544,90132,12.0,8507314,4187,4638.0,9074335640.0,1120794,23.0,532261.0,51.0,4187,67,624241,1621,105.0,25713,0.0038583875,0.9961416,1
2025-07-30T15:50:42.457134,21018,91348,11.0,4091045,4103,4668.0,9175860269.0,440893,23.0,538247.0,41.0,4103,69,631991,1861,90.0,15530,0.0031926036,0.9968074,1
2025-07-30T15:50:48.063053,23151,94190,8.0,8734440,4136,4625.0,9125695185.0,434003,22.0,539930.0,37.0,4136,69,1647602,1634,88.0,15809,0.00994724,0.99005276,1
2025-07-30T15:50:53.314087,24426,92365,10.0,4091859,4578,4657.0,9178960190.0,433873,21.0,547809.0,45.0,4578,63,1722308,1719,44.0,16036,0.0022773743,0.9977226,1
2025-07-30T15:50:58.714949,23556,90117,11.0,4060022,3460,4696.0,9036181749.0,1128626,24.0,534082.0,53.0,3460,64,1770878,1846,111.0,15846,0.017087042,0.98291296,1
2025-07-30T15:51:03.857045,20227,92024,10.0,8809694,3702,3563.0,9091067625.0,1165150,23.0,535898.0,36.0,3702,69,627719,1682,113.0,16383,0.0045660734,0.9954339,1
2025-07-30T15:51:09.390047,20288,88273,9.0,4037024,4345,4669.0,9316702461.0,430375,24.0,539470.0,49.0,4345,63,627973,1611,102.0,15728,0.0046857595,0.99531424,1
2025-07-30T15:51:15.007934,20448,99700,11.0,4891403,3523,4734.0,8618658199.0,1092518,23.0,467906.0,41.0,3523,62,635224,1710,17.0,15915,0.16183567,0.8381643,1
2025-07-30T15:51:21.155326,20656,94840,18.0,4014205,4104,9300.0,18757916052.0,430739,46.0,1083949.0,100.0,4104,68,638438,1607,202.0,25225,0.08501494,0.91498506,1
2025-07-30T15:51:26.600230,23678,90120,12.0,4025714,3810,4653.0,8829184491.0,429009,23.0,530570.0,46.0,3810,70,1745676,1620,20.0,16840,0.021811008,0.978189,1
2025-07-30T15:51:32.284547,24263,98486,10.0,4152654,3543,4653.0,9131134804.0,450126,23.0,535677.0,51.0,3543,59,1651015,1750,110.0,15703,0.023009658,0.97699034,1
2025-07-30T15:51:38.187382,20387,112685,12.0,4335962,3978,4656.0,9038159368.0,430990,23.0,541953.0,45.0,3978,67,639441,1762,112.0,25103,0.0097029805,0.990297,1
2025-07-30T15:51:43.882189,23861,90344,9.0,4919526,4581,4424.0,9235527012.0,1072418,24.0,547068.0,41.0,4581,66,1650059,1732,120.0,16008,0.0022012591,0.99779874,1
2025-07-30T15:51:49.224525,20678,100133,11.0,4132295,4459,4235.0,8825010081.0,1117373,23.0,544483.0,53.0,4459,67,633536,1727,18.0,26049,0.0037602186,0.9962398,1
2025-07-30T15:51:54.894546,21181,89949,16.0,8310211,3544,4275.0,9000228646.0,1174284,24.0,529479.0,48.0,3544,66,640056,1702,96.0,16127,0.0018990636,0.99810094,1
2025-07-30T15:52:00.911346,22718,88425,16.0,9075050,4251,4688.0,9034188030.0,1007895,24.0,528170.0,48.0,4251,68,1638355,1725,106.0,17305,0.0015895963,0.9984104,1
2025-07-30T15:52:06.594802,24921,93240,20.0,4130802,3493,9275.0,17912784753.0,433693,45.0,1071981.0,98.0,3493,65,1660111,1593,137.0,25613,0.0060229897,0.993977,1
2025-07-30T15:52:12.511894,20258,101372,6.0,4384088,3812,4739.0,8694868743.0,1086786,24.0,490184.0,36.0,3812,73,640608,1673,92.0,18536,0.01211524,0.98788476,1
2025-07-30T15:52:17.646305,21451,90977,13.0,8655120,4788,4645.0,9048611856.0,1175191,23.0,531307.0,57.0,4788,68,637179,1706,86.0,15693,0.004200101,0.9957999,1
2025-07-30T15:52:24.009328,20161,86157,9.0,4073525,4454,4666.0,9330876320.0,430919,24.0,535724.0,41.0,4454,64,628735,1681,80.0,15445,0.0075971484,0.99240285,1
2025-07-30T15:52:29.923199,20748,86863,9.0,4170373,3768,4687.0,9245804297.0,1115696,24.0,539968.0,48.0,3768,65,635663,1635,75.0,22271,0.056447923,0.9435521,1
2025-07-30T15:52:36.311998,20560,103623,15.0,8785169,4287,4666.0,9327556518.0,1174283,25.0,542421.0,64.0,4287,64,630787,1762,24.0,16001,0.0032665133,0.9967335,1
2025-07-30T15:52:42.415985,20719,89307,22.0,4140766,3751,8174.0,17925168468.0,432427,44.0,1062909.0,83.0,3751,76,634578,1872,221.0,25209,0.004794121,0.9952059,1
2025-07-30T15:52:47.844128,20944,99140,12.0,9484995,3916,4637.0,9465457409.0,1237590,23.0,541323.0,51.0,3916,66,632331,1708,100.0,15588,0.003916383,0.9960836,1
2025-07-30T15:52:53.266284,22422,101033,13.0,4145432,3984,4656.0,8937381148.0,432964,22.0,537467.0,51.0,3984,65,634127,1670,24.0,15401,0.004405737,0.99559426,1
2025-07-30T15:52:58.736273,23083,96336,9.0,8379881,4014,4681.0,9031289238.0,1082469,24.0,531153.0,42.0,4014,67,1475464,1666,114.0,17698,0.0064091682,0.99359083,1
2025-07-30T15:53:03.867415,24463,86362,13.0,4030523,3844,4670.0,9504242932.0,1128154,23.0,545821.0,42.0,3844,62,1637601,1699,97.0,25399,0.0024263859,0.9975736,1
2025-07-30T15:53:09.547822,24592,98934,7.0,4038331,3885,4631.0,9051222633.0,1126071,24.0,538596.0,41.0,3885,69,1599479,1706,103.0,25856,0.0033278465,0.99667215,1
2025-07-30T15:53:15.255088,19427,90212,13.0,4094042,3250,4749.0,8464108734.0,490701,24.0,484802.0,52.0,3250,72,633205,1598,26.0,15540,0.01428467,0.9857153,1
2025-07-30T15:53:21.419987,22871,104462,19.0,4027803,4442,8542.0,18128314056.0,431840,46.0,1094619.0,83.0,4442,67,1595552,1715,209.0,16433,0.097543955,0.90245605,1
2025-07-30T15:53:27.803314,23516,101833,16.0,4036515,4012,6412.0,10025164772.0,1154309,25.0,582374.0,59.0,4012,69,1599642,1671,97.0,25047,0.009916723,0.9900833,1
2025-07-30T15:53:33.235011,23563,99886,8.0,4073326,3894,2552.0,8284492644.0,543866,21.0,467460.0,50.0,3894,64,1626716,1735,93.0,15542,0.0029616356,0.99703836,1
2025-07-30T15:53:39.306507,20727,97619,12.0,4210878,3860,4676.0,9537520834.0,433534,25.0,548426.0,47.0,3860,66,638049,1659,24.0,16626,0.13780951,0.8621905,1
2025-07-30T15:53:44.960946,21526,91686,15.0,8971138,4471,4632.0,8992885522.0,435036,23.0,536410.0,46.0,4471,68,636705,1648,102.0,15604,0.010362327,0.9896377,1
2025-07-30T15:53:50.429049,23865,89899,10.0,4166400,3785,4662.0,8899948235.0,1112778,24.0,531579.0,48.0,3785,77,1688332,1597,91.0,15821,0.0032185316,0.99678147,1
2025-07-30T15:53:56.844204,20546,100408,20.0,4058156,4263,9310.0,17931040317.0,431979,44.0,1065239.0,93.0,4263,70,638672,1791,141.0,16167,0.028494418,0.9715056,1
2025-07-30T15:54:01.961672,21450,93021,9.0,4085725,4178,4629.0,9003237444.0,1154780,22.0,538484.0,45.0,4178,63,636568,1665,113.0,26721,0.008718729,0.9912813,1
2025-07-30T15:54:07.497274,24741,88560,9.0,8663699,3738,3895.0,9029363465.0,1200374,23.0,543546.0,36.0,3738,66,1705571,1755,86.0,15559,0.0023964643,0.99760354,1
2025-07-30T15:54:13.910590,21142,90468,7.0,8815693,3708,4447.0,8596163380.0,1183061,24.0,494942.0,43.0,3708,72,643406,1813,108.0,15581,0.0013599396,0.99864006,1
2025-07-30T15:54:19.330682,20626,97050,10.0,4096010,3862,4669.0,9070859892.0,568306,24.0,531849.0,57.0,3862,70,635189,1718,88.0,15123,0.0064169765,0.993583,1
2025-07-30T15:54:24.784313,24014,99767,10.0,8762848,4035,4641.0,8992004273.0,433285,23.0,535967.0,41.0,4035,61,1636295,1597,92.0,15407,0.010524631,0.98947537,1
2025-07-30T15:54:30.252489,20455,88252,11.0,4101750,3718,4642.0,9125885583.0,1188224,24.0,534661.0,38.0,3718,65,630934,1550,28.0,24738,0.0015744567,0.99842554,1
2025-07-30T15:54:36.295575,22175,96074,25.0,8687331,3687,9298.0,18382394846.0,1205132,47.0,1093573.0,102.0,3687,68,1538753,1809,126.0,24678,0.0035289526,0.99647105,1
2025-07-30T15:54:42.001281,23546,104796,8.0,3999093,3952,4623.0,8987707243.0,545237,22.0,529280.0,46.0,3952,68,1576169,1823,24.0,15059,0.0036075711,0.9963924,1
2025-07-30T15:54:47.653927,22290,96896,12.0,4092369,3842,4618.0,10006157855.0,1136753,22.0,532820.0,39.0,3842,69,644189,1659,17.0,16300,0.04201585,0.95798415,1
2025-07-30T15:54:53.126000,24864,99675,12.0,4345762,4173,4815.0,9206774333.0,1140596,26.0,535899.0,52.0,4173,71,642182,1650,40.0,25117,0.05836135,0.94163865,1
2025-07-30T15:54:59.365737,25583,88485,10.0,4193562,4338,4493.0,9023945700.0,437446,22.0,535627.0,46.0,4338,66,1718751,1787,21.0,15862,0.017223597,0.9827764,1
2025-07-30T15:55:04.488537,20396,90376,11.0,4114684,4104,3753.0,9064203888.0,476937,25.0,539218.0,54.0,4104,69,629648,1672,102.0,23812,0.014062166,0.98593783,1
2025-07-30T15:55:11.308216,20848,104562,9.0,4012089,3888,4622.0,9193423982.0,1183685,22.0,546993.0,42.0,3888,66,633126,1537,57.0,25919,0.0024748445,0.99752516,1
2025-07-30T15:55:17.368927,22692,102120,21.0,4197841,4249,9329.0,18055350293.0,429031,46.0,1020513.0,87.0,4249,67,1435204,1633,41.0,16244,0.011878729,0.9881213,1
2025-07-30T15:55:23.397311,18946,94589,9.0,8815727,3794,4623.0,9197000955.0,1119436,22.0,536507.0,45.0,3794,67,636447,1658,24.0,15918,0.007818401,0.9921816,1
2025-07-30T15:55:29.079332,22005,89800,9.0,4095048,3893,4609.0,8972721793.0,1215804,23.0,533639.0,51.0,3893,66,636022,1709,25.0,24785,0.002003789,0.9979962,1
2025-07-30T15:55:34.798130,21550,96296,10.0,4135761,3867,4637.0,8954648101.0,433675,22.0,541128.0,39.0,3867,65,632304,1616,26.0,24399,0.0069241524,0.99307585,1
2025-07-30T15:55:40.481827,19634,89592,10.0,4112302,4341,4648.0,8960005840.0,431856,24.0,530262.0,45.0,4341,63,634860,1696,112.0,15686,0.012081444,0.98791856,1
2025-07-30T15:55:46.396886,23517,85747,20.0,8717552,4388,9294.0,17697674553.0,1211692,47.0,1079510.0,90.0,4388,67,1600294,1903,128.0,15925,0.07175678,0.9282432,1
2025-07-30T15:55:52.717038,26281,89856,7.0,8424802,3857,4665.0,9024846825.0,431694,23.0,540728.0,47.0,3857,64,1641537,1625,86.0,16198,0.005638242,0.99436176,1
2025-07-30T15:55:58.895513,21476,88812,10.0,9196371,4369,4200.0,9018489288.0,433085,24.0,537477.0,38.0,4369,67,632473,1673,84.0,25728,0.0016470551,0.99835294,1
2025-07-30T15:56:04.265517,22777,88136,17.0,3974890,3650,4016.0,8686201013.0,461298,22.0,529309.0,52.0,3650,67,1651200,1723,94.0,26410,0.0037097335,0.99629027,1
2025-07-30T15:56:10.516577,23396,90700,11.0,4319743,3743,4636.0,9147872329.0,1105669,23.0,531480.0,47.0,3743,64,1632923,1691,95.0,15652,0.0040658712,0.9959341,1
2025-07-30T15:56:16.657965,20792,101583,18.0,4795392,4156,9366.0,17764384064.0,431115,46.0,1021526.0,82.0,4156,72,620280,1648,124.0,24399,0.0445711,0.9554289,1
2025-07-30T15:56:21.841282,19729,93172,11.0,4176179,3782,4687.0,9138336371.0,448847,24.0,536147.0,49.0,3782,70,633240,1637,92.0,16139,0.037297547,0.96270245,1
2025-07-30T15:56:27.403008,19823,85527,18.0,4006658,4145,4648.0,8941950304.0,440291,23.0,532077.0,50.0,4145,73,631660,1690,20.0,23647,0.030928075,0.9690719,1
2025-07-30T15:56:33.781422,20115,109696,6.0,3945186,3789,4675.0,9298306414.0,1180695,24.0,533946.0,38.0,3789,61,629483,1596,90.0,25198,0.003171444,0.99682856,1
2025-07-30T15:56:39.231728,23109,90764,10.0,8472114,4022,4449.0,9155126657.0,544632,23.0,539762.0,52.0,4022,67,1551718,1646,86.0,24684,0.0017627478,0.99823725,1
2025-07-30T15:56:44.903957,18491,102242,9.0,4006366,4339,3812.0,9284332996.0,1140980,24.0,530466.0,44.0,4339,63,641786,1809,91.0,16747,0.0013529658,0.99864703,1
2025-07-30T15:56:50.816186,19682,87801,9.0,9074723,4533,4639.0,9030143439.0,1104697,23.0,542778.0,39.0,4533,63,631978,1720,89.0,15681,0.015795708,0.9842043,1
2025-07-30T15:56:56.735108,20122,89592,19.0,8974304,4302,9353.0,18180006293.0,1189129,46.0,1091944.0,86.0,4302,64,639551,1653,114.0,25349,0.0025937557,0.99740624,1
2025-07-30T15:57:02.040758,19828,93066,9.0,8216932,3865,4644.0,8763839690.0,502287,22.0,524133.0,52.0,3865,63,632251,1660,108.0,17548,0.0022339225,0.9977661,1
2025-07-30T15:57:07.908136,21168,101834,15.0,4212849,4046,4659.0,9065045449.0,450870,23.0,535764.0,48.0,4046,64,1530622,1699,80.0,15671,0.0040795207,0.9959205,1
2025-07-30T15:57:13.464202,23114,91714,11.0,8485123,4956,4757.0,8812676107.0,439076,24.0,496405.0,44.0,4956,67,1621582,1682,22.0,15610,0.0039569736,0.996043,1
2025-07-30T15:57:19.841981,25252,90549,13.0,4075928,3716,4679.0,9192548235.0,431152,24.0,533226.0,52.0,3716,67,1623947,1785,83.0,15767,0.002381444,0.99761856,1
2025-07-30T15:57:25.587270,20940,90016,11.0,8514755,4006,4661.0,9016041986.0,439645,23.0,532610.0,44.0,4006,70,636916,1703,92.0,15697,0.020366967,0.97963303,1
2025-07-30T15:57:31.537557,24746,87444,21.0,3943535,4136,8278.0,17830075073.0,1191617,47.0,1075216.0,97.0,4136,62,1633260,1710,188.0,17948,0.015116751,0.98488325,1
2025-07-30T15:57:36.989670,21070,89961,7.0,10050016,4031,4690.0,9373449807.0,438555,25.0,533141.0,34.0,4031,65,655677,1630,89.0,15873,0.029121041,0.97087896,1
2025-07-30T15:57:42.913174,19954,90605,6.0,8641827,3844,4654.0,9434960289.0,435648,23.0,536267.0,39.0,3844,65,632059,1645,24.0,16311,0.0020585656,0.99794143,1
2025-07-30T15:57:49.522583,25959,97380,13.0,8694085,3794,4228.0,9012240293.0,431753,22.0,533924.0,55.0,3794,62,1722170,1573,102.0,17314,0.001960814,0.9980392,1
2025-07-30T15:57:55.939896,21046,101425,8.0,4117332,4399,4354.0,8900915772.0,435746,23.0,535427.0,36.0,4399,68,641303,1651,26.0,15453,0.0023887157,0.9976113,1
2025-07-30T15:58:01.845313,24285,92560,22.0,8823626,3977,9001.0,18148232924.0,546394,45.0,1055554.0,96.0,3977,67,1653690,1594,137.0,15863,0.045514166,0.95448583,1
2025-07-30T15:58:07.825115,20205,88892,8.0,8755103,4560,4657.0,9053086188.0,436827,22.0,533777.0,52.0,4560,66,626452,1897,96.0,25233,0.004615009,0.995385,1
2025-07-30T15:58:13.786635,21791,88835,9.0,3901507,3632,4762.0,8415716606.0,1099303,24.0,476277.0,37.0,3632,65,1600319,1816,88.0,25968,0.0025167465,0.99748325,1
2025-07-30T15:58:19.449915,21169,93208,11.0,3970440,3945,4666.0,9379325504.0,1141141,23.0,536691.0,38.0,3947,66,640888,1657,102.0,15741,0.007725954,0.99227405,1
2025-07-30T15:58:25.157773,20605,89068,8.0,4248214,3772,4657.0,9596852319.0,1249408,22.0,535225.0,48.0,3772,60,629140,1698,106.0,24363,0.05730021,0.9426998,1
2025-07-30T15:58:31.301733,20967,91275,26.0,7614563,3753,9359.0,18159664391.0,428626,46.0,1061008.0,94.0,3753,65,644187,1831,116.0,15872,0.042981923,0.9570181,1
2025-07-30T15:58:39.099313,20491,97416,11.0,8993360,3964,4663.0,8934660257.0,431680,22.0,529183.0,49.0,3964,65,630813,1699,108.0,25652,0.005916357,0.99408364,1
2025-07-30T15:58:44.529973,20172,101705,11.0,8594016,4176,4662.0,9144039714.0,432135,23.0,534715.0,52.0,4176,68,631393,1719,26.0,25985,0.001420021,0.99858,1
2025-07-30T15:58:50.252009,20503,99940,13.0,4245061,3831,4692.0,9127573592.0,447212,23.0,544125.0,47.0,3831,70,633347,1948,106.0,16150,0.0030775666,0.99692243,1
2025-07-30T15:58:56.158405,23432,97278,19.0,4086069,3841,8284.0,17688611521.0,1184453,46.0,1065184.0,76.0,3841,68,1567165,1562,147.0,15617,0.08626926,0.91373074,1
2025-07-30T15:59:01.841573,20041,94497,10.0,4201117,3695,4644.0,8956199968.0,435525,21.0,525783.0,54.0,3695,65,642660,1609,117.0,24974,0.032401323,0.9675987,1
2025-07-30T15:59:06.960439,23139,87440,13.0,4053762,4211,4712.0,9276137693.0,1115000,24.0,537015.0,51.0,4211,62,1494485,1736,107.0,15444,0.010444939,0.98955506,1
2025-07-30T15:59:12.080520,24698,105205,8.0,4171315,5139,4755.0,9172335957.0,431625,23.0,495518.0,42.0,5139,63,1468936,1783,100.0,25423,0.012897193,0.9871028,1
2025-07-30T15:59:17.215259,17110,81164,11.0,3834199,3096,4699.0,5282559478.0,435238,25.0,138001.0,58.0,3096,64,631624,1522,24.0,15721,0.016604006,0.983396,1
2025-07-30T15:59:22.365380,17771,76300,12.0,4060303,3282,4698.0,3818476518.0,433039,25.0,72.0,49.0,3282,68,635229,1569,90.0,18406,0.3104114,0.6895886,1
2025-07-30T15:59:27.491468,12833,80727,15.0,3892079,3285,4717.0,3814675122.0,434400,26.0,77.0,50.0,3285,66,817327,1537,89.0,15622,0.27574062,0.7242594,1
2025-07-30T15:59:32.654223,17091,81254,10.0,4058114,3217,4693.0,3787747029.0,436677,26.0,67.0,53.0,3217,65,626998,1520,90.0,15964,0.24574178,0.7542582,1
2025-07-30T15:59:37.807982,17857,79682,11.0,3901820,3073,4698.0,3662639199.0,425976,26.0,76.0,50.0,3073,68,645367,1505,110.0,15872,0.58993495,0.41006503,0
2025-07-30T15:59:42.954860,17490,75609,9.0,3936452,3199,4697.0,3853837029.0,440712,26.0,59.0,47.0,3199,68,628702,1544,98.0,15302,0.6119597,0.38804033,0
2025-07-30T15:59:48.091246,16510,82016,9.0,3919197,3442,4683.0,3780679567.0,436311,26.0,64.0,48.0,3442,71,632053,1631,19.0,15635,0.58627176,0.41372824,0
2025-07-30T15:59:53.221998,20356,84754,12.0,3833214,3257,4726.0,3764722630.0,435038,25.0,78.0,48.0,3257,63,670810,1630,90.0,15270,0.7282418,0.27175817,0
2025-07-30T15:59:58.323137,17529,85320,9.0,3918623,3243,4728.0,3772555080.0,431726,26.0,62.0,47.0,3243,63,630517,1630,92.0,15589,0.8855362,0.11446383,0
2025-07-30T16:00:03.444222,18915,81604,11.0,3827691,2971,4382.0,3557937455.0,425863,26.0,83.0,48.0,2971,66,641512,1565,119.0,15811,0.8040725,0.1959275,0
2025-07-30T16:00:08.578184,17623,101520,10.0,4117992,3230,4024.0,3592759106.0,429205,25.0,59.0,49.0,3230,67,644251,1618,88.0,15639,0.7311579,0.26884213,0
2025-07-30T16:00:13.698096,17054,80486,9.0,3821340,3078,4666.0,3864070814.0,436164,26.0,63.0,50.0,3078,69,629863,1477,20.0,16513,0.5543036,0.4456964,0
2025-07-30T16:00:18.874313,17462,99778,10.0,3670620,3272,4682.0,3747762617.0,439060,26.0,69.0,47.0,3272,65,636517,1615,84.0,15327,0.56355387,0.43644613,0
2025-07-30T16:00:24.049417,18929,80684,9.0,3775025,3136,4696.0,3702407685.0,436907,26.0,55.0,46.0,3136,63,634047,1569,18.0,15590,0.7861999,0.2138001,0
2025-07-30T16:00:29.174157,18041,78297,9.0,4046859,3210,4699.0,3844866268.0,439518,26.0,65.0,48.0,3210,66,627126,1637,32.0,15589,0.79531765,0.20468237,0
2025-07-30T16:00:34.301593,17976,78340,13.0,3857660,3122,4709.0,3697242204.0,437654,26.0,77.0,50.0,3122,67,656609,1529,18.0,16124,0.67938554,0.32061446,0
2025-07-30T16:00:39.435400,16779,74799,11.0,3740987,5876,4687.0,4216113002.0,433453,26.0,65.0,47.0,5876,70,630138,1728,20.0,15407,0.70066327,0.29933673,0
2025-07-30T16:00:44.561667,18405,83089,8.0,3877948,3291,4705.0,3740429236.0,435943,26.0,68.0,48.0,3291,69,640055,1588,106.0,15605,0.8666918,0.1333082,0
2025-07-30T16:00:49.732636,17411,88401,14.0,3735227,3094,4681.0,3776951266.0,429624,25.0,63.0,50.0,3094,63,632162,1457,100.0,16149,0.6631503,0.3368497,0
2025-07-30T16:00:54.890443,18003,82013,8.0,3765737,3128,4720.0,3823848583.0,439093,26.0,68.0,47.0,3128,62,631838,1502,80.0,15538,0.69075465,0.30924538,0
2025-07-30T16:01:00.038306,17282,78835,10.0,3835703,3085,4698.0,3827273807.0,432565,26.0,67.0,48.0,3085,65,635208,1516,116.0,15300,0.74497175,0.25502822,0
2025-07-30T16:01:05.137984,18912,85349,18.0,3859013,3462,9413.0,7432505053.0,435189,52.0,125.0,95.0,3462,64,630647,1568,122.0,16060,0.71403426,0.28596574,0
2025-07-30T16:01:10.248983,17123,84005,9.0,3793593,3285,4762.0,3801523520.0,441602,25.0,66.0,47.0,3285,63,638343,1659,84.0,15606,0.84737736,0.15262263,0
2025-07-30T16:01:15.391892,17493,83301,9.0,3729285,3033,4462.0,3760345986.0,430372,26.0,60.0,47.0,3033,69,640228,1645,78.0,17306,0.6669483,0.3330517,0
2025-07-30T16:01:20.535747,18163,94687,8.0,3890745,3205,4158.0,3699659730.0,430904,26.0,66.0,49.0,3205,63,637886,1524,20.0,15299,0.5942471,0.4057529,0
2025-07-30T16:01:25.658005,17866,84374,11.0,4064155,3147,4370.0,3701593208.0,429902,25.0,71.0,48.0,3147,63,635055,1575,102.0,15827,0.843143,0.15685701,0
2025-07-30T16:01:30.776710,18320,80912,9.0,3677488,3246,4702.0,3760033604.0,443103,26.0,59.0,46.0,3246,68,634896,1519,35.0,15592,0.73943865,0.26056135,0
2025-07-30T16:01:35.892908,17578,74761,10.0,3945931,3132,4700.0,3779171616.0,436931,26.0,89.0,50.0,3132,67,631425,1672,92.0,15905,0.6955967,0.30440328,0
2025-07-30T16:01:41.022522,17264,81501,12.0,3722907,3288,4696.0,3781485485.0,429143,26.0,76.0,48.0,3288,66,626624,1572,86.0,16600,0.579955,0.420045,0
2025-07-30T16:01:46.325048,19558,77596,8.0,3791544,3689,4699.0,3707550528.0,441186,26.0,54.0,47.0,3689,66,644522,1777,88.0,15457,0.72304094,0.2769591,0
2025-07-30T16:01:51.461670,17918,77801,13.0,3782349,3310,4731.0,3761470397.0,429653,26.0,90.0,48.0,3310,66,636116,1561,99.0,15700,0.8383409,0.16165915,0
2025-07-30T16:01:56.566516,17651,80571,9.0,3762073,3122,4710.0,4074384518.0,431194,25.0,55.0,47.0,3122,71,627194,1639,26.0,16216,0.6093172,0.39068282,0
2025-07-30T16:02:01.700290,17748,77849,9.0,4081073,4504,4702.0,3801601776.0,436341,26.0,66.0,48.0,4504,64,635958,1835,101.0,15498,0.80365545,0.19634457,0
2025-07-30T16:02:06.818828,18286,78804,10.0,3806972,3218,4712.0,3780330080.0,436049,26.0,64.0,48.0,3218,69,638325,1584,100.0,15420,0.85974276,0.14025725,0
2025-07-30T16:02:11.924187,19108,80203,9.0,3736921,3015,4773.0,3809460657.0,426393,26.0,59.0,47.0,3015,70,643001,1708,90.0,16820,0.7062126,0.29378742,0
2025-07-30T16:02:17.032672,17258,80721,8.0,4141712,3205,4711.0,3722602460.0,425127,26.0,65.0,48.0,3205,65,637642,1512,94.0,15769,0.671566,0.32843402,0
2025-07-30T16:02:22.286907,17250,82324,11.0,3871657,3449,4694.0,3653971111.0,433926,25.0,70.0,47.0,3449,75,634876,1626,24.0,15441,0.57571495,0.42428508,0
2025-07-30T16:02:27.415101,17378,81579,8.0,3896134,3178,4737.0,3837821545.0,445664,26.0,85.0,51.0,3178,67,638102,1555,90.0,15735,0.52288204,0.47711796,0
2025-07-30T16:02:32.549262,17591,84169,11.0,3844891,3017,4609.0,3991493701.0,435814,26.0,79.0,49.0,3017,67,643423,1749,89.0,15537,0.7356058,0.26439422,0
2025-07-30T16:02:37.666820,17091,78908,9.0,4658012,3182,4180.0,3615472015.0,437623,26.0,57.0,47.0,3182,65,635764,1501,93.0,15535,0.825799,0.174201,0
2025-07-30T16:02:42.779944,17900,80293,8.0,3829204,3195,4229.0,3845406644.0,436105,25.0,60.0,47.0,3195,70,631482,1682,94.0,15796,0.7170055,0.2829945,0
2025-07-30T16:02:47.986452,17555,83792,10.0,3911069,3028,4704.0,3735238587.0,428712,26.0,72.0,48.0,3028,65,636452,1570,18.0,15663,0.71267474,0.28732523,0
2025-07-30T16:02:53.110219,17821,79241,12.0,3838037,3008,4730.0,3736540922.0,433871,26.0,81.0,49.0,3008,65,632704,1626,80.0,15898,0.6928612,0.30713883,0
2025-07-30T16:02:58.218192,19686,87261,8.0,3929468,3766,4710.0,3839087958.0,432743,26.0,56.0,47.0,3766,64,633362,1525,84.0,15471,0.7838049,0.21619512,0
2025-07-30T16:03:03.333926,17764,77779,11.0,3708439,3228,4722.0,3852878702.0,431692,26.0,69.0,49.0,3228,63,639668,1679,93.0,15792,0.84849155,0.15150845,0
2025-07-30T16:03:08.434863,19346,107214,9.0,3717389,3194,4678.0,3720231598.0,441889,25.0,56.0,47.0,3194,65,637110,1625,108.0,15659,0.84415233,0.15584768,0
2025-07-30T16:03:13.568063,17872,74525,8.0,3790093,3162,4784.0,3805795836.0,425578,26.0,66.0,48.0,3162,67,632928,1654,22.0,15800,0.768162,0.23183797,0
2025-07-30T16:03:18.697748,18951,85313,11.0,3678505,3727,4682.0,3782450172.0,429874,26.0,90.0,48.0,3727,61,636502,1701,87.0,17012,0.7333592,0.26664075,0
2025-07-30T16:03:23.819273,18156,82569,8.0,3899823,3118,4715.0,3809219760.0,435501,26.0,68.0,47.0,3118,64,635420,1535,84.0,15845,0.8372008,0.1627992,0
2025-07-30T16:03:28.974320,17223,77854,10.0,3868194,3467,4680.0,3674504293.0,438158,26.0,70.0,49.0,3467,68,634638,1614,84.0,15553,0.71341896,0.28658104,0
2025-07-30T16:03:34.112396,17333,86233,10.0,3938804,3281,4711.0,3762581679.0,432941,25.0,58.0,47.0,3281,69,626738,1639,92.0,15759,0.58682084,0.4131792,0
2025-07-30T16:03:39.235671,16963,90524,8.0,3724422,3043,4693.0,3784280127.0,447025,26.0,67.0,48.0,3043,70,619283,1565,29.0,15979,0.5411955,0.45880452,0
2025-07-30T16:03:44.365641,18176,85893,10.0,3711053,3277,4702.0,3794989887.0,438079,26.0,67.0,48.0,3277,62,640655,1598,92.0,15658,0.6449121,0.35508785,0
2025-07-30T16:03:49.491810,17223,80221,9.0,4454275,3144,4700.0,3670977856.0,449563,26.0,63.0,47.0,3144,67,634193,1507,98.0,15986,0.77982265,0.22017734,0
2025-07-30T16:03:54.660756,17474,80230,8.0,3845378,3167,4253.0,3715385818.0,438776,26.0,77.0,48.0,3167,65,627347,1542,141.0,15413,0.6324465,0.36755344,0
2025-07-30T16:03:59.802209,15990,78707,14.0,3822145,3147,4302.0,3705164418.0,430650,26.0,80.0,50.0,3147,63,625860,1578,24.0,15251,0.693502,0.306498,0
2025-07-30T16:04:04.946369,18968,82846,10.0,3804115,3553,4492.0,3697585048.0,445500,25.0,71.0,47.0,3553,65,630167,1748,19.0,15536,0.7802521,0.21974793,0
2025-07-30T16:04:10.108885,17440,84208,8.0,3785046,4174,4740.0,3758544062.0,434602,26.0,68.0,48.0,4174,67,641215,1727,23.0,15262,0.9166608,0.08333921,0
2025-07-30T16:04:15.238852,17330,78571,122916.0,3749073,2908,9460.0,9334240838.0,427927,51.0,313549.0,95.0,2908,62,627737,1524,38.0,15186,0.4292227,0.5707773,1
2025-07-30T16:04:20.357005,27403,100279,246989.0,4018030,4271,4709.0,5914106252.0,434061,27.0,517905.0,47.0,4271,73,632235,1656,113.0,15581,0.022552252,0.97744775,1
2025-07-30T16:04:25.542142,23162,91133,250374.0,4163048,9308,4707.0,5521363835.0,428139,26.0,516663.0,42.0,9308,61,642762,2397,52.0,15500,0.0031984448,0.99680156,1
2025-07-30T16:04:30.700659,20863,92636,251697.0,4025712,4031,4720.0,5512427735.0,434231,27.0,519296.0,42.0,4031,63,625011,1687,24.0,15889,0.008456349,0.99154365,1
2025-07-30T16:04:35.818783,22858,92032,244783.0,4065001,3980,4719.0,5724378424.0,434485,27.0,505210.0,46.0,3980,67,647952,1645,18.0,15950,0.0075232387,0.99247676,1
2025-07-30T16:04:40.968585,20883,99645,260457.0,3995029,3996,4713.0,5940502297.0,446022,26.0,536833.0,45.0,3996,63,630078,1547,24.0,16279,0.00750798,0.992492,1
2025-07-30T16:04:46.119753,21658,90805,259123.0,4046100,5342,4725.0,5789714826.0,425661,27.0,534264.0,34.0,5342,66,637959,1858,22.0,15402,0.0064337254,0.9935663,1
2025-07-30T16:04:51.281906,21074,87932,253770.0,4208293,3921,4865.0,6026094572.0,434610,27.0,523490.0,47.0,3921,72,626503,1683,42.0,16010,0.008781135,0.99121886,1
2025-07-30T16:04:56.442760,21659,93698,259733.0,4011142,4137,4740.0,5832037474.0,454772,27.0,535917.0,56.0,4137,68,635282,1727,100.0,15850,0.006633997,0.993366,1
2025-07-30T16:05:01.561176,20818,90824,254055.0,4074887,4114,4731.0,5936430559.0,436251,27.0,524312.0,41.0,4114,65,633605,1711,55.0,15773,0.007569611,0.9924304,1
2025-07-30T16:05:06.694471,20072,90807,246644.0,4063107,3863,4705.0,5697723483.0,435165,26.0,509121.0,59.0,3863,69,647262,1661,23.0,16165,0.008924484,0.9910755,1
2025-07-30T16:05:11.847095,20512,91805,214694.0,4114382,4641,4252.0,5517990394.0,438905,27.0,445148.0,38.0,4641,67,622637,1844,18.0,15724,0.007360518,0.9926395,1
2025-07-30T16:05:16.979445,19791,89772,247590.0,4110353,4031,4167.0,5673398768.0,432158,26.0,511097.0,54.0,4031,68,625022,1693,18.0,15798,0.009174883,0.9908251,1
2025-07-30T16:05:22.110798,22035,90996,261473.0,4188817,4061,4718.0,5931589177.0,435956,26.0,538939.0,41.0,4061,65,629699,1755,26.0,15329,0.007249534,0.99275047,1
2025-07-30T16:05:27.238599,20550,91480,260592.0,4119051,3953,4727.0,5882041741.0,433350,27.0,537007.0,36.0,3953,67,629750,1631,17.0,16034,0.0084273815,0.9915726,1
2025-07-30T16:05:32.451422,21499,90643,258092.0,4321811,3819,4711.0,5738217423.0,430994,27.0,532092.0,47.0,3819,74,631808,1747,24.0,16108,0.006773293,0.9932267,1
2025-07-30T16:05:37.610689,21193,89136,249249.0,4006596,4928,4721.0,5861630724.0,426144,27.0,514617.0,57.0,4928,69,629017,1739,124.0,15915,0.006171584,0.9938284,1
2025-07-30T16:05:42.761363,21719,90848,264442.0,4139959,3980,4714.0,6038542835.0,431793,26.0,544843.0,47.0,3980,66,643188,1689,22.0,15379,0.0077393055,0.9922607,1
2025-07-30T16:05:47.929175,21563,90348,261155.0,4050593,3566,4728.0,5984872882.0,430665,27.0,537966.0,40.0,3566,63,648256,1601,20.0,15443,0.007803917,0.9921961,1
2025-07-30T16:05:53.077342,21832,89164,264871.0,4175862,3662,4753.0,6157399756.0,433943,27.0,545782.0,49.0,3662,59,636332,1721,111.0,15851,0.009241641,0.99075836,1
2025-07-30T16:05:58.207386,21052,100474,256661.0,4110320,3777,4719.0,5856351666.0,421763,26.0,529147.0,43.0,3777,69,627718,1711,24.0,16189,0.009276867,0.99072313,1
2025-07-30T16:06:03.321897,20760,91689,258369.0,4091904,4457,4724.0,5811069866.0,433249,28.0,532530.0,42.0,4457,64,626818,1784,23.0,15221,0.0070269704,0.992973,1
2025-07-30T16:06:08.442626,20777,89316,248943.0,4019228,4094,4725.0,5848493066.0,430208,26.0,513656.0,46.0,4094,63,628557,1886,111.0,15993,0.013646483,0.9863535,1
2025-07-30T16:06:13.604163,18176,87104,218486.0,4079462,4071,4782.0,5215005914.0,437820,26.0,452683.0,40.0,4071,66,630655,1974,22.0,17265,0.018242776,0.9817572,1
2025-07-30T16:06:18.782759,20603,89968,244664.0,4172845,3697,4710.0,5623611669.0,438897,27.0,504984.0,51.0,3697,62,625835,1751,18.0,15755,0.014376879,0.9856231,1
2025-07-30T16:06:23.956785,20496,93760,259529.0,4004641,3866,4712.0,5925468687.0,428184,26.0,534488.0,40.0,3866,69,626598,1677,42.0,15888,0.009994328,0.9900057,1
2025-07-30T16:06:29.084767,20370,90178,258855.0,4206270,3813,4396.0,5820288256.0,437208,27.0,533769.0,38.0,3813,76,648287,1818,50.0,15883,0.006852925,0.9931471,1
2025-07-30T16:06:34.205480,20235,94308,256814.0,4004234,3901,4246.0,5542218380.0,432316,26.0,529574.0,49.0,3901,60,633815,1762,32.0,15478,0.007960141,0.99203986,1
2025-07-30T16:06:39.323802,22147,90909,250017.0,4185516,4185,4431.0,5919813373.0,440351,27.0,515670.0,40.0,4185,68,641523,1724,28.0,15425,0.008452296,0.9915477,1
2025-07-30T16:06:44.489488,20964,90092,258234.0,4089801,4019,4744.0,6533060600.0,436276,27.0,532368.0,54.0,4019,60,624096,1695,106.0,15585,0.008802593,0.9911974,1
2025-07-30T16:06:49.632865,21958,92673,259415.0,3883344,4224,4717.0,5875003458.0,427322,26.0,534674.0,40.0,4224,71,638965,1699,34.0,15981,0.0101931095,0.9898069,1
2025-07-30T16:06:54.790002,21770,87768,261036.0,4134828,4075,4753.0,5985811522.0,439967,27.0,537777.0,54.0,4075,66,632879,1796,32.0,15533,0.0072419047,0.9927581,1
2025-07-30T16:06:59.912910,20410,92144,257194.0,4022242,4006,4732.0,5840871029.0,435369,26.0,530253.0,49.0,4006,66,626124,1734,26.0,15934,0.010059059,0.98994094,1
2025-07-30T16:07:05.076828,21489,91644,261905.0,4094704,4236,4732.0,5885759576.0,426091,27.0,539685.0,45.0,4236,68,641173,1856,28.0,21291,0.008323193,0.9916768,1
2025-07-30T16:07:10.271992,21423,97193,465944.0,4133975,4618,9539.0,11145425733.0,432209,54.0,963592.0,80.0,4618,70,629293,1726,36.0,15892,0.009469271,0.9905307,1
2025-07-30T16:07:15.394683,21323,85307,241379.0,3939408,4055,4725.0,5826240881.0,435814,27.0,498280.0,50.0,4055,63,638189,1703,102.0,15513,0.01071465,0.98928535,1
2025-07-30T16:07:20.521263,21739,88545,257181.0,4422659,3561,4712.0,5972320855.0,428219,26.0,530198.0,50.0,3561,68,646469,1656,18.0,16056,0.0099515915,0.9900484,1
2025-07-30T16:07:25.660717,21455,90144,261733.0,4680215,4267,4765.0,5898733480.0,431816,27.0,539274.0,52.0,4267,66,636185,1677,18.0,15971,0.006125927,0.9938741,1
2025-07-30T16:07:30.832038,20648,89475,260685.0,4047271,3895,4726.0,5815396871.0,435214,27.0,537220.0,53.0,3895,60,628013,1612,25.0,15858,0.0079238415,0.99207616,1
2025-07-30T16:07:35.948432,19200,86253,261772.0,4129896,3968,4707.0,5922014245.0,437219,26.0,539148.0,41.0,3968,64,635140,1595,50.0,16508,0.010206282,0.9897937,1
2025-07-30T16:07:41.064601,20562,88425,249598.0,3994796,3995,4653.0,5789466235.0,440451,27.0,514914.0,50.0,3995,62,629655,1836,18.0,15983,0.011871874,0.9881281,1
2025-07-30T16:07:46.221295,20932,95750,260598.0,4198394,4075,4334.0,5638001446.0,435174,27.0,536965.0,46.0,4075,65,628348,1741,104.0,15956,0.009283543,0.99071646,1
2025-07-30T16:07:51.355325,20735,91690,257915.0,4396363,3239,4105.0,5737636894.0,431964,26.0,531769.0,47.0,3239,65,633575,1932,22.0,15144,0.007295966,0.99270403,1
2025-07-30T16:07:56.491537,21150,91548,258383.0,4039107,3661,4735.0,5963615950.0,425246,27.0,532765.0,40.0,3661,67,632775,1694,85.0,15646,0.01136744,0.98863256,1
2025-07-30T16:08:01.675959,21286,91123,257157.0,4015700,3742,4730.0,5785527355.0,435081,27.0,530071.0,47.0,3742,64,633301,1655,31.0,18669,0.008835971,0.991164,1
2025-07-30T16:08:06.818025,20207,93421,257963.0,4094739,3865,4715.0,5892620482.0,429348,27.0,531323.0,38.0,3865,75,633816,1695,56.0,15002,0.006823361,0.99317664,1
2025-07-30T16:08:11.984227,21744,89570,219389.0,3943757,3902,4787.0,5324693038.0,433861,25.0,454249.0,42.0,3902,64,652894,1699,32.0,15596,0.007552266,0.99244773,1
2025-07-30T16:08:17.138136,21811,88256,235822.0,4010166,3898,4717.0,5516386816.0,442315,27.0,487809.0,53.0,3898,69,648771,1723,27.0,15268,0.009702027,0.990298,1
2025-07-30T16:08:22.300249,20156,90702,263539.0,4079126,4142,4730.0,5917522964.0,433843,27.0,542864.0,45.0,4142,80,629422,1671,30.0,15779,0.008176267,0.99182373,1
2025-07-30T16:08:27.459998,21111,91133,261648.0,4082184,3971,4733.0,5973746692.0,430548,26.0,539051.0,42.0,3971,64,637138,1671,104.0,16317,0.006683171,0.9933168,1
2025-07-30T16:08:32.601765,21698,93108,260305.0,4242920,4110,4731.0,5989439551.0,434353,27.0,536488.0,36.0,4110,65,632871,1643,30.0,15737,0.0070574284,0.9929426,1
2025-07-30T16:08:37.728137,22650,89653,258433.0,3997593,3980,4706.0,5971813861.0,423118,27.0,532414.0,52.0,3980,63,641577,1673,94.0,15490,0.0068137646,0.99318624,1
2025-07-30T16:08:42.840544,20257,90060,246847.0,4177144,4234,4744.0,5881683644.0,433014,26.0,509540.0,38.0,4234,65,625115,1746,90.0,16021,0.009542167,0.99045783,1
2025-07-30T16:08:47.979860,21900,90887,263267.0,4069311,5100,4729.0,5918253533.0,429532,27.0,542072.0,50.0,5100,62,629625,1794,86.0,15462,0.009710312,0.9902897,1
2025-07-30T16:08:53.126639,21788,90576,259329.0,4030069,3910,4747.0,6022233361.0,446290,26.0,534656.0,49.0,3910,68,641368,1584,119.0,16135,0.008298039,0.99170196,1
2025-07-30T16:08:58.250619,22031,91084,257259.0,4054996,3934,4763.0,5945785471.0,440743,27.0,530283.0,49.0,3934,70,624318,1751,19.0,17209,0.006968856,0.99303114,1
2025-07-30T16:09:03.385052,21367,92013,259570.0,3985778,4149,4191.0,5971433589.0,428529,27.0,535163.0,44.0,4149,66,636920,1741,25.0,16040,0.0068277717,0.9931722,1
2025-07-30T16:09:08.522795,20088,92577,260857.0,4080789,4002,4203.0,5826208495.0,424635,27.0,537272.0,57.0,4002,75,624283,1733,21.0,15901,0.0072817206,0.9927183,1
2025-07-30T16:09:13.643953,20264,90743,210783.0,4118654,4047,4797.0,5292248887.0,439963,26.0,437359.0,35.0,4047,66,648388,1646,22.0,15947,0.007154107,0.9928459,1
2025-07-30T16:09:18.793132,19994,90291,234147.0,4000727,3984,4723.0,5556552558.0,434334,26.0,483944.0,42.0,3984,61,623171,1663,22.0,16195,0.012339234,0.98766077,1
2025-07-30T16:09:23.949392,21168,89136,252047.0,4172811,4073,4746.0,6143195142.0,432859,27.0,519946.0,53.0,4073,69,640770,1685,104.0,15376,0.009295046,0.99070495,1
2025-07-30T16:09:29.089452,20888,93776,256420.0,4097982,3969,4729.0,5717944686.0,428573,27.0,528548.0,35.0,3969,64,624574,1718,36.0,15771,0.008458555,0.99154145,1
2025-07-30T16:09:34.211187,21881,96446,260198.0,4142561,5507,4730.0,5876436121.0,442081,27.0,536718.0,58.0,5507,69,631001,1829,24.0,15631,0.0066895485,0.99331045,1
2025-07-30T16:09:39.349021,21091,89636,257910.0,4092720,3685,4730.0,5918806120.0,427951,26.0,531348.0,34.0,3685,65,631967,1813,26.0,15467,0.009062827,0.9909372,1
2025-07-30T16:09:44.517227,21738,100723,251821.0,4050189,3709,4747.0,5681493444.0,440882,27.0,519624.0,53.0,3709,63,634963,1607,17.0,16723,0.009489119,0.9905109,1
2025-07-30T16:09:49.701047,21651,90048,261699.0,4060429,3966,4734.0,6106882061.0,439177,27.0,539206.0,34.0,3966,63,635272,1672,18.0,15340,0.0070332885,0.9929667,1
2025-07-30T16:09:54.844575,20810,91036,263170.0,4100290,4213,4773.0,5959992316.0,429421,26.0,542084.0,58.0,4213,65,632424,1831,20.0,16347,0.010512352,0.98948765,1
2025-07-30T16:09:59.963492,21649,90785,255666.0,4097176,3770,4748.0,5925487240.0,435189,27.0,527062.0,45.0,3770,62,636103,1593,20.0,15097,0.009005547,0.99099445,1
2025-07-30T16:10:05.180456,21109,91144,263265.0,4026434,4225,4739.0,5829650108.0,431078,27.0,542496.0,40.0,4225,71,624861,1750,107.0,15350,0.0076646805,0.9923353,1
2025-07-30T16:10:10.296789,23785,92452,477258.0,4164523,3768,9506.0,11220948957.0,432154,54.0,985865.0,102.0,3768,68,635476,1621,76.0,16458,0.009381592,0.9906184,1
2025-07-30T16:10:15.442408,19510,88724,227386.0,4262984,3862,4089.0,5551982188.0,433777,26.0,470669.0,50.0,3862,59,648161,1676,18.0,15925,0.010148585,0.9898514,1
2025-07-30T16:10:20.591495,20544,96388,260526.0,4191645,3955,4357.0,5993054789.0,442650,28.0,536993.0,45.0,3955,66,629635,1791,20.0,15675,0.009842217,0.9901578,1
2025-07-30T16:10:25.726896,20820,88613,259151.0,4169609,3918,4715.0,5821224201.0,434915,26.0,534180.0,42.0,3918,70,631988,1815,19.0,15449,0.008256972,0.991743,1
2025-07-30T16:10:30.843670,26946,92688,257875.0,3993256,3733,4741.0,5855387438.0,438048,27.0,531461.0,47.0,3733,68,640879,1605,20.0,15025,0.0060967207,0.9939033,1
2025-07-30T16:10:35.990729,21608,91982,258159.0,4139419,3924,4721.0,5884517066.0,431133,27.0,531971.0,47.0,3924,61,631203,1718,108.0,15654,0.00713706,0.99286294,1
2025-07-30T16:10:41.153470,21507,88728,260182.0,4116208,3956,4728.0,5920130155.0,441142,26.0,536387.0,42.0,3956,69,632020,1759,42.0,16445,0.009091914,0.9909081,1
2025-07-30T16:10:46.279803,21553,94079,249950.0,4112628,4333,4734.0,5814995680.0,437452,27.0,515527.0,50.0,4333,70,634463,1656,22.0,15693,0.0068145394,0.99318546,1
2025-07-30T16:10:51.406466,21931,92632,261324.0,4394889,3907,4747.0,6108158755.0,427602,26.0,538599.0,47.0,3907,65,643404,1637,24.0,15638,0.006214857,0.99378514,1
2025-07-30T16:10:56.530292,22330,89360,260766.0,4207337,4183,4767.0,6071751875.0,437835,28.0,537189.0,41.0,4183,65,647325,1787,104.0,15730,0.006466925,0.9935331,1
2025-07-30T16:11:01.671156,21532,89052,260450.0,4076551,3707,4735.0,5934003230.0,431299,27.0,536635.0,55.0,3707,69,633656,1596,26.0,15613,0.008142948,0.99185705,1
2025-07-30T16:11:06.855723,20842,91020,257515.0,4163395,3993,4732.0,5789479172.0,433441,26.0,530995.0,50.0,3993,67,638379,1643,22.0,16023,0.0069152117,0.9930848,1
2025-07-30T16:11:12.030071,20710,92069,219536.0,4006373,3675,4803.0,5479608372.0,440464,26.0,454597.0,41.0,3675,69,634019,1728,88.0,15230,0.0074664354,0.99253356,1
2025-07-30T16:11:17.163457,20214,95594,229385.0,4046144,4001,4741.0,5675855750.0,429784,27.0,474564.0,46.0,4001,62,650538,1585,40.0,15892,0.010827959,0.98917204,1
2025-07-30T16:11:22.329329,21588,86922,260717.0,4108625,4230,4754.0,6368683709.0,430562,27.0,537244.0,49.0,4230,64,633621,1620,29.0,15611,0.00847888,0.9915211,1
2025-07-30T16:11:27.468946,20982,90427,263961.0,4079949,3879,4502.0,5922479156.0,440512,27.0,543782.0,47.0,3879,67,623471,1684,26.0,15706,0.0083553195,0.9916447,1
2025-07-30T16:11:32.657004,21875,89831,260061.0,3994465,4017,4303.0,5816509440.0,444729,26.0,535952.0,41.0,4017,63,635169,1699,24.0,15853,0.0070328712,0.9929671,1
2025-07-30T16:11:37.775616,21002,90460,262678.0,4378592,3954,4283.0,5960840785.0,431093,27.0,541138.0,44.0,3954,67,637484,1627,22.0,15828,0.0069414377,0.99305856,1
2025-07-30T16:11:42.896418,19482,91233,265569.0,4000241,4114,4747.0,6118906667.0,429328,27.0,547148.0,56.0,4114,69,644557,1852,118.0,15843,0.0072864294,0.9927136,1
2025-07-30T16:11:48.050264,21499,91188,257528.0,3960536,4144,4721.0,5860820716.0,433025,27.0,531111.0,51.0,4144,65,633170,1820,121.0,15150,0.01010865,0.98989135,1
2025-07-30T16:11:53.188900,18359,92899,260366.0,4163729,4322,4756.0,5916170024.0,434806,27.0,536748.0,40.0,4322,73,629977,1638,108.0,15776,0.009181082,0.9908189,1
2025-07-30T16:11:58.336261,21530,92792,260644.0,3997780,3975,4732.0,6021321132.0,433040,26.0,537112.0,45.0,3975,63,630116,1713,26.0,15395,0.006832242,0.99316776,1
2025-07-30T16:12:03.473335,21146,93268,260807.0,4077245,4147,4763.0,6142186038.0,432076,27.0,537563.0,44.0,4147,67,631382,1705,82.0,16094,0.00850296,0.99149704,1
2025-07-30T16:12:08.602449,17092,93960,260027.0,4063413,3822,4715.0,5982909461.0,442439,27.0,535752.0,51.0,3822,70,637661,1633,116.0,16045,0.008567512,0.9914325,1
2025-07-30T16:12:13.739092,20122,93888,221401.0,4204190,4162,4809.0,5424736348.0,434864,27.0,458634.0,41.0,4162,67,626653,1690,107.0,15954,0.007596791,0.9924032,1
2025-07-30T16:12:18.902776,21327,93737,235009.0,4084674,3925,4717.0,5608152443.0,437932,26.0,485663.0,50.0,3925,66,635117,1669,22.0,15455,0.008163571,0.9918364,1
2025-07-30T16:12:24.042266,19762,91821,256851.0,4108040,4154,4740.0,5985918495.0,432745,27.0,529267.0,35.0,4154,67,632334,1706,94.0,15594,0.008161426,0.9918386,1
2025-07-30T16:12:29.158798,21287,84886,259922.0,4095000,4150,4772.0,5982930962.0,424860,27.0,535971.0,58.0,4150,66,633206,1653,80.0,16013,0.008357763,0.99164224,1
2025-07-30T16:12:34.285418,21306,97684,260383.0,4075732,3245,4732.0,5793071434.0,439405,26.0,536704.0,45.0,3245,67,629519,1590,109.0,16309,0.008372545,0.99162745,1
2025-07-30T16:12:39.442423,20060,90954,261965.0,4172634,3778,4735.0,5890181439.0,432610,27.0,539554.0,50.0,3778,67,624864,1728,88.0,16066,0.0074305534,0.99256945,1
2025-07-30T16:12:44.582894,21554,92528,266740.0,3959151,3228,4655.0,6527447438.0,434833,27.0,549142.0,41.0,3228,67,636857,1823,18.0,15740,0.009158254,0.99084175,1
2025-07-30T16:12:49.706426,21484,91807,251353.0,4218814,4038,4063.0,5774440806.0,430673,27.0,518542.0,38.0,4038,64,652000,1711,90.0,16006,0.008385241,0.99161476,1
2025-07-30T16:12:54.819250,20175,95714,254941.0,4129048,3787,4428.0,5906282507.0,1905319,27.0,525611.0,53.0,3787,71,628420,1687,85.0,15471,0.002222538,0.99777746,1
2025-07-30T16:12:59.958433,21080,87472,258702.0,4368838,3804,4743.0,5751772839.0,442011,26.0,533107.0,40.0,3804,66,632086,1652,91.0,16330,0.0027598739,0.9972401,1
2025-07-30T16:13:05.225325,21659,88977,255627.0,4144993,4033,4736.0,5931005740.0,432723,27.0,526770.0,47.0,4033,65,634430,1613,101.0,15893,0.0067598224,0.9932402,1
2025-07-30T16:13:10.366392,20752,91305,479551.0,4104689,3908,9573.0,11341991562.0,425164,53.0,990744.0,93.0,3908,65,623026,1748,116.0,15291,0.014251173,0.9857488,1
2025-07-30T16:13:15.508372,20305,90762,231949.0,4221066,3771,4740.0,5788666515.0,431456,27.0,479905.0,49.0,3771,77,625833,1752,92.0,15531,0.010073721,0.9899263,1
2025-07-30T16:13:20.670962,21019,87805,257851.0,4059978,3818,4739.0,5991727635.0,432372,26.0,531605.0,42.0,3818,69,631175,1571,92.0,15759,0.0074373484,0.99256265,1
2025-07-30T16:13:25.827566,21734,91448,264134.0,4069242,4284,4752.0,6076016727.0,428501,27.0,544144.0,49.0,4284,69,638602,1658,108.0,15912,0.006312549,0.99368745,1
2025-07-30T16:13:31.015029,20855,88912,261584.0,4325851,4009,4751.0,6105544116.0,436068,27.0,539042.0,33.0,4009,65,637773,1683,26.0,15734,0.0067573786,0.9932426,1
2025-07-30T16:13:36.132789,22171,91676,260059.0,3994946,4011,4754.0,6124788933.0,432909,27.0,535883.0,46.0,4011,70,631402,1662,86.0,15523,0.0070564747,0.9929435,1
2025-07-30T16:13:41.280458,21880,92996,264126.0,4145874,4048,4744.0,6266476795.0,438490,27.0,544065.0,44.0,4048,60,628552,1706,94.0,15839,0.007240236,0.99275976,1
2025-07-30T16:13:46.423375,21162,91372,260742.0,3841899,4051,4751.0,6151981434.0,437676,26.0,537102.0,55.0,4051,68,648462,1605,104.0,15723,0.00848496,0.99151504,1
2025-07-30T16:13:51.589799,21918,91839,255400.0,4073333,3656,4762.0,5919710654.0,429181,27.0,526509.0,40.0,3656,66,635950,1710,37.0,15554,0.007253349,0.99274665,1
2025-07-30T16:13:56.729285,20642,91084,265380.0,4104810,3927,4116.0,6034731566.0,431308,26.0,546783.0,52.0,3927,67,632062,1660,125.0,16870,0.00745219,0.9925478,1
2025-07-30T16:14:01.850106,21648,89048,264603.0,4084618,4173,4327.0,5945923819.0,434287,27.0,544919.0,41.0,4173,67,641849,1731,110.0,15658,0.005858302,0.9941417,1
2025-07-30T16:14:06.992302,21048,90159,265240.0,4055700,3944,4783.0,6098593096.0,429897,27.0,546488.0,50.0,3944,67,647261,1712,23.0,16118,0.007945597,0.9920544,1
2025-07-30T16:14:12.161551,19670,92089,219372.0,4354865,3925,4838.0,5585236162.0,429162,26.0,454453.0,43.0,3925,63,644129,1712,18.0,15662,0.009775281,0.9902247,1
2025-07-30T16:14:17.305949,18424,90420,63054.0,4160007,3793,4737.0,4197532443.0,436501,26.0,130811.0,56.0,3793,65,637734,1658,24.0,15460,0.023190975,0.976809,1
2025-07-30T16:14:22.422346,17889,78028,12.0,3806695,3453,4739.0,3817353045.0,426074,26.0,69.0,49.0,3453,68,647381,1617,30.0,16171,0.11496806,0.88503194,1
2025-07-30T16:14:27.587282,22445,106317,9.0,3808506,3246,4735.0,3731178043.0,439287,26.0,56.0,46.0,3246,58,657656,1607,24.0,15827,0.82157034,0.17842965,0
2025-07-30T16:14:32.757620,20522,77854,8.0,3920707,3139,4727.0,3808100309.0,442922,25.0,57.0,48.0,3139,65,620795,1521,104.0,15565,0.9042957,0.095704325,0
2025-07-30T16:14:37.875986,17562,81252,16.0,4303439,2946,4738.0,3909015607.0,432906,26.0,93.0,52.0,2946,65,628432,1552,44.0,15495,0.8265393,0.1734607,0
2025-07-30T16:14:42.987481,17167,76844,10.0,3782928,3331,4726.0,3838196205.0,430259,26.0,53.0,50.0,3331,64,632497,1504,19.0,16074,0.6203456,0.37965438,0
2025-07-30T16:14:48.092488,19138,82769,14.0,3936847,3430,4736.0,3800592039.0,427823,26.0,89.0,51.0,3430,64,623290,1676,18.0,15765,0.67820656,0.32179347,0
2025-07-30T16:14:53.285717,16908,80404,10.0,3771602,5517,4851.0,4430340560.0,445628,25.0,102.0,50.0,5517,65,621588,1716,32.0,16110,0.8936976,0.10630235,0
2025-07-30T16:14:58.434899,17423,82786,9.0,3736127,3367,4747.0,3843128964.0,435882,27.0,55.0,50.0,3367,65,744929,1663,22.0,15776,0.87308156,0.12691846,0
2025-07-30T16:15:03.596826,16702,76480,10.0,4476167,3017,4434.0,3777126261.0,429887,25.0,72.0,47.0,3017,72,629783,1571,22.0,15873,0.644308,0.35569206,0
2025-07-30T16:15:08.713255,17227,79709,10.0,3768226,3114,4042.0,3647180096.0,432459,25.0,65.0,47.0,3114,63,638478,1593,119.0,15450,0.54033417,0.45966583,0
2025-07-30T16:15:13.852857,18982,83265,8.0,3859823,4334,4646.0,3815350526.0,430378,26.0,61.0,48.0,4334,65,629574,1827,62.0,15644,0.8942858,0.1057142,0
2025-07-30T16:15:19.021874,17370,82201,13.0,3729079,3309,4709.0,3834208740.0,438759,26.0,87.0,50.0,3309,66,625191,1582,28.0,15624,0.8992395,0.10076052,0
2025-07-30T16:15:24.150672,18534,79867,9.0,3789461,3032,4731.0,3809026701.0,438753,26.0,67.0,47.0,3032,62,641482,1546,103.0,16651,0.686823,0.31317702,0
2025-07-30T16:15:29.286604,18615,80864,9.0,4092366,2967,4726.0,3837353155.0,433819,26.0,60.0,49.0,2967,64,648136,1593,21.0,16358,0.7289684,0.27103165,0
2025-07-30T16:15:34.407945,18623,80800,11.0,3803607,3812,4701.0,3728278559.0,429916,25.0,73.0,48.0,3812,73,632884,1654,108.0,16221,0.7349897,0.2650103,0
2025-07-30T16:15:39.554749,17531,85599,8.0,4022189,3196,4739.0,3741215322.0,439799,26.0,48.0,46.0,3196,63,636233,1640,73.0,15424,0.6622623,0.33773765,0
2025-07-30T16:15:44.727211,22830,77089,12.0,3801075,2980,4723.0,3897713276.0,428765,26.0,75.0,50.0,2980,66,644308,1478,41.0,15449,0.88645345,0.11354654,0
2025-07-30T16:15:49.854000,17014,80526,9.0,3930478,3039,4719.0,3763111607.0,431626,26.0,61.0,46.0,3039,64,634045,1544,91.0,16087,0.85597587,0.14402416,0
2025-07-30T16:15:54.973623,18491,80752,8.0,3915463,3400,4743.0,3871711961.0,437175,26.0,67.0,47.0,3400,65,641019,1536,22.0,15940,0.62217826,0.37782174,0
2025-07-30T16:16:00.087820,18757,81996,18.0,3991425,3239,9447.0,7365677005.0,429001,51.0,130.0,94.0,3239,64,639502,1506,148.0,15614,0.75027317,0.24972685,0
2025-07-30T16:16:05.246370,18404,80336,8.0,3801437,2960,4715.0,3813813001.0,430986,26.0,60.0,48.0,2960,60,639436,1607,100.0,15867,0.8290054,0.17099456,0
2025-07-30T16:16:10.405123,17072,81061,12.0,3843018,3544,4803.0,3776561464.0,435818,26.0,88.0,48.0,3544,63,625660,1577,118.0,15597,0.80732256,0.19267745,0
2025-07-30T16:16:15.530456,18192,80749,8.0,3958212,3102,4194.0,3681630471.0,425344,26.0,61.0,46.0,3102,79,645756,1650,110.0,15448,0.69869184,0.30130813,0
2025-07-30T16:16:20.657951,16766,82472,11.0,3743180,3115,4146.0,3726730879.0,429810,26.0,79.0,53.0,3115,70,627199,1539,30.0,16932,0.46298558,0.5370144,1
2025-07-30T16:16:25.796719,17926,77570,11.0,4128523,3510,4709.0,3684534279.0,428306,25.0,85.0,48.0,3510,63,635277,1591,106.0,15709,0.5112554,0.48874465,0
2025-07-30T16:16:30.936918,17340,80473,10.0,3792326,3014,4724.0,3811287214.0,429192,26.0,56.0,46.0,3014,64,630930,1597,84.0,15081,0.74853086,0.2514691,0
2025-07-30T16:16:36.059397,17754,78520,8.0,4022729,3173,4718.0,3850084692.0,430857,26.0,62.0,48.0,3173,67,632916,1507,106.0,15808,0.6988827,0.30111733,0
2025-07-30T16:16:41.201393,19796,84828,12.0,3679467,3617,4719.0,3744572955.0,424770,26.0,74.0,48.0,3617,67,623383,1633,96.0,15556,0.71486974,0.2851303,0
2025-07-30T16:16:46.324453,23920,83161,8.0,3700489,2890,4718.0,3748753279.0,429182,25.0,66.0,49.0,2890,67,630345,1573,18.0,16007,0.896067,0.103932984,0
2025-07-30T16:16:51.445082,22744,82436,11.0,3952139,3281,4732.0,3853871816.0,425996,26.0,90.0,48.0,3281,67,633232,1466,108.0,15580,0.93929046,0.06070951,0
2025-07-30T16:16:56.595139,17223,84124,9.0,4025473,3255,4729.0,3778665531.0,427475,26.0,59.0,47.0,3255,66,640494,1563,88.0,15926,0.8491035,0.15089647,0
2025-07-30T16:17:01.788125,17247,78712,8.0,3763195,3348,4711.0,3665383445.0,434263,26.0,61.0,47.0,3348,70,627030,1606,103.0,15692,0.60990155,0.39009845,0
2025-07-30T16:17:06.927705,17281,87053,11.0,3941026,3190,4713.0,3821595824.0,441600,26.0,72.0,48.0,3190,65,631076,1624,18.0,15386,0.5887039,0.41129613,0
2025-07-30T16:17:12.052139,16823,77860,13.0,3773618,4297,4797.0,3929025443.0,438566,63.0,54.0,47.0,4297,65,747897,1711,153.0,15639,0.8098904,0.1901096,0
2025-07-30T16:17:17.182455,16948,85274,10.0,4221745,3183,4717.0,3826540347.0,436284,26.0,71.0,49.0,3183,63,622889,1634,96.0,15527,0.89559054,0.104409486,0
2025-07-30T16:17:22.366741,18515,78857,9.0,3766814,3110,4698.0,3660349878.0,430585,26.0,65.0,47.0,3110,64,641091,1491,18.0,15363,0.7903286,0.20967138,0
2025-07-30T16:17:27.483817,18783,81149,9.0,3836475,3284,4748.0,3788105067.0,435135,25.0,79.0,53.0,3284,64,635728,1611,102.0,15767,0.7680416,0.23195837,0
2025-07-30T16:17:32.621627,16970,82904,10.0,3691457,2939,4193.0,3730280752.0,433410,25.0,84.0,49.0,2939,67,624918,1742,103.0,16563,0.75619626,0.24380372,0
2025-07-30T16:17:37.746570,17512,82857,12.0,3804483,4194,4128.0,3715458233.0,436951,26.0,71.0,47.0,4194,67,629511,1712,122.0,15878,0.75756764,0.24243234,0
2025-07-30T16:17:42.948006,17091,77925,9.0,3871417,3070,4706.0,3752042739.0,433626,26.0,56.0,47.0,3070,64,627469,1607,100.0,15765,0.7684368,0.23156321,0
2025-07-30T16:17:48.151416,18157,81517,10.0,4151989,3226,4728.0,3736222339.0,433044,26.0,75.0,48.0,3226,64,639695,1599,18.0,15797,0.6977713,0.30222866,0
2025-07-30T16:17:53.283064,17502,81616,9.0,4071118,2964,4734.0,3867975189.0,452753,25.0,78.0,47.0,2964,69,631728,1626,102.0,15510,0.7721519,0.22784813,0
2025-07-30T16:17:58.391193,17757,83389,8.0,3754650,2984,4741.0,3844731974.0,439750,26.0,60.0,47.0,2984,66,633931,1494,24.0,15456,0.6627196,0.3372804,0
2025-07-30T16:18:03.543872,17583,77523,11.0,3834246,3696,4721.0,3750532636.0,431791,27.0,74.0,48.0,3696,63,628945,1835,25.0,15646,0.77232194,0.22767808,0
2025-07-30T16:18:08.684909,18048,90806,9.0,4029496,3098,4719.0,3648706256.0,429938,25.0,55.0,47.0,3098,76,634774,1508,20.0,15042,0.7640517,0.23594831,0
2025-07-30T16:18:13.808156,18055,77722,11.0,3793498,3202,4802.0,3890357575.0,427093,26.0,72.0,49.0,3202,63,630972,1595,20.0,15614,0.4973678,0.5026322,1
2025-07-30T16:18:18.938269,17891,81696,9.0,3840012,3028,4719.0,3826880234.0,428700,26.0,59.0,47.0,3028,63,632293,1565,20.0,15328,0.7480682,0.25193176,0
2025-07-30T16:18:24.063357,16940,80532,10.0,3742779,3156,4713.0,3697735341.0,432844,26.0,62.0,48.0,3156,66,628474,1606,102.0,15536,0.7286391,0.27136084,0
2025-07-30T16:18:29.181345,17877,82855,10.0,4018811,3383,4700.0,3828007833.0,432333,26.0,72.0,48.0,3383,66,632179,1551,110.0,15197,0.6765425,0.32345748,0
2025-07-30T16:18:34.298410,18263,112265,9.0,3887548,3414,4720.0,3704839871.0,429558,26.0,71.0,46.0,3414,66,634254,1875,88.0,15630,0.89165944,0.10834055,0
2025-07-30T16:18:39.423811,18451,79174,8.0,3826835,3470,4701.0,3671044209.0,441040,25.0,57.0,48.0,3470,65,630419,1590,114.0,15881,0.9013678,0.09863219,0
2025-07-30T16:18:44.577380,19421,84341,16.0,3629111,3202,4732.0,4266559127.0,428820,27.0,90.0,50.0,3202,60,636968,1583,20.0,16377,0.7652645,0.2347355,0
2025-07-30T16:18:49.720325,17276,81637,9.0,3839710,3029,4196.0,3625822418.0,440125,25.0,66.0,47.0,3029,64,626747,1661,100.0,15244,0.8872562,0.11274381,0
2025-07-30T16:18:54.831646,17220,90957,8.0,3835948,3129,4147.0,3809574502.0,432310,26.0,74.0,48.0,3129,64,627714,1572,110.0,15516,0.8377391,0.16226089,0
2025-07-30T16:18:59.958589,17154,80862,11.0,3897964,3092,4728.0,3806854032.0,437194,26.0,84.0,47.0,3092,73,626808,1566,88.0,16101,0.7379037,0.2620963,0
2025-07-30T16:19:05.129978,20720,84951,8.0,3813297,3673,4692.0,3589098243.0,429613,25.0,48.0,46.0,3673,66,632553,1664,114.0,15602,0.6595675,0.34043252,0
2025-07-30T16:19:12.374431,17131,80510,20.0,3682131,2995,9552.0,7595197531.0,433474,52.0,131.0,95.0,2995,62,628854,1585,130.0,16073,0.8227547,0.17724533,0
2025-07-30T16:26:37.037084,19494,89206,82378.0,4160987,3886,4712.0,7265869652.0,430843,26.0,247169.0,41.0,3886,59,619203,1640,20.0,16141,0.55121434,0.44878566,0
2025-07-30T16:29:07.053380,20220,88172,10487151.0,4079139,3728,412061.0,772317582416.0,430744,2252.0,31464925.0,3951.0,3728,64,632518,1665,4885.0,15524,0.18053758,0.8194624,1
2025-07-30T16:29:12.205884,19510,95377,3531711.0,5315313,3640,138219.0,260405397247.0,706511,761.0,10596137.0,1319.0,3640,65,638390,1658,1444.0,16285,0.19330418,0.8066958,1
2025-07-30T16:29:17.360340,18321,81812,38609.0,3811870,3546,4759.0,5507220241.0,432014,25.0,115873.0,65.0,3546,65,629748,1536,24.0,20506,0.0780493,0.9219507,1
2025-07-30T16:29:22.598355,18099,86264,15.0,3704116,2989,4760.0,3943698760.0,429658,26.0,110.0,69.0,2989,65,629159,1524,86.0,16328,0.14149916,0.85850084,1
2025-07-30T16:29:27.777140,17679,83033,12.0,3877423,3138,4744.0,3689794685.0,443283,26.0,56.0,50.0,3138,67,638141,1625,84.0,15394,0.7108237,0.2891763,0
2025-07-30T16:29:32.914733,17240,81944,10.0,4047911,3199,4732.0,3905212462.0,428254,25.0,51.0,55.0,3199,64,636346,1664,78.0,16057,0.7268327,0.2731673,0
2025-07-30T16:29:38.074079,17506,79080,11.0,3910896,3172,4729.0,3809912620.0,427334,26.0,78.0,52.0,3172,64,631920,1568,44.0,15231,0.74364865,0.25635135,0
2025-07-30T16:29:43.204889,21165,80048,9.0,4303491,3166,4751.0,3738409686.0,434363,26.0,56.0,47.0,3166,66,646284,1745,24.0,16128,0.83924544,0.16075459,0
2025-07-30T16:29:48.323562,17313,87341,10.0,3712248,3034,4735.0,3764009464.0,427544,26.0,71.0,51.0,3034,67,623659,1551,18.0,15529,0.8369243,0.16307566,0
2025-07-30T16:29:53.460710,17350,76264,12.0,3866306,3674,4742.0,3790768388.0,434536,25.0,88.0,47.0,3674,66,631378,1654,18.0,15840,0.60525286,0.39474714,0
2025-07-30T16:29:58.627177,18220,76532,8.0,4139525,3074,4501.0,3682781166.0,439305,26.0,61.0,47.0,3074,66,633616,1608,19.0,15502,0.6718379,0.32816204,0
2025-07-30T16:30:03.800010,17867,77348,10.0,3841566,3225,3877.0,3770162283.0,437026,26.0,75.0,51.0,3225,62,628884,1589,25.0,15665,0.7625836,0.23741637,0
2025-07-30T16:30:08.915857,20069,75932,12.0,3876591,3286,4722.0,3702207413.0,431860,26.0,80.0,49.0,3286,67,629406,1877,110.0,15466,0.9205727,0.07942729,0
2025-07-30T16:30:14.044173,21967,79764,14.0,4064510,3275,4810.0,3856987825.0,431641,63.0,53.0,47.0,3275,65,642746,1527,154.0,15403,0.945272,0.05472795,0
2025-07-30T16:30:19.189812,16996,83468,9.0,3809962,3366,4720.0,3707241894.0,434435,26.0,81.0,49.0,3366,64,629259,1613,88.0,15668,0.92988026,0.070119716,0
2025-07-30T16:30:24.333600,17556,80597,11.0,4062420,3037,4736.0,3786330181.0,431594,26.0,85.0,47.0,3037,65,622207,1558,21.0,15267,0.7045208,0.29547918,0
2025-07-30T16:30:29.483587,20248,74232,8.0,3790617,3530,4705.0,3668155664.0,429934,25.0,50.0,46.0,3530,61,632099,1701,80.0,15460,0.8386471,0.16135289,0
2025-07-30T16:30:34.621612,17971,91228,10.0,3802537,3230,4750.0,3727171842.0,428992,26.0,70.0,49.0,3230,63,637720,1557,80.0,15254,0.8999119,0.10008811,0
2025-07-30T16:30:39.813204,17389,79564,9.0,3678517,3168,4741.0,3770965639.0,435265,26.0,59.0,47.0,3168,64,628456,1639,84.0,15403,0.7722976,0.22770238,0
2025-07-30T16:30:44.974111,16767,84104,10.0,4261550,3126,4750.0,4180336277.0,436322,26.0,57.0,48.0,3126,66,633225,1585,85.0,15201,0.75826615,0.24173385,0
2025-07-30T16:30:50.098082,17418,78697,22.0,3997948,3055,9513.0,7709249618.0,440245,52.0,151.0,94.0,3055,68,630792,1847,124.0,16010,0.84077686,0.15922312,0
2025-07-30T16:30:55.244283,20079,82213,10.0,3907536,3442,4742.0,3628173129.0,431729,25.0,81.0,49.0,3442,68,637228,1655,82.0,15445,0.90945274,0.09054724,0
2025-07-30T16:31:00.418515,16691,79992,9.0,3926194,3129,4741.0,3676008509.0,434789,26.0,77.0,47.0,3129,67,628163,1514,106.0,16262,0.7221466,0.27785343,0
2025-07-30T16:31:05.551800,17554,80064,9.0,3762735,3664,4298.0,3736780324.0,437402,26.0,67.0,49.0,3664,64,638679,1852,79.0,16099,0.61021304,0.38978693,0
2025-07-30T16:31:10.706757,17661,74121,10.0,3958506,2935,4208.0,3726144451.0,426532,25.0,71.0,49.0,2935,61,643436,1683,20.0,15947,0.8893823,0.1106177,0
2025-07-30T16:31:15.827829,18925,83172,13.0,3840166,3608,4664.0,3853872822.0,441483,26.0,80.0,48.0,3608,64,627743,1664,104.0,15638,0.8626246,0.13737541,0
2025-07-30T16:31:20.953693,17318,80347,8.0,3718501,3214,4737.0,3794616900.0,431271,26.0,48.0,48.0,3214,65,632063,1735,24.0,15604,0.864751,0.13524903,0
2025-07-30T16:31:26.098169,18012,80475,10.0,3756394,3309,4725.0,3765972152.0,453374,25.0,77.0,48.0,3309,67,633004,1728,20.0,16363,0.76511955,0.23488045,0
2025-07-30T16:31:31.272739,17375,77784,9.0,3896143,3491,4747.0,3721834914.0,428802,26.0,58.0,47.0,3491,62,629518,1615,20.0,15532,0.74246556,0.25753444,0
2025-07-30T16:31:36.415095,20422,78942,8.0,3836013,3719,4735.0,3829273067.0,427521,26.0,60.0,49.0,3719,68,646099,1689,18.0,16482,0.7640575,0.23594247,0
2025-07-30T16:31:41.535686,17865,92972,11.0,3782874,3086,4731.0,3883055332.0,439938,26.0,71.0,47.0,3086,69,636998,1515,20.0,17141,0.6714889,0.32851115,0
2025-07-30T16:31:46.730095,17430,80840,9.0,3755515,3003,4746.0,3789238700.0,431632,26.0,51.0,47.0,3003,69,630365,1601,100.0,15634,0.5429739,0.45702612,0
2025-07-30T16:31:51.895008,17547,84113,10.0,4071770,3185,4745.0,3676266956.0,429095,25.0,81.0,48.0,3185,62,631786,1572,62.0,15557,0.6820848,0.31791523,0
2025-07-30T16:31:57.031223,17878,80025,9.0,3881690,3055,4765.0,3894446899.0,437760,26.0,59.0,47.0,3055,64,624686,1552,27.0,15595,0.7367669,0.26323313,0
2025-07-30T16:32:02.167180,17328,88165,8.0,3839891,3220,4733.0,3794082882.0,441393,26.0,57.0,47.0,3220,69,625992,1627,51.0,15726,0.6987382,0.30126178,0
2025-07-30T16:32:07.330731,17314,78211,10.0,3774280,3358,4742.0,3676527717.0,442851,26.0,71.0,48.0,3358,68,639017,1654,41.0,15329,0.6716573,0.32834265,0
2025-07-30T16:32:12.480828,18471,73600,9.0,3890599,3766,4829.0,3839125893.0,435640,26.0,70.0,47.0,3766,64,648908,1769,34.0,16291,0.7079278,0.2920722,0
2025-07-30T16:32:17.612989,18964,80276,9.0,3936326,2770,4313.0,3736513321.0,482011,26.0,57.0,48.0,2770,65,644114,1569,102.0,16103,0.8264464,0.1735536,0
2025-07-30T16:32:22.765092,17963,81938,14.0,3883119,3196,4052.0,3651864714.0,427607,25.0,88.0,50.0,3196,64,628941,1574,18.0,15526,0.8174937,0.18250631,0
2025-07-30T16:32:27.897131,18808,83923,9.0,3838957,3503,4768.0,3799800063.0,437925,26.0,65.0,47.0,3503,70,636693,1718,27.0,15758,0.8030373,0.19696274,0
2025-07-30T16:32:33.035776,17280,81428,8.0,3736889,3270,4737.0,3734111603.0,431377,26.0,67.0,48.0,3270,67,622010,1597,18.0,15933,0.7179847,0.2820153,0
2025-07-30T16:32:38.157214,17857,84420,10.0,3802502,3399,4734.0,3673131970.0,440528,25.0,71.0,48.0,3399,63,649635,1490,18.0,16906,0.5338216,0.4661784,0
2025-07-30T16:32:43.295917,18467,76802,9.0,3983376,3169,4741.0,3856346959.0,435131,26.0,55.0,47.0,3169,66,650821,1627,18.0,15246,0.6831655,0.3168345,0
2025-07-30T16:32:48.424853,18955,83525,9.0,3848427,3492,4721.0,3688621405.0,428774,25.0,68.0,48.0,3492,65,636845,1670,21.0,16457,0.7782608,0.22173916,0
2025-07-30T16:32:53.558746,17114,82617,11.0,3866565,3242,4765.0,3746874758.0,432616,26.0,79.0,48.0,3242,64,635050,1573,126.0,16035,0.74693775,0.25306222,0
2025-07-30T16:32:58.702355,17621,77138,8.0,3968557,3131,4756.0,3813091037.0,429004,26.0,55.0,47.0,3131,69,639164,1482,20.0,16841,0.50607556,0.49392444,0
2025-07-30T16:33:03.836312,17504,79371,10.0,3980161,3041,4741.0,3748180139.0,433185,26.0,75.0,49.0,3041,66,638080,1603,23.0,15698,0.5002339,0.49976614,0
2025-07-30T16:33:08.979807,25211,80877,9.0,3806473,3087,4735.0,3686009222.0,433349,26.0,55.0,47.0,3087,63,639219,1492,20.0,15275,0.8781214,0.121878594,0
2025-07-30T16:33:14.129766,18047,85970,8.0,3789012,3221,4820.0,3860488910.0,436556,26.0,63.0,47.0,3221,64,632826,1593,18.0,15204,0.94463223,0.05536777,0
2025-07-30T16:33:19.262383,18082,77857,13.0,4069994,3091,4716.0,3874054343.0,430593,25.0,83.0,48.0,3091,67,635241,1464,18.0,16225,0.6905507,0.3094493,0
2025-07-30T16:33:24.422657,18424,76927,8.0,3865758,3190,4745.0,3745403846.0,452845,26.0,52.0,48.0,3190,66,644727,1533,110.0,15750,0.639966,0.360034,0
2025-07-30T16:33:29.567272,17202,79671,10.0,3797376,3130,4300.0,3739288530.0,433821,26.0,70.0,50.0,3130,65,630428,1537,48.0,15605,0.66602194,0.33397803,0
2025-07-30T16:33:34.688421,20692,79672,11.0,3874748,3689,4091.0,3649387971.0,438795,25.0,82.0,48.0,3689,68,626803,1618,26.0,16254,0.7349286,0.26507136,0
2025-07-30T16:33:39.831150,16986,82005,9.0,3889049,4311,4702.0,3659325768.0,433918,26.0,56.0,47.0,4311,65,631701,1583,20.0,15788,0.8185967,0.18140328,0
2025-07-30T16:33:44.966917,17552,79556,8.0,3803869,3005,4743.0,3884572200.0,435898,26.0,67.0,48.0,3005,61,627313,1545,18.0,15301,0.69931364,0.30068636,0
2025-07-30T16:33:50.132637,17648,79417,12.0,3868473,3250,4721.0,3731975551.0,432068,25.0,69.0,48.0,3250,63,628748,1502,18.0,15528,0.72870314,0.27129686,0
2025-07-30T16:33:55.294928,17696,106583,19.0,4060919,2987,9523.0,7452292544.0,430677,52.0,142.0,97.0,2987,70,639859,1618,139.0,15898,0.7463521,0.2536479,0
2025-07-30T16:34:00.422712,18168,85128,9.0,3729045,4160,4743.0,3719025269.0,440710,26.0,70.0,52.0,4160,57,623858,1590,68.0,15413,0.8886331,0.11136695,0
2025-07-30T16:34:05.579899,17930,91344,8.0,3838145,2840,4765.0,3863213363.0,435370,25.0,57.0,48.0,2840,65,633991,1699,56.0,16328,0.9281212,0.071878806,0
2025-07-30T16:34:10.802881,18031,80046,11.0,3704532,3123,4812.0,3822607624.0,432192,26.0,81.0,47.0,3123,64,631405,1731,31.0,15677,0.7765236,0.22347641,0
2025-07-30T16:34:15.931444,19954,84765,2991.0,3752689,3458,4781.0,4233626569.0,437696,64.0,12150.0,128.0,3458,61,627413,1627,418.0,15251,0.90585434,0.09414564,0
2025-07-30T16:34:21.075620,17655,84968,3489.0,3826485,3200,4821.0,4485737885.0,439087,65.0,14200.0,157.0,3200,76,639050,1781,422.0,16446,0.88347286,0.11652714,0
2025-07-30T16:34:26.226640,18365,78285,3491.0,4046039,3010,4785.0,4122070762.0,447135,65.0,14162.0,128.0,3010,201,639962,1653,878.0,15769,0.078921676,0.9210783,1
2025-07-30T16:34:31.349760,17691,107697,3984.0,4298247,2535,4810.0,4472605894.0,425553,65.0,16177.0,156.0,2535,65,630999,1803,495.0,15635,0.011504054,0.98849595,1
2025-07-30T16:34:36.483233,18878,87715,3986.0,3996544,3732,4372.0,4310000740.0,433720,65.0,16191.0,157.0,3732,63,631163,1841,457.0,15534,0.9372708,0.06272919,0
2025-07-30T16:34:41.678835,17563,78201,3988.0,3978339,3240,4150.0,4279981680.0,429792,66.0,16193.0,155.0,3240,67,626250,1570,490.0,16198,0.8279853,0.17201471,0
2025-07-30T16:34:46.817632,17844,87734,3984.0,3915421,3441,4822.0,4521466031.0,443033,26.0,16173.0,155.0,3441,63,631860,1464,484.0,16060,0.81028414,0.18971588,0
2025-07-30T16:34:51.940955,19199,83809,3988.0,4053214,3021,4960.0,4773164177.0,439911,66.0,16221.0,159.0,3021,60,1167769,1634,539.0,16381,0.7406358,0.2593642,0
2025-07-30T16:34:57.112948,17111,82466,4773.0,3762465,3108,4829.0,4556704783.0,436937,67.0,19371.0,176.0,3108,72,638164,1510,814.0,15772,0.48368418,0.5163158,1
2025-07-30T16:35:02.352010,18102,79284,4190.0,3720451,3294,4856.0,4509871633.0,434376,67.0,17020.0,162.0,3294,63,635661,1972,1124.0,16691,0.49134982,0.5086502,1
2025-07-30T16:35:07.478429,17540,82156,3987.0,4604279,3046,4806.0,4504118295.0,429253,66.0,16191.0,156.0,3046,67,627966,1669,454.0,15342,0.62655187,0.3734481,0
2025-07-30T16:35:12.635896,19424,77972,3984.0,3883572,3489,4894.0,4646824942.0,440705,66.0,16174.0,155.0,3489,64,624476,1653,450.0,15977,0.80759203,0.192408,0
2025-07-30T16:35:17.812579,17813,82960,3987.0,3841613,3155,4826.0,4519770885.0,438439,26.0,16194.0,157.0,3155,64,630610,1567,450.0,15927,0.89033717,0.109662816,0
2025-07-30T16:35:22.966744,16811,76901,3986.0,4931130,3135,4814.0,4483329878.0,426588,66.0,16191.0,155.0,3135,65,631316,1638,454.0,14908,0.7559879,0.24401215,0
2025-07-30T16:35:28.085067,17594,76571,3984.0,4215494,3102,4810.0,4492067924.0,438334,66.0,16186.0,156.0,3102,65,633344,1520,450.0,16167,0.6941623,0.3058377,0
2025-07-30T16:35:33.244164,20557,86961,3987.0,4096100,3095,4825.0,4518678155.0,444645,67.0,16191.0,156.0,3095,66,973811,1530,1299.0,15025,0.60266274,0.39733726,0
2025-07-30T16:35:38.435111,17912,117192,4930.0,3918310,3002,4822.0,4611654302.0,434870,66.0,20017.0,178.0,3002,68,626102,1539,534.0,15869,0.12071586,0.87928414,1
2025-07-30T16:35:43.563889,17966,80505,4033.0,3780646,3456,4563.0,4503988284.0,436444,66.0,16369.0,159.0,3456,64,637017,1529,494.0,16143,0.3761443,0.6238557,1
2025-07-30T16:35:48.738211,17610,81885,3989.0,3934471,3002,4241.0,4381771592.0,435671,26.0,16214.0,157.0,3002,64,637828,1531,450.0,16306,0.84894764,0.15105233,0
2025-07-30T16:35:53.889617,17601,78628,3986.0,4079378,3187,4577.0,4378137415.0,469162,67.0,16214.0,154.0,3187,65,629411,1548,450.0,15571,0.69207436,0.30792564,0
2025-07-30T16:35:59.029825,18491,78988,3984.0,3815933,2649,4816.0,4399006292.0,435971,65.0,16189.0,155.0,2649,62,635379,1797,276.0,15817,0.91872084,0.081279166,0
2025-07-30T16:36:04.181881,17642,79781,3986.0,3994940,3038,4790.0,4383044093.0,436678,65.0,16198.0,156.0,3038,66,641512,1520,96.0,16138,0.88727546,0.11272456,0
2025-07-30T16:36:09.299293,19384,83066,2991.0,4145000,3210,4863.0,4496617376.0,430225,64.0,12147.0,125.0,3210,64,639919,1547,1537.0,15547,0.76613396,0.23386602,0
2025-07-30T16:36:14.475582,14015,84617,4978.0,3950022,3634,4913.0,4739476345.0,433738,72.0,20212.0,183.0,3634,62,631948,1653,544.0,16413,0.45142055,0.54857945,1
2025-07-30T16:36:19.639070,17045,81562,3989.0,3791842,3164,4822.0,4326770451.0,428977,67.0,16198.0,156.0,3164,63,626923,1943,475.0,18219,0.4941529,0.5058471,1
2025-07-30T16:36:24.791379,18105,81116,3986.0,4020456,3024,4810.0,4580125598.0,440271,25.0,16179.0,158.0,3024,65,634281,1579,450.0,15654,0.5596485,0.4403515,0
2025-07-30T16:36:29.904433,18021,83532,3986.0,3794028,3175,4816.0,4497681764.0,444999,66.0,16197.0,157.0,3175,68,626329,1544,450.0,16320,0.6696904,0.3303096,0
2025-07-30T16:36:35.126431,20619,80761,3985.0,3857802,3688,4830.0,4537120740.0,428672,67.0,16177.0,155.0,3688,71,630652,1732,450.0,16358,0.7761448,0.22385521,0
2025-07-30T16:36:40.269234,17708,86947,8967.0,3909816,3772,9658.0,9519557456.0,434671,133.0,36406.0,338.0,3772,62,628688,1626,1859.0,16302,0.7332968,0.2667032,0
2025-07-30T16:36:45.665478,17314,106553,3984.0,3863826,3156,4215.0,4348461839.0,431417,66.0,16170.0,154.0,3156,68,632906,1608,462.0,15205,0.7146809,0.28531906,0
2025-07-30T16:36:50.805669,18994,81471,3987.0,3908056,3411,4326.0,4349425434.0,478546,25.0,16201.0,158.0,3411,75,631715,1664,452.0,16592,0.46952093,0.5304791,1
2025-07-30T16:36:55.934836,17421,84680,3987.0,3884994,3013,4838.0,4832403217.0,426497,66.0,16195.0,156.0,3013,62,627744,1571,451.0,15583,0.66464674,0.33535323,0
2025-07-30T16:37:01.056764,17585,82210,3986.0,3791853,3578,4819.0,4580779643.0,437456,67.0,16175.0,155.0,3578,61,635026,1628,1136.0,15794,0.85948753,0.14051245,0
2025-07-30T16:37:06.294509,23411,76880,3984.0,7684465,3169,4817.0,4486008956.0,434362,66.0,16185.0,156.0,3169,67,649091,1546,505.0,15176,0.76482916,0.23517086,0
2025-07-30T16:37:11.462308,18106,91225,3987.0,3820828,3529,4894.0,4529000518.0,425440,66.0,16188.0,156.0,3529,76,639443,1620,998.0,15826,0.28574526,0.71425474,1
2025-07-30T16:37:16.588942,18508,82002,4978.0,3787931,4668,4845.0,4823659585.0,427809,67.0,20199.0,182.0,4668,61,637322,1468,554.0,15503,0.6695503,0.3304497,0
2025-07-30T16:37:21.718249,17512,87868,3988.0,3891574,3369,4830.0,4509790161.0,430800,26.0,16197.0,157.0,3369,62,645407,1473,500.0,16359,0.952613,0.047387015,0
2025-07-30T16:37:26.903115,18520,81034,3985.0,3858743,3018,4822.0,4318354449.0,680854,66.0,16201.0,154.0,3018,67,627968,1704,452.0,15846,0.7858039,0.2141961,0
2025-07-30T16:37:32.040148,18619,89594,3984.0,3848287,3428,4832.0,4540475812.0,429732,66.0,16186.0,156.0,3428,65,639862,1650,450.0,15828,0.86369205,0.13630795,0
2025-07-30T16:37:37.175078,17223,80744,3987.0,4036308,3008,4822.0,4502746496.0,439357,67.0,16191.0,155.0,3008,70,639375,1400,451.0,16005,0.70823765,0.29176238,0
2025-07-30T16:37:42.319346,17463,80879,3984.0,4533452,3356,4800.0,4578080098.0,439195,65.0,16168.0,155.0,3356,63,637664,1652,1278.0,16085,0.5247178,0.47528222,0
2025-07-30T16:37:47.499772,18657,79061,3986.0,3830139,3374,4827.0,4439683973.0,431931,26.0,16194.0,156.0,3374,65,645500,1635,455.0,15897,0.6084137,0.3915863,0
2025-07-30T16:37:52.632786,20896,85702,4980.0,3940804,3682,4703.0,4710432685.0,439296,67.0,20228.0,182.0,3682,62,646272,1593,587.0,16005,0.7793124,0.2206876,0
2025-07-30T16:37:57.742604,17492,85142,3984.0,3687345,3311,4286.0,4416274188.0,442148,66.0,16174.0,156.0,3311,65,641379,1576,1135.0,17097,0.712885,0.28711498,0
2025-07-30T16:38:02.930515,17202,87000,3987.0,3847572,3306,4441.0,4339124288.0,429746,67.0,16191.0,157.0,3306,65,627951,1883,459.0,17946,0.29061496,0.70938504,1
2025-07-30T16:38:08.091945,17774,79353,3988.0,3743656,3063,4810.0,4477835145.0,439984,66.0,16195.0,156.0,3063,76,632695,1563,456.0,15689,0.43108487,0.5689151,1
2025-07-30T16:38:13.269526,18155,87386,3984.0,3778331,3138,4888.0,4583831305.0,453257,66.0,16171.0,155.0,3138,76,638154,1654,1064.0,16358,0.5374971,0.4625029,0
2025-07-30T16:38:18.436671,17743,85558,3986.0,3838597,3151,4812.0,4425640271.0,430834,25.0,16195.0,157.0,3151,66,641544,1594,456.0,15366,0.48399264,0.51600736,1
2025-07-30T16:38:23.560207,17459,83109,3987.0,3944291,3336,4828.0,4346318668.0,498104,67.0,16186.0,155.0,3336,62,627599,1603,493.0,15739,0.7589483,0.2410517,0
2025-07-30T16:38:28.694645,17464,91065,3984.0,3823725,3754,4813.0,4371313050.0,425646,65.0,16189.0,153.0,3754,71,639020,1620,450.0,24654,0.21375984,0.78624016,1
2025-07-30T16:38:33.894968,19657,110749,2992.0,3700647,3515,4796.0,4418037553.0,432649,66.0,12165.0,131.0,3515,67,641878,1563,653.0,16129,0.024532676,0.9754673,1
2025-07-30T16:38:39.089952,19131,95383,3985.0,4439310,3266,4820.0,4308459340.0,437613,65.0,16173.0,155.0,3266,81,643898,1480,789.0,16096,0.09455967,0.90544033,1
2025-07-30T16:38:44.230564,17261,78243,3984.0,3915336,3133,4828.0,4547444369.0,440424,66.0,16182.0,156.0,3133,61,622898,1565,450.0,15901,0.29691476,0.70308524,1
2025-07-30T16:38:49.372964,17819,81711,4981.0,3975852,3034,4847.0,4739630444.0,434642,67.0,20218.0,182.0,3034,65,628694,1592,1035.0,14830,0.8537024,0.14629759,0
2025-07-30T16:38:54.517070,19319,81304,3987.0,3734311,3145,4836.0,4500193853.0,435180,66.0,16189.0,156.0,3145,69,627265,1594,569.0,15225,0.81872755,0.18127245,0
2025-07-30T16:38:59.648162,17306,93060,3986.0,3775514,2969,4807.0,4565765509.0,434890,67.0,16192.0,157.0,2969,62,634764,1457,452.0,15737,0.8881771,0.11182291,0
2025-07-30T16:39:04.784149,17487,82140,3985.0,3752467,2945,4334.0,4483448972.0,430652,25.0,16214.0,161.0,2945,62,644078,1652,1045.0,16816,0.84342664,0.15657337,0
2025-07-30T16:39:09.993844,17322,82021,3984.0,3771952,2980,4279.0,4380412109.0,451201,67.0,16176.0,155.0,2980,61,632328,1550,495.0,15997,0.5879737,0.4120263,0
2025-07-30T16:39:15.129730,19790,83081,7974.0,3722301,3677,9705.0,9228620318.0,440118,133.0,32392.0,312.0,3677,66,631093,1789,904.0,15969,0.91570616,0.08429381,0
2025-07-30T16:39:20.253510,18622,81190,4981.0,3947941,3313,4837.0,4547444526.0,433840,66.0,20218.0,183.0,3313,63,644525,1641,560.0,16172,0.89785945,0.10214055,0
2025-07-30T16:39:25.392374,17551,75636,3987.0,4013000,3404,4801.0,4434370274.0,448918,66.0,16190.0,156.0,3404,67,627530,1573,452.0,15184,0.8106981,0.18930192,0
2025-07-30T16:39:30.551305,17010,78385,3985.0,4074207,3051,4831.0,4457724849.0,438841,26.0,16179.0,155.0,3051,66,642749,1540,1246.0,15466,0.7780377,0.22196227,0
2025-07-30T16:39:35.676160,19476,81407,3984.0,3779348,3719,4801.0,4509216784.0,435521,66.0,16186.0,156.0,3719,68,640605,1576,500.0,15447,0.42298186,0.57701814,1
2025-07-30T16:39:41.028263,17507,84261,3988.0,3744569,2657,4823.0,4497428222.0,441854,67.0,16186.0,156.0,2657,66,650450,1736,478.0,16844,0.82304174,0.17695825,0
2025-07-30T16:39:46.220809,17303,82188,3984.0,3913278,3349,4815.0,4438870735.0,661088,66.0,16172.0,155.0,3349,72,642444,1671,499.0,15526,0.68917453,0.31082547,0
2025-07-30T16:39:51.353223,17644,86084,4981.0,4268414,3469,4857.0,4993849893.0,443933,66.0,20235.0,184.0,3469,67,635112,1752,545.0,15816,0.70405114,0.29594886,0
2025-07-30T16:39:56.971303,17445,80041,3985.0,6217647,3386,4835.0,4502010608.0,437818,67.0,16177.0,155.0,3386,66,630807,1620,508.0,15572,0.5285529,0.47144714,0
2025-07-30T16:40:02.104055,17824,82234,3984.0,3832715,4015,4813.0,4492778090.0,431042,25.0,16183.0,156.0,4015,59,635391,1670,1227.0,15970,0.41577733,0.5842227,1
2025-07-30T16:40:07.221817,18089,85849,3987.0,3813749,2980,4549.0,4261747322.0,444561,67.0,16194.0,156.0,2980,71,632659,1614,91.0,16519,0.43513572,0.5648643,1
2025-07-30T16:40:12.359631,17164,86433,3984.0,3731830,3319,4313.0,4595792164.0,441621,69.0,16175.0,155.0,3319,69,633517,1621,915.0,17846,0.45945024,0.54054976,1
2025-07-30T16:40:17.590275,16919,78723,3984.0,3775075,4204,4564.0,4389640841.0,638715,25.0,16178.0,156.0,4204,68,631777,1665,488.0,15965,0.37429434,0.62570566,1
2025-07-30T16:40:22.709728,17618,81809,4742.0,4000101,3046,4826.0,4677158912.0,437412,67.0,19261.0,179.0,3046,63,628347,1402,621.0,15930,0.64346194,0.35653806,0
2025-07-30T16:40:27.846049,17346,77952,4227.0,3868235,3193,4828.0,4537819681.0,435988,66.0,17155.0,161.0,3193,66,629865,1583,1133.0,16142,0.66952974,0.33047026,0
2025-07-30T16:40:33.046141,21519,83125,3984.0,4583132,3767,4813.0,4425890229.0,433351,66.0,16179.0,156.0,3767,66,958781,1625,449.0,15055,0.6940024,0.30599758,0
2025-07-30T16:40:38.175977,16972,97433,3987.0,3811351,3629,4814.0,4568391131.0,428834,67.0,16200.0,156.0,3629,66,637863,1592,950.0,15666,0.5052789,0.4947211,0
2025-07-30T16:40:43.335922,18506,89815,3984.0,3838790,3079,4818.0,4518385927.0,440489,66.0,16180.0,154.0,3079,68,631329,1651,450.0,15721,0.53414226,0.46585774,0
2025-07-30T16:40:48.724099,17739,81902,3986.0,3910056,3471,4806.0,4422831874.0,439728,26.0,16191.0,157.0,3471,77,634316,1610,478.0,15840,0.68720627,0.31279376,0
2025-07-30T16:40:53.855599,17812,87368,3986.0,3832785,2943,4837.0,4513896048.0,790748,66.0,16200.0,154.0,2943,64,632519,1748,452.0,15464,0.78061336,0.21938665,0
2025-07-30T16:40:59.012707,19221,77236,4978.0,3826584,3002,4840.0,5030729835.0,443279,66.0,20220.0,182.0,3002,64,638143,1454,569.0,15930,0.9741213,0.025878726,0
2025-07-30T16:41:04.152191,17435,79941,3986.0,3930080,4155,4825.0,4533057342.0,433372,67.0,16187.0,156.0,4155,65,634835,1800,450.0,15281,0.8785745,0.1214255,0
2025-07-30T16:41:09.335425,21485,82620,3985.0,4576515,3227,4794.0,4477992856.0,438554,66.0,16178.0,155.0,3227,60,808061,1584,1319.0,16083,0.85267025,0.14732975,0
2025-07-30T16:41:14.488045,17636,87592,3984.0,3787054,3548,4849.0,4516439970.0,432370,66.0,16187.0,156.0,3548,73,637861,1645,451.0,15887,0.34238505,0.65761495,1
2025-07-30T16:41:19.621515,17397,83475,3987.0,3851425,3350,4365.0,4555527357.0,432497,26.0,16204.0,156.0,3350,63,640543,1654,450.0,16760,0.6590228,0.34097722,0
2025-07-30T16:41:24.817246,19504,89231,3985.0,3834653,3108,4202.0,4503803400.0,432838,67.0,16183.0,155.0,3108,66,624363,1528,452.0,16175,0.6915326,0.3084674,0
2025-07-30T16:41:29.958522,17984,83760,4717.0,3696478,2977,4810.0,4414249965.0,498832,66.0,19176.0,182.0,2977,62,643580,1574,491.0,15352,0.9194472,0.080552794,0
2025-07-30T16:41:35.106511,19698,81150,4251.0,3853473,2525,4822.0,4573334851.0,573562,67.0,17245.0,159.0,2525,66,646959,1794,523.0,15231,0.9727218,0.027278183,0
2025-07-30T16:41:40.236593,17662,78104,7971.0,4030774,3020,9614.0,9279268044.0,445394,132.0,32372.0,312.0,3020,70,636555,1733,1755.0,15784,0.8056052,0.19439483,0
2025-07-30T16:41:45.359094,17051,81408,3986.0,3879980,3263,4809.0,4521259248.0,444952,26.0,16190.0,154.0,3263,63,631986,1732,455.0,15828,0.72561747,0.27438253,0
2025-07-30T16:41:50.527314,19714,84221,3985.0,4118610,3929,4838.0,4539661032.0,432825,67.0,16196.0,156.0,3929,62,638340,1508,452.0,16014,0.79759586,0.20240416,0
2025-07-30T16:41:55.698193,19342,89777,3986.0,3833208,2511,4857.0,4516986615.0,425761,66.0,16189.0,156.0,2511,61,638068,1983,1210.0,15141,0.9357538,0.06424619,0
2025-07-30T16:42:00.931701,17978,86481,4979.0,3816828,4042,4805.0,4606146725.0,438895,66.0,20201.0,181.0,4042,68,628273,1975,610.0,17310,0.53019625,0.46980375,0
2025-07-30T16:42:06.056232,17704,81793,3984.0,3883709,3118,4817.0,4478223518.0,563397,67.0,16181.0,156.0,3118,65,626865,2029,856.0,15869,0.49134147,0.5086585,1
2025-07-30T16:42:11.178903,19761,75005,3987.0,3697911,3434,4871.0,4572803797.0,439519,66.0,16192.0,156.0,3434,70,629912,1675,653.0,17180,0.64988935,0.35011068,0
2025-07-30T16:42:16.319972,18352,84246,3984.0,3768814,3188,4827.0,4528033445.0,435678,26.0,16180.0,155.0,3188,83,635972,1531,486.0,15958,0.53760976,0.46239024,0
2025-07-30T16:42:21.468052,17623,88140,3987.0,3776577,3022,4393.0,4262818692.0,435334,66.0,16196.0,156.0,3022,67,634481,1674,452.0,16537,0.27421296,0.72578704,1
2025-07-30T16:42:26.661342,17547,92264,2991.0,3961060,3221,4212.0,4121561537.0,435062,66.0,12157.0,128.0,3221,68,630494,1736,988.0,15810,0.51821005,0.48178992,0
2025-07-30T16:42:31.932691,18584,87470,3984.0,3811164,3202,4708.0,4342751971.0,430131,65.0,16172.0,156.0,3202,65,803111,1559,450.0,15397,0.5795027,0.4204973,0
2025-07-30T16:42:37.082822,17473,78020,3986.0,3827224,3019,4801.0,4437822471.0,439673,65.0,16194.0,157.0,3019,65,631031,1512,451.0,15863,0.7794316,0.22056842,0
2025-07-30T16:42:42.222928,17606,80740,3990.0,4303479,3183,4814.0,5034884514.0,439488,66.0,16197.0,155.0,3183,61,629463,1641,1042.0,16189,0.7366824,0.26331756,0
2025-07-30T16:42:47.358367,17998,80797,3984.0,4116097,2948,4804.0,4518722610.0,431006,66.0,16172.0,155.0,2948,67,641086,1666,490.0,15653,0.75261956,0.24738042,0
2025-07-30T16:42:52.508041,17938,84720,3987.0,3787828,3379,4825.0,4461395883.0,434156,66.0,16203.0,157.0,3379,65,639881,1571,452.0,15453,0.8080661,0.19193386,0
2025-07-30T16:42:57.641985,17395,88069,4106.0,3857771,3066,4849.0,4668687664.0,436633,67.0,16677.0,164.0,3066,66,632547,1597,1112.0,15882,0.74022204,0.25977796,0
2025-07-30T16:43:02.740658,18182,78941,4857.0,4382567,3189,4827.0,4413619331.0,441172,25.0,19715.0,174.0,3189,71,633731,1622,546.0,16067,0.5627515,0.43724853,0
2025-07-30T16:43:07.904702,17437,80455,3987.0,3787675,3082,4816.0,4454949092.0,435774,67.0,16190.0,155.0,3082,67,624677,1764,462.0,16936,0.34718812,0.6528119,1
2025-07-30T16:43:13.076149,19271,116068,3984.0,3719531,3742,4883.0,4591401949.0,468727,66.0,16173.0,155.0,3742,65,647730,1646,1087.0,16187,0.28345132,0.7165487,1
2025-07-30T16:43:18.229799,17370,85839,3986.0,3832438,3234,4834.0,4551689374.0,435349,67.0,16198.0,157.0,3234,63,628230,1706,508.0,16330,0.19885474,0.80114526,1
2025-07-30T16:43:23.377483,17344,82029,3986.0,3987030,3046,4795.0,4552054190.0,437123,65.0,16188.0,155.0,3046,63,632357,1487,452.0,15632,0.8196258,0.18037422,0
2025-07-30T16:43:28.590873,17426,85870,3984.0,4027181,3183,4644.0,4477391924.0,431904,26.0,16180.0,156.0,3183,110,627203,1509,454.0,16323,0.53459924,0.46540076,0
2025-07-30T16:43:33.722509,20261,83227,4980.0,4189122,3152,4238.0,4618960813.0,431836,67.0,20221.0,182.0,3152,67,635390,1565,562.0,15881,0.048522234,0.95147777,1
2025-07-30T16:43:38.887365,17839,75765,3986.0,3781864,3059,4493.0,4324630315.0,432688,66.0,16177.0,155.0,3059,68,631542,1556,450.0,18690,0.55643547,0.44356456,0
2025-07-30T16:43:44.092418,17134,84968,3984.0,3874380,3486,4819.0,4558961369.0,432297,67.0,16180.0,156.0,3486,64,639092,1868,450.0,16999,0.43596756,0.56403244,1
2025-07-30T16:43:49.266239,17976,80699,3989.0,4277133,3300,4809.0,4553920131.0,453447,66.0,16210.0,158.0,3300,61,627655,1582,1313.0,15898,0.57329035,0.42670962,0
2025-07-30T16:43:54.404352,16878,82489,3986.0,3838851,3627,4840.0,4447640715.0,433208,66.0,16190.0,154.0,3627,69,628950,1584,419.0,15656,0.6263831,0.37361687,0
2025-07-30T16:43:59.524953,17943,86644,3984.0,3832137,3015,4841.0,4654092200.0,434124,26.0,16192.0,156.0,3015,67,631965,1639,505.0,16177,0.75930625,0.24069376,0
2025-07-30T16:44:04.658158,17211,80508,4887.0,4411565,3062,4863.0,4672968496.0,433787,67.0,19847.0,182.0,3062,71,638325,1536,582.0,15470,0.6205894,0.37941062,0
2025-07-30T16:44:09.767163,17313,94545,4078.0,3926301,3229,4847.0,4324502054.0,435399,66.0,16559.0,160.0,3229,61,633786,1581,487.0,15564,0.7129768,0.28702316,0
2025-07-30T16:44:14.902398,20032,92266,3986.0,3819732,3292,4882.0,4646336517.0,433937,66.0,16194.0,157.0,3292,66,649043,1666,481.0,16212,0.7973794,0.20262066,0
2025-07-30T16:44:20.084846,18163,84414,1003.0,3814462,3438,4771.0,4023982714.0,432457,26.0,4087.0,74.0,3438,72,630368,1749,886.0,16410,0.6385608,0.3614392,0
2025-07-30T16:44:25.237753,17711,82825,19.0,3858137,3184,9473.0,7503143026.0,435347,51.0,131.0,95.0,3184,66,636678,1601,37.0,15611,0.44344473,0.5565553,1
2025-07-30T16:44:30.383857,17983,78224,9.0,4084540,3281,4728.0,3695859147.0,435212,27.0,58.0,47.0,3281,60,638678,1656,20.0,15991,0.8210395,0.17896052,0
2025-07-30T16:44:35.508003,20290,82673,8.0,3823304,3704,4462.0,3773160595.0,431453,25.0,65.0,48.0,3704,65,632907,1588,92.0,15049,0.88887566,0.11112435,0
2025-07-30T16:44:40.632988,17995,84849,11.0,3792210,3114,4115.0,3668066025.0,443050,26.0,74.0,48.0,3114,66,632381,1560,22.0,15571,0.8469569,0.15304309,0
2025-07-30T16:44:45.766690,17531,80528,8.0,3686564,3278,4543.0,3805970878.0,455928,26.0,59.0,46.0,3278,66,641577,1691,114.0,15964,0.79117113,0.20882888,0
2025-07-30T16:44:50.908048,17485,86901,12.0,3857967,3119,4880.0,3823853146.0,440511,26.0,120.0,52.0,3119,59,643992,1642,95.0,16487,0.8159963,0.18400368,0
2025-07-30T16:44:56.057968,16552,79237,13.0,4052310,5219,4749.0,3827289106.0,431521,25.0,77.0,48.0,5219,67,622916,1690,83.0,15920,0.78554237,0.21445765,0
2025-07-30T16:45:01.206269,17663,83237,8.0,3652600,3363,4737.0,3771019183.0,434810,26.0,48.0,47.0,3363,64,634541,1682,20.0,15972,0.7008266,0.2991734,0
2025-07-30T16:45:06.339222,18476,75135,10.0,3817117,3016,4721.0,3770892905.0,434653,26.0,74.0,49.0,3016,68,637697,1667,82.0,16177,0.77053005,0.22946995,0
2025-07-30T16:45:11.468029,17240,76577,9.0,3863013,4513,4809.0,3886373670.0,433501,25.0,59.0,46.0,4513,65,633044,1583,80.0,15557,0.67953175,0.32046825,0
2025-07-30T16:45:16.601642,18059,76708,8.0,3734212,3187,4724.0,3836763952.0,434202,26.0,56.0,48.0,3187,67,633648,1628,93.0,16842,0.5983983,0.40160164,0
2025-07-30T16:45:21.727802,20723,89714,10.0,3847349,3209,4743.0,3736015516.0,440680,26.0,69.0,48.0,3209,65,635991,1638,138.0,15590,0.76597536,0.23402466,0
2025-07-30T16:45:26.884486,17986,82881,10.0,3768962,3185,4731.0,3824846584.0,429231,26.0,57.0,47.0,3185,68,631431,1496,18.0,15637,0.7909812,0.20901881,0
2025-07-30T16:45:32.034421,17633,80895,8.0,3977531,3213,4735.0,3786256296.0,442742,26.0,75.0,47.0,3213,64,641680,1557,86.0,17075,0.5868139,0.41318604,0
2025-07-30T16:45:37.197211,17326,82421,11.0,3816073,3195,4754.0,3801693022.0,441007,26.0,68.0,48.0,3195,65,625660,1484,80.0,15100,0.63948023,0.36051974,0
2025-07-30T16:45:42.350725,19802,78848,9.0,3800285,3587,4732.0,3831688346.0,430935,26.0,53.0,47.0,3587,67,637758,1708,80.0,15533,0.7769995,0.22300051,0
2025-07-30T16:45:47.482544,17804,85112,10.0,3792324,3161,4699.0,3727868419.0,432819,25.0,79.0,48.0,3161,67,624673,1642,82.0,15548,0.84529686,0.15470316,0
2025-07-30T16:45:52.620004,16873,80935,9.0,3852577,3655,4353.0,3726431993.0,433072,26.0,81.0,47.0,3655,67,635726,1559,19.0,15624,0.6445265,0.35547352,0
2025-07-30T16:45:57.747432,17310,75244,9.0,4006251,3118,4076.0,3851667878.0,435849,26.0,57.0,47.0,3118,60,631954,1549,58.0,15654,0.6618809,0.3381191,0
2025-07-30T16:46:02.867494,17690,83897,10.0,3863893,3110,4701.0,3672106763.0,438399,25.0,75.0,49.0,3110,66,632155,1452,48.0,15925,0.7239888,0.27601123,0
2025-07-30T16:46:08.004168,18396,80787,12.0,3777379,3959,4725.0,3676626335.0,440375,26.0,72.0,49.0,3959,65,629671,1580,160.0,15952,0.6326151,0.3673849,0
2025-07-30T16:46:13.152098,17638,83144,8.0,3807711,3053,4801.0,3958011822.0,429122,26.0,55.0,47.0,3053,64,629894,1642,55.0,16001,0.6952012,0.30479878,0
2025-07-30T16:46:18.317211,16450,80732,10.0,3742930,3052,4726.0,3771072493.0,435291,26.0,75.0,49.0,3052,66,635696,1555,20.0,16191,0.6409569,0.35904315,0
2025-07-30T16:46:23.463152,17748,80042,10.0,3810181,3142,4721.0,3815330883.0,453377,26.0,58.0,50.0,3142,69,621677,1580,91.0,16280,0.51917523,0.48082477,0
2025-07-30T16:46:28.587857,17134,78137,9.0,3792719,3272,4707.0,3833410715.0,431942,25.0,80.0,48.0,3272,61,637968,1639,82.0,15484,0.67400193,0.3259981,0
2025-07-30T16:46:33.721871,18715,81132,11.0,3738269,3512,4715.0,3758982802.0,441049,26.0,70.0,48.0,3512,69,625847,1677,22.0,15063,0.8017702,0.1982298,0
2025-07-30T16:46:38.836858,21520,84196,8.0,3783180,3145,4716.0,3657788970.0,433021,26.0,52.0,47.0,3145,68,644724,1548,19.0,15399,0.84845316,0.1515468,0
2025-07-30T16:46:43.998185,18608,88745,10.0,3840097,3239,4712.0,3872347207.0,431393,26.0,74.0,49.0,3239,66,641521,1569,24.0,16071,0.82367706,0.1763229,0
2025-07-30T16:46:49.221232,17143,79807,9.0,3933043,3067,4706.0,3716761374.0,434351,25.0,70.0,47.0,3067,68,623591,1551,30.0,15152,0.7099134,0.29008666,0
2025-07-30T16:46:54.375914,20214,77914,8.0,3796078,3576,4756.0,3816825282.0,435639,27.0,82.0,48.0,3576,68,631955,1767,18.0,15484,0.748224,0.25177598,0
2025-07-30T16:46:59.511311,17698,83616,11.0,3864953,2951,4733.0,3929400855.0,436135,25.0,74.0,48.0,2951,65,627033,1724,102.0,15579,0.90994865,0.090051346,0
2025-07-30T16:47:04.644258,17782,80841,9.0,3739867,3681,4342.0,3820665345.0,437677,27.0,59.0,47.0,3681,65,642591,1607,18.0,15956,0.779835,0.22016501,0
2025-07-30T16:47:09.767005,17230,79201,8.0,3875513,3299,4013.0,3645123464.0,428755,26.0,56.0,48.0,3299,67,644873,1644,25.0,15706,0.74077797,0.259222,0
2025-07-30T16:47:14.911395,17691,81855,13.0,3888128,3143,4795.0,3846531640.0,473375,25.0,98.0,50.0,3143,66,639386,1542,28.0,16056,0.68273085,0.31726915,0
2025-07-30T16:47:20.047347,18261,78555,11.0,3874866,3704,4719.0,3848164185.0,429246,26.0,65.0,47.0,3704,68,632063,1579,53.0,15745,0.67566454,0.32433543,0
2025-07-30T16:47:25.180042,18163,83606,20.0,3802994,3135,9471.0,7697873938.0,436642,51.0,141.0,95.0,3135,69,637329,1496,43.0,16268,0.67322546,0.32677454,0
2025-07-30T16:47:30.345859,17334,105568,8.0,3788933,3032,4743.0,3766072233.0,431687,26.0,55.0,47.0,3032,61,634823,1653,108.0,15677,0.8673576,0.13264239,0
2025-07-30T16:47:35.475405,17184,78922,10.0,3795693,3238,4728.0,3679126382.0,444242,26.0,71.0,49.0,3238,67,635075,1466,18.0,15798,0.77177584,0.22822417,0
2025-07-30T16:47:40.604871,18111,82695,9.0,3861116,3298,4738.0,3853642197.0,428262,26.0,61.0,47.0,3298,68,635228,1468,26.0,15833,0.49626672,0.5037333,1
2025-07-30T16:47:45.749619,17577,80980,9.0,3903812,3129,4726.0,3739898585.0,434810,26.0,58.0,48.0,3129,70,635171,1518,20.0,15653,0.5709375,0.42906252,0
2025-07-30T16:47:50.925539,18115,83173,10.0,3829456,3188,4746.0,3688642194.0,431148,25.0,80.0,48.0,3188,65,629305,1554,20.0,15953,0.5673256,0.43267444,0
2025-07-30T16:47:56.068931,16948,79460,10.0,3915103,2992,4741.0,3757877401.0,438881,26.0,62.0,47.0,2992,68,631745,1581,50.0,15724,0.6365898,0.36341017,0
2025-07-30T16:48:01.203217,20520,78658,8.0,3948180,3840,4725.0,3822096591.0,434488,26.0,62.0,48.0,3840,63,630795,1607,119.0,15498,0.74115384,0.2588462,0
2025-07-30T16:48:06.327654,17358,85307,11.0,3607451,3033,4705.0,3703744291.0,442969,25.0,76.0,47.0,3033,66,641077,1652,43.0,16062,0.83216274,0.16783729,0
2025-07-30T16:48:11.457648,17605,78822,8.0,3939248,3494,4622.0,3810463156.0,434751,26.0,52.0,47.0,3494,65,632036,1537,98.0,15989,0.6443697,0.35563028,0
2025-07-30T16:48:16.598861,17398,78390,10.0,3922649,2990,4147.0,3710690492.0,433092,26.0,82.0,50.0,2990,73,633466,1582,100.0,16041,0.59821415,0.40178585,0
2025-07-30T16:48:21.768100,17468,80998,11.0,3738237,2969,4372.0,3599294039.0,435723,26.0,69.0,48.0,2969,66,647703,1683,94.0,15657,0.6121905,0.38780951,0
2025-07-30T16:48:26.922977,19770,86808,11.0,3791301,4550,4709.0,3826930194.0,432154,25.0,56.0,47.0,4550,63,639506,1753,95.0,15759,0.89445055,0.10554947,0
2025-07-30T16:48:32.055363,17586,79524,8.0,3786089,3131,4730.0,3723167283.0,440915,26.0,69.0,47.0,3131,57,632147,1604,28.0,15247,0.946864,0.053136002,0
2025-07-30T16:48:37.188452,17203,80557,11.0,4125598,3293,4711.0,3787357966.0,425557,26.0,64.0,48.0,3293,66,627360,1560,94.0,15790,0.80197966,0.19802037,0
2025-07-30T16:48:42.302980,17271,79800,10.0,4212778,3115,4746.0,4262922828.0,434296,26.0,52.0,47.0,3115,63,625262,1512,29.0,15852,0.6228602,0.37713984,0
2025-07-30T16:48:47.421746,19407,82165,10.0,3854655,3775,4703.0,3673645024.0,435676,25.0,80.0,48.0,3775,67,634338,1557,34.0,15354,0.7662937,0.23370631,0
2025-07-30T16:48:52.606417,17257,88701,9.0,3666423,3233,4763.0,3741511764.0,426589,26.0,69.0,47.0,3233,72,628510,1511,75.0,15672,0.6652616,0.33473837,0
2025-07-30T16:48:57.777150,17486,84200,9.0,3958285,3007,4745.0,3768783442.0,433744,26.0,67.0,48.0,3007,64,627726,1559,46.0,15683,0.526339,0.473661,0
2025-07-30T16:49:02.901546,17711,82318,12.0,4126853,3096,4721.0,3788767845.0,441480,25.0,87.0,53.0,3096,70,621077,1542,40.0,15835,0.6552369,0.3447631,0
2025-07-30T16:52:00.858970,18139,79269,8.0,3736581,3123,4765.0,3856506716.0,434750,26.0,53.0,47.0,3123,73,636806,1525,120.0,16070,0.5614305,0.4385695,0
2025-07-30T16:52:16.990767,22037,89840,4462900.0,4175071,3895,166383.0,304218760016.0,438461,918.0,11869276.0,1587.0,3895,68,1018787,1679,2166.0,18860,0.23358595,0.76641405,1
2025-07-30T16:52:31.763620,19012,87816,365635.0,4111828,3728,14313.0,26188563616.0,657441,76.0,1032137.0,128.0,3728,63,640763,1619,160.0,14787,0.122579515,0.8774205,1
2025-07-30T16:52:39.689704,23033,93088,366162.0,4030062,3868,14269.0,26200688881.0,438883,77.0,1034167.0,130.0,3868,64,1007260,1726,274.0,16245,0.099027276,0.9009727,1
2025-07-30T16:52:46.129171,22322,97510,121967.0,4096287,3736,4132.0,8658719814.0,433374,25.0,344578.0,42.0,3736,66,1012401,1645,29.0,20413,0.01827544,0.98172456,1
2025-07-30T16:52:54.516386,18948,90098,243896.0,4161795,3836,9053.0,17407366653.0,435264,52.0,689444.0,94.0,3836,65,622333,1607,196.0,15315,0.019002676,0.9809973,1
2025-07-30T16:53:09.299537,19044,92900,121425.0,4057531,3627,4765.0,8752300350.0,608406,26.0,343164.0,45.0,3627,68,636272,1711,104.0,16278,0.10254598,0.897454,1
2025-07-30T16:53:26.981977,19801,95557,365884.0,4084098,3841,14320.0,26095326447.0,426357,75.0,1029999.0,128.0,3841,62,637896,1804,223.0,20917,0.05887842,0.9411216,1
2025-07-30T16:53:37.566956,21403,97782,487334.0,4020743,4080,18683.0,34460755313.0,432837,101.0,1375807.0,176.0,4080,69,969324,1796,108.0,20529,0.034573317,0.9654267,1
2025-07-30T16:54:40.032037,21531,94003,242786.0,4206221,3914,8728.0,17506665420.0,432753,51.0,686084.0,82.0,3914,73,628323,1704,140.0,16339,0.051012456,0.94898754,1
2025-07-30T16:54:55.749445,20054,91024,1641529.0,4000847,3764,61123.0,112992442401.0,440324,334.0,4423277.0,553.0,3764,66,629580,1633,702.0,14905,0.14918655,0.85081345,1
2025-07-30T16:55:07.629087,22140,96121,388143.0,4076865,3750,14526.0,25934857270.0,438264,78.0,1009775.0,142.0,3750,67,948668,1727,113.0,15525,0.09195644,0.90804356,1
2025-07-30T16:55:20.742583,20445,95160,241755.0,5319372,4538,8621.0,17209405915.0,427387,51.0,682812.0,93.0,4538,67,630480,1844,75.0,15915,0.06720537,0.93279463,1
2025-07-30T16:56:00.404530,20458,86516,361506.0,5831906,3840,14200.0,26226501933.0,436132,76.0,1021395.0,121.0,3840,68,633730,1716,253.0,15236,0.13004977,0.86995023,1
2025-07-30T16:56:09.625669,20187,88637,971634.0,5623971,3797,37102.0,69915492885.0,660167,201.0,2743937.0,355.0,3797,69,636168,1686,508.0,15470,0.11090928,0.8890907,1
2025-07-30T16:56:19.609375,21000,93746,121451.0,4058335,4018,4858.0,8768694402.0,437871,25.0,343413.0,36.0,4018,63,634358,1820,110.0,15683,0.06719428,0.9328057,1
2025-07-30T16:56:32.280203,21077,89425,242863.0,4286680,3769,9514.0,17450517295.0,685720,50.0,685720.0,94.0,3769,69,951625,1634,117.0,15801,0.08886516,0.91113484,1
2025-07-30T16:56:46.039079,22796,93474,363351.0,4038632,3695,14296.0,25965022576.0,429592,77.0,1025898.0,125.0,3695,62,645051,1743,187.0,16059,0.09326321,0.9067368,1
2025-07-30T16:57:17.763928,20426,112214,365608.0,4112134,3572,13596.0,25895722437.0,688918,76.0,1032291.0,138.0,3572,66,622596,1551,215.0,16047,0.09058404,0.90941596,1
2025-07-30T16:58:47.956966,20174,89830,769230.0,4195545,4194,28241.0,52004776469.0,429059,151.0,2049150.0,263.0,4194,74,637381,1701,479.0,16268,0.090070665,0.90992934,1
2025-07-30T16:59:02.068805,20035,87641,2296796.0,4066300,3928,83690.0,155354108719.0,428026,460.0,6131711.0,785.0,3928,60,631668,1711,984.0,15262,0.12232655,0.87767345,1
2025-07-30T16:59:07.195544,20692,92964,365505.0,4090201,3749,14390.0,25955103163.0,692163,76.0,1032307.0,130.0,3749,65,633406,1753,241.0,16042,0.107427955,0.89257205,1
2025-07-30T16:59:12.385575,19652,95355,121528.0,4047532,4149,4864.0,8741276261.0,435478,25.0,343015.0,45.0,4149,64,629618,1771,94.0,14985,0.08071351,0.9192865,1
2025-07-30T16:59:17.521428,17443,83899,43315.0,4026081,3091,4774.0,5656171451.0,433540,26.0,122306.0,62.0,3091,74,631437,1600,24.0,15332,0.14854038,0.8514596,1
2025-07-30T16:59:22.666161,18966,79356,15.0,3747591,2811,4675.0,3872967935.0,432771,25.0,63.0,56.0,2811,61,644349,1631,90.0,16060,0.27980667,0.7201933,1
2025-07-30T16:59:27.831204,20503,86215,11.0,4102886,3693,3934.0,3620227728.0,428894,26.0,74.0,54.0,3693,60,640657,1707,88.0,16009,0.93515766,0.06484231,0
2025-07-30T16:59:33.038821,17761,82390,12.0,3734442,3057,4610.0,3916841712.0,428056,25.0,82.0,55.0,3057,64,626651,1662,87.0,15837,0.9529543,0.047045715,0
2025-07-30T16:59:38.153804,12306,81637,9.0,3823138,3061,4767.0,3883225660.0,430291,26.0,55.0,50.0,3061,70,645921,1705,125.0,15311,0.6307248,0.36927518,0
2025-07-30T16:59:43.284845,18563,83213,12.0,3919539,3192,4773.0,3962156590.0,436324,26.0,77.0,51.0,3192,65,647239,1655,28.0,15602,0.307068,0.692932,1
2025-07-30T16:59:48.431149,20454,79956,15.0,3755761,3780,4751.0,3656307772.0,440349,25.0,83.0,52.0,3780,67,637156,1669,88.0,16073,0.86588687,0.13411313,0
2025-07-30T16:59:53.563449,22405,83553,9.0,3769943,3243,4803.0,3895705631.0,431008,27.0,68.0,47.0,3243,70,637491,1574,86.0,15791,0.87725407,0.12274592,0
2025-07-30T16:59:58.694697,17966,76908,11.0,3708792,2866,4774.0,3861169732.0,431080,26.0,72.0,51.0,2866,65,631092,1653,88.0,15963,0.8650955,0.13490453,0
2025-07-30T17:00:03.920635,17004,83043,9.0,3897825,3072,4759.0,3737892818.0,437052,25.0,60.0,49.0,3072,63,627903,1418,88.0,15565,0.69799024,0.30200976,0
2025-07-30T17:00:09.124064,17283,81183,9.0,3874802,3123,4753.0,3733615185.0,444870,26.0,66.0,51.0,3123,64,632637,1587,26.0,15495,0.65275514,0.34724486,0
2025-07-30T17:00:14.270497,19577,90999,10.0,5051759,3625,4914.0,6957415247.0,430207,24.0,81.0,50.0,3625,70,641058,1554,1383.0,16722,0.84010834,0.15989166,0
2025-07-30T17:00:19.446567,17254,81812,10.0,4146167,2903,4839.0,4693630440.0,431717,25.0,53.0,47.0,2903,63,639441,1522,327.0,17061,0.6978088,0.3021912,0
2025-07-30T17:00:24.599560,18615,78444,10.0,3998264,2519,4777.0,3801166570.0,433205,26.0,72.0,50.0,2519,68,655117,1994,155.0,15761,0.87199324,0.12800676,0
2025-07-30T17:00:29.755651,18473,81333,11.0,3765516,3569,4586.0,3815633635.0,427639,26.0,77.0,48.0,3569,71,639145,1582,84.0,15283,0.8122947,0.18770525,0
2025-07-30T17:00:34.895973,18651,81741,8.0,3912093,3554,4136.0,3622253834.0,425576,26.0,65.0,47.0,3554,60,619924,1721,82.0,15612,0.83982897,0.160171,0
2025-07-30T17:00:40.058098,17182,82475,11.0,3875975,4198,4475.0,3769736972.0,434465,26.0,83.0,49.0,4198,65,641884,1716,18.0,15911,0.94250023,0.057499792,0
2025-07-30T17:00:45.188464,18885,77910,20.0,3693754,2998,9538.0,7970030293.0,430419,51.0,118.0,94.0,2998,65,630675,1438,296.0,15111,0.8221608,0.1778392,0
2025-07-30T17:00:50.313600,17337,82715,14.0,4120073,3024,4792.0,3778192950.0,438613,26.0,101.0,51.0,3024,69,631360,1391,79.0,15341,0.7277993,0.2722007,0
2025-07-30T17:00:55.476554,17906,79386,9.0,3853760,2975,4778.0,3732581019.0,432601,26.0,58.0,47.0,2975,64,634795,1499,102.0,15641,0.58207726,0.41792277,0
2025-07-30T17:01:00.679717,18287,84962,8.0,3970380,3425,4777.0,3709100791.0,428062,26.0,58.0,48.0,3425,66,643050,1936,28.0,15668,0.8119846,0.18801542,0
2025-07-30T17:01:05.821000,18287,80213,11.0,4211468,3132,4764.0,3874047173.0,435726,25.0,72.0,50.0,3132,67,640266,1575,98.0,15326,0.9004932,0.09950682,0
2025-07-30T17:01:10.928922,17415,80819,10.0,3835153,2983,4772.0,3933184514.0,428492,26.0,59.0,48.0,2983,69,627688,1576,101.0,15208,0.73484266,0.26515734,0
2025-07-30T17:01:16.046676,19304,87195,8.0,3741155,3164,4873.0,3939820152.0,430506,26.0,66.0,48.0,3164,65,641567,1702,128.0,15512,0.7880325,0.21196751,0
2025-07-30T17:01:21.200838,18039,78558,14.0,3780635,3147,4762.0,3789671886.0,430215,26.0,75.0,48.0,3147,71,629608,1538,22.0,15350,0.800583,0.199417,0
2025-07-30T17:01:26.346336,17866,83594,8.0,3941525,2985,4778.0,3617955765.0,425942,26.0,55.0,47.0,2985,68,640875,1485,18.0,15721,0.5645993,0.4354007,0
2025-07-30T17:01:31.505511,17012,84448,9.0,3754912,3387,4760.0,3796773694.0,426883,25.0,72.0,48.0,3387,62,628712,1625,65.0,15406,0.63754237,0.3624576,0
2025-07-30T17:01:36.650035,18395,78308,8.0,3868008,3283,4260.0,3651003037.0,433614,27.0,60.0,46.0,3283,69,648235,1577,18.0,15493,0.7536496,0.2463504,0
2025-07-30T17:01:41.776161,20170,80270,9.0,3714946,3728,4173.0,3750953812.0,426662,25.0,63.0,48.0,3728,62,638548,1617,50.0,16270,0.79190737,0.20809263,0
2025-07-30T17:01:46.907910,17943,81964,11.0,3803194,4314,4770.0,3806842975.0,433673,26.0,76.0,47.0,4314,68,628551,1779,126.0,15935,0.90218014,0.09781985,0
2025-07-30T17:01:52.039381,17936,78179,9.0,3784009,3052,4796.0,3784256280.0,439084,26.0,63.0,46.0,3052,68,638491,1530,47.0,15145,0.73755443,0.26244554,0
2025-07-30T17:01:57.168012,17438,79856,10.0,4148358,2967,4776.0,3750884101.0,433032,25.0,70.0,50.0,2967,67,644750,1626,104.0,15444,0.7067969,0.29320315,0
2025-07-30T17:02:02.304828,18482,81292,11.0,3877674,5501,4772.0,3813819738.0,434139,26.0,70.0,47.0,5501,69,645966,1711,110.0,15521,0.7573458,0.24265417,0
2025-07-30T17:02:07.445613,19506,86048,9.0,3660383,3484,4768.0,3739330552.0,427272,26.0,65.0,47.0,3484,65,634354,1652,112.0,15602,0.89018047,0.10981954,0
2025-07-30T17:02:12.591460,17064,81973,8.0,3692115,2999,4774.0,3843990626.0,431409,26.0,69.0,48.0,2999,67,632000,1575,93.0,15993,0.7616346,0.2383654,0
2025-07-30T17:02:17.769351,18187,84196,11.0,4093808,3159,4853.0,3764205887.0,437012,26.0,68.0,47.0,3159,65,654852,1621,21.0,16087,0.6240603,0.3759397,0
2025-07-30T17:02:22.895539,18010,80579,10.0,3824047,3101,4749.0,3711459116.0,433592,25.0,55.0,47.0,3101,70,640213,1588,83.0,15908,0.69924116,0.3007588,0
2025-07-30T17:02:28.026253,23828,83717,10.0,3753722,3032,4811.0,3816566490.0,436837,26.0,78.0,49.0,3032,66,637554,1578,20.0,15989,0.78381395,0.21618603,0
2025-07-30T17:02:33.131169,17902,83948,9.0,3862168,3189,4775.0,3745000256.0,437063,27.0,60.0,47.0,3189,67,641772,1440,20.0,15594,0.85418946,0.14581056,0
2025-07-30T17:02:38.280093,17808,84877,8.0,3781980,2943,4752.0,3817532777.0,437176,25.0,62.0,47.0,2943,66,638223,1608,18.0,16131,0.6125221,0.38747784,0
2025-07-30T17:02:43.409606,16905,74680,10.0,3791079,3100,4354.0,3831776773.0,430596,26.0,69.0,48.0,3100,70,627320,1529,22.0,15371,0.6242303,0.37576967,0
2025-07-30T17:02:48.518146,17012,78273,9.0,3989630,3143,4082.0,3666657580.0,433111,26.0,55.0,47.0,3143,69,627170,1660,48.0,15740,0.56654394,0.43345603,0
2025-07-30T17:02:53.658542,18351,79512,9.0,3837261,3232,4788.0,3778119014.0,437108,25.0,82.0,48.0,3232,64,639336,1661,122.0,15782,0.7411214,0.25887856,0
2025-07-30T17:02:58.786011,18504,81915,11.0,3836527,3556,4800.0,3806461963.0,436163,27.0,86.0,48.0,3556,64,619611,1661,20.0,15265,0.8235457,0.1764543,0
2025-07-30T17:03:03.920125,17765,78368,8.0,3852879,2900,4754.0,3749183084.0,435164,26.0,56.0,46.0,2900,68,627999,1630,17.0,15021,0.8290767,0.1709233,0
2025-07-30T17:03:09.060111,16495,75279,10.0,3731205,3089,4772.0,3782059371.0,430762,26.0,73.0,51.0,3089,67,627568,1492,25.0,15888,0.5786741,0.4213259,0
2025-07-30T17:03:14.199971,17687,82252,12.0,3972302,3258,4772.0,3840063207.0,429345,25.0,72.0,48.0,3258,58,631020,1625,22.0,15616,0.6073551,0.39264488,0
2025-07-30T17:03:19.352179,17386,82357,8.0,3679642,3380,4842.0,3836601279.0,435665,26.0,65.0,47.0,3380,66,629007,1441,39.0,15439,0.7722018,0.22779824,0
2025-07-30T17:03:24.501418,19070,86251,11.0,3779409,3651,4779.0,3849280097.0,431733,26.0,90.0,49.0,3651,64,631219,1493,97.0,15728,0.6626278,0.33737215,0
2025-07-30T17:03:29.634487,16871,82349,9.0,3649510,3163,4770.0,3841385572.0,435229,26.0,55.0,47.0,3163,66,632392,1550,23.0,15955,0.68597436,0.31402564,0
2025-07-30T17:03:34.759554,18268,78592,8.0,3695835,3178,4754.0,3764213593.0,432885,25.0,61.0,48.0,3178,65,640830,1497,84.0,15476,0.6104137,0.38958633,0
2025-07-30T17:03:39.904308,18286,81887,10.0,4061925,3301,4764.0,3718907502.0,430650,26.0,65.0,47.0,3301,79,630080,1621,18.0,15275,0.6816089,0.31839105,0
2025-07-30T17:03:45.100088,20732,84221,9.0,3657478,3639,4754.0,3868630687.0,431729,26.0,72.0,47.0,3639,76,641807,1669,19.0,16142,0.680296,0.319704,0
2025-07-30T17:03:50.249065,18199,91875,22.0,3798579,3092,8783.0,7677463513.0,429059,52.0,158.0,96.0,3092,71,638722,1607,193.0,15945,0.856343,0.14365704,0
2025-07-30T17:03:55.436561,16331,76928,8.0,3798567,2827,4423.0,3631816334.0,432319,25.0,55.0,47.0,2827,68,631641,1647,21.0,15846,0.7964598,0.20354022,0
2025-07-30T17:04:00.563299,17542,81362,11.0,3914165,3400,4774.0,3753547485.0,430932,26.0,84.0,54.0,3400,67,637715,1540,22.0,15311,0.52594864,0.47405136,0
2025-07-30T17:04:05.689859,17442,78028,9.0,3691093,3138,4807.0,3871022726.0,431128,26.0,60.0,47.0,3138,67,629345,1636,22.0,15918,0.6070849,0.39291513,0
2025-07-30T17:04:10.810165,18037,80317,8.0,3736236,3192,4753.0,3803939597.0,433900,26.0,59.0,48.0,3192,66,643388,1634,21.0,15278,0.6727608,0.32723922,0
2025-07-30T17:04:15.991893,18142,80242,2025.0,3696842,3502,4848.0,3758326834.0,432755,25.0,8210.0,49.0,3502,63,641344,1543,18.0,15542,0.7165761,0.2834239,0
2025-07-30T17:04:21.104806,17366,78458,1034.0,3755868,3419,4766.0,3849682521.0,445088,26.0,4253.0,47.0,3419,65,628580,1528,101.0,15672,0.660913,0.33908704,0
2025-07-30T17:04:26.281311,16958,81059,2037.0,3895287,3249,4769.0,3867703976.0,434289,26.0,8298.0,48.0,3249,70,624459,1527,29.0,16319,0.5006064,0.49939358,0
2025-07-30T17:04:31.400558,20791,87799,2051.0,3804735,2840,4750.0,3866914040.0,432128,26.0,8375.0,48.0,2840,64,632669,1693,46.0,15742,0.64025646,0.35974354,0
2025-07-30T17:04:36.529603,19505,88712,2027.0,3828243,3263,4767.0,3810217410.0,443394,26.0,8226.0,47.0,3263,64,644337,1605,28.0,15559,0.89467484,0.10532515,0
2025-07-30T17:04:41.680245,17491,80914,2036.0,3844730,3348,4750.0,3748239311.0,436289,25.0,8294.0,48.0,3348,68,630683,1686,18.0,15798,0.79727644,0.20272356,0
2025-07-30T17:04:46.835154,18732,94233,1532.0,3883532,2639,4764.0,3765914942.0,431938,26.0,6267.0,48.0,2639,67,639876,1618,20.0,15744,0.6368882,0.3631118,0
2025-07-30T17:04:51.993115,20342,76108,1538.0,4090932,4139,4633.0,3943020705.0,433411,26.0,6324.0,49.0,4141,64,634230,1688,40.0,15341,0.7790091,0.22099088,0
2025-07-30T17:04:57.128792,16880,84219,34.0,3983598,2930,3963.0,3612977435.0,430771,25.0,242.0,49.0,2930,63,638789,1637,107.0,15766,0.91401005,0.08598998,0
2025-07-30T17:05:02.258926,17513,77745,33.0,3867668,3245,4735.0,3804992880.0,434668,26.0,231.0,46.0,3245,73,632127,1494,90.0,15409,0.7485089,0.25149113,0
2025-07-30T17:05:07.380324,18100,79875,2036.0,3907542,3470,4792.0,3913056307.0,433293,26.0,8299.0,48.0,3470,69,629712,1493,130.0,15714,0.52178466,0.47821537,0
2025-07-30T17:05:12.566862,17062,77342,2047.0,3871805,3078,4749.0,3770629622.0,425084,26.0,8361.0,48.0,3078,65,637868,1473,23.0,16209,0.47942436,0.52057564,1
2025-07-30T17:05:17.716801,18423,77634,2032.0,3863776,3271,4824.0,3924918535.0,439330,25.0,8268.0,47.0,3271,69,640672,1540,80.0,15589,0.5143115,0.4856885,0
2025-07-30T17:05:22.866983,17118,83014,2035.0,3679700,3010,4766.0,3910625135.0,436579,26.0,8285.0,50.0,3010,65,628512,1491,82.0,16287,0.56876636,0.43123364,0
2025-07-30T17:05:28.029270,17065,81113,2032.0,3773539,3345,4750.0,3799064899.0,432939,26.0,8281.0,48.0,3345,66,630289,1416,20.0,15957,0.46714282,0.5328572,1
2025-07-30T17:05:33.134522,17099,78908,2031.0,3955011,5011,4749.0,3796532471.0,428899,26.0,8260.0,47.0,5011,65,631071,1628,28.0,15412,0.511092,0.488908,0
2025-07-30T17:05:38.268507,17231,76909,2030.0,3746765,3176,4744.0,3886489885.0,441327,25.0,8260.0,48.0,3176,64,630837,1909,24.0,15306,0.8338945,0.1661055,0
2025-07-30T17:05:43.376290,20006,86831,2034.0,3716717,3455,4754.0,3825417965.0,428387,26.0,8276.0,47.0,3455,64,639169,1778,140.0,16253,0.936365,0.063635,0
2025-07-30T17:05:48.526183,18098,83141,2031.0,3992527,2940,4757.0,3790184338.0,431027,26.0,8265.0,46.0,2940,70,627841,1535,31.0,15704,0.8280901,0.17190993,0
2025-07-30T17:05:53.677489,17888,81581,2033.0,3852030,4120,4770.0,3837139299.0,425620,25.0,8291.0,49.0,4120,64,639685,1685,84.0,15909,0.6463367,0.35366336,0
2025-07-30T17:05:58.911323,17279,88748,2032.0,3765535,3314,4293.0,3784424878.0,435022,25.0,8265.0,47.0,3314,63,631736,1596,20.0,15542,0.781165,0.21883501,0
2025-07-30T17:06:04.127398,17351,84423,1032.0,4014106,3023,4123.0,3728422895.0,428250,26.0,4254.0,48.0,3023,68,625994,1598,86.0,15628,0.7935208,0.20647916,0
2025-07-30T17:06:09.262452,16689,82757,2034.0,3898332,3158,4750.0,3982777407.0,435693,25.0,8280.0,47.0,3158,66,634338,1577,82.0,15612,0.66182315,0.33817682,0
2025-07-30T17:06:14.380980,17324,85706,2033.0,3808366,3645,4762.0,3917709622.0,432665,26.0,8272.0,47.0,3647,64,632738,1650,83.0,16099,0.6452447,0.35475528,0
2025-07-30T17:06:19.509695,17953,79626,2032.0,3854781,3172,4834.0,3836341078.0,431442,26.0,8283.0,47.0,3172,60,641971,1548,105.0,15897,0.78229475,0.21770526,0
2025-07-30T17:06:24.660022,17096,104242,2037.0,3904302,3183,4766.0,3804659605.0,429008,25.0,8290.0,51.0,3183,71,619214,1665,41.0,16355,0.5310477,0.46895233,0
2025-07-30T17:06:29.826005,19245,80885,2036.0,3909459,3562,4764.0,3843250853.0,431135,26.0,8290.0,47.0,3562,70,632886,1661,28.0,16077,0.46693748,0.5330625,1
2025-07-30T17:06:34.977658,17880,80426,2034.0,3820836,3080,4767.0,3872366123.0,451819,26.0,8290.0,49.0,3080,64,636121,1574,19.0,15762,0.7198378,0.2801622,0
2025-07-30T17:06:40.123310,18284,79841,4069.0,3803431,3112,9528.0,7680536082.0,431112,52.0,16552.0,95.0,3112,64,634492,1587,63.0,15611,0.73153543,0.2684646,0
2025-07-30T17:06:45.237291,17223,76776,2036.0,3924818,3218,4772.0,4212222341.0,428925,26.0,8288.0,48.0,3218,67,628368,1556,98.0,15775,0.72782815,0.27217188,0
2025-07-30T17:06:50.361085,18863,75632,2036.0,3714172,3350,4776.0,3806823504.0,446044,25.0,8289.0,47.0,3350,71,633400,1589,32.0,15861,0.61340344,0.38659656,0
2025-07-30T17:06:55.485106,19378,87388,32.0,3810215,3647,4443.0,3808663992.0,426809,26.0,253.0,48.0,3647,63,627787,1689,98.0,15923,0.7952814,0.20471857,0
2025-07-30T17:07:00.626144,17568,77956,34.0,3671126,3906,4051.0,3615817638.0,430400,26.0,235.0,48.0,3906,63,637323,1578,26.0,15517,0.8883293,0.111670695,0
2025-07-30T17:07:05.756462,17683,79774,2035.0,3812550,3072,4690.0,3764538253.0,437420,25.0,8274.0,46.0,3072,70,633998,1552,28.0,16020,0.67117465,0.32882538,0
2025-07-30T17:07:10.919341,17057,77346,2032.0,3929749,3132,4772.0,3891126976.0,426615,26.0,8268.0,48.0,3132,65,630078,1617,33.0,15546,0.54310864,0.45689136,0
2025-07-30T17:07:16.214307,17934,83433,2032.0,3826024,2999,4846.0,3930047752.0,433048,26.0,8263.0,48.0,2999,72,637396,1573,32.0,15425,0.591756,0.408244,0
2025-07-30T17:07:21.318941,17683,88537,2032.0,3776590,3227,4740.0,3867481412.0,426980,25.0,8263.0,47.0,3227,69,635455,1674,36.0,15137,0.63171977,0.36828023,0
2025-07-30T17:07:26.441933,17216,79311,2034.0,3888807,3769,4798.0,4108333376.0,429487,26.0,8288.0,49.0,3769,68,629740,1596,112.0,16912,0.5816355,0.4183645,0
2025-07-30T17:07:31.571215,16574,83649,1033.0,3813221,3110,4747.0,3796284521.0,446881,26.0,4255.0,46.0,3110,67,625259,1561,34.0,16656,0.39174467,0.6082553,1
2025-07-30T17:07:36.724394,19346,82548,1038.0,3855024,3609,4766.0,3797732034.0,438542,25.0,4287.0,47.0,3609,68,632203,1709,44.0,14916,0.6575023,0.3424977,0
2025-07-30T17:07:41.856761,18493,78394,31.0,3799060,3132,4766.0,3877341727.0,430760,26.0,219.0,50.0,3132,63,652781,1518,21.0,15939,0.81350124,0.18649879,0
2025-07-30T17:07:46.991347,17547,82161,1041.0,3861462,3032,4756.0,3771423411.0,424608,26.0,4301.0,47.0,3032,65,641479,1633,20.0,15507,0.7162854,0.2837146,0
2025-07-30T17:07:52.121636,17922,81185,33.0,4090592,3437,4798.0,3849620297.0,438542,26.0,250.0,48.0,3441,67,635069,1581,54.0,15351,0.71222997,0.28777,0
2025-07-30T17:07:57.265328,18339,77289,34.0,3740389,3419,4781.0,3773400162.0,432571,26.0,263.0,48.0,3419,70,637943,1513,25.0,15739,0.6551732,0.34482682,0
2025-07-30T17:08:02.448136,17957,81417,2041.0,3835291,3242,4480.0,3690355377.0,433497,25.0,8318.0,46.0,3242,67,628371,1643,128.0,15962,0.6290513,0.3709487,0
2025-07-30T17:08:07.582488,17619,80467,2036.0,3933970,4104,3929.0,3772611547.0,435910,26.0,8307.0,48.0,4104,63,629465,1668,30.0,15731,0.7466706,0.25332937,0
2025-07-30T17:08:12.765634,18132,77712,2035.0,3933085,2957,4740.0,3933665207.0,429740,25.0,8281.0,48.0,2957,64,632576,1600,101.0,15739,0.8791363,0.12086367,0
2025-07-30T17:08:17.874904,16966,80874,2032.0,3738278,3176,4842.0,3778615434.0,465624,26.0,8269.0,47.0,3176,69,634848,1671,24.0,15500,0.71553564,0.28446433,0
2025-07-30T17:08:22.999516,20166,81217,2031.0,3766477,3475,4768.0,3933331097.0,430759,25.0,8260.0,48.0,3475,65,626064,1590,98.0,15211,0.7473484,0.2526516,0
2025-07-30T17:08:28.141538,17994,81953,2035.0,3857927,3790,4764.0,3763519242.0,431419,27.0,8283.0,47.0,3794,64,634260,1620,88.0,15472,0.8421863,0.15781371,0
2025-07-30T17:08:33.343873,18578,83765,1034.0,3801095,3335,4768.0,3801883316.0,428113,25.0,4285.0,48.0,3335,65,633926,1629,102.0,15446,0.8055011,0.1944989,0
2025-07-30T17:08:38.445256,18620,79311,2038.0,3965667,3787,4762.0,3782737357.0,451106,26.0,8307.0,48.0,3787,65,639163,1648,81.0,15173,0.8327158,0.16728419,0
2025-07-30T17:08:43.569172,18610,80297,2042.0,3838712,3561,4751.0,4012250573.0,425351,25.0,8315.0,47.0,3561,63,633536,1650,22.0,15645,0.83016866,0.16983135,0
2025-07-30T17:08:48.702826,17207,86992,2033.0,4066344,3768,4766.0,3842969895.0,442295,26.0,8285.0,48.0,3768,65,631544,1836,89.0,16525,0.8852811,0.11471891,0
2025-07-30T17:08:53.839365,17994,84543,2036.0,3978446,3010,4790.0,3775898990.0,439824,26.0,8305.0,50.0,3010,68,635433,1502,129.0,16027,0.76117015,0.23882985,0
2025-07-30T17:08:59.044111,16933,80564,2032.0,3866810,2981,4770.0,3799777647.0,427329,25.0,8261.0,47.0,2981,61,628218,1506,98.0,15372,0.6236018,0.37639818,0
2025-07-30T17:09:04.219850,17958,84233,2031.0,3961937,2846,4777.0,3877838043.0,435911,26.0,8289.0,53.0,2846,74,637787,1620,26.0,15642,0.6110593,0.38894066,0
2025-07-30T17:09:09.347807,18837,83845,1104.0,3755900,2964,4418.0,3778347315.0,429175,25.0,4542.0,48.0,2964,61,632425,1498,28.0,15637,0.63350755,0.36649245,0
2025-07-30T17:09:14.454232,17216,97655,1962.0,3662617,3099,4023.0,3756164776.0,431430,25.0,7980.0,47.0,3099,88,626686,1551,113.0,15922,0.40734756,0.59265244,1
2025-07-30T17:09:19.612711,17092,91215,2036.0,3745142,3148,4852.0,3819979404.0,447244,26.0,8296.0,49.0,3148,63,621179,1699,26.0,14579,0.20293373,0.7970663,1
2025-07-30T17:09:24.756940,16770,84282,2033.0,4027814,2908,4778.0,3850376053.0,427333,26.0,8274.0,47.0,2908,73,627837,1639,117.0,16017,0.7246511,0.27534887,0
2025-07-30T17:09:29.869822,21353,80945,2041.0,3749854,3695,4756.0,3818334531.0,428168,25.0,8323.0,48.0,3695,64,653992,1625,20.0,16194,0.56745267,0.43254733,0
2025-07-30T17:09:34.989867,24449,88609,2038.0,3818288,3126,4764.0,3853619182.0,431993,26.0,8306.0,48.0,3126,66,650058,1498,26.0,15060,0.93392813,0.06607185,0
2025-07-30T17:09:40.107342,13083,77620,1063.0,3719562,3283,9531.0,7531543157.0,431068,51.0,4470.0,95.0,3283,65,649406,1596,48.0,15945,0.8129908,0.18700925,0
2025-07-30T17:09:45.235763,17475,79400,1040.0,4045747,2898,4767.0,3814434843.0,435110,26.0,4297.0,48.0,2898,66,626348,1515,106.0,15325,0.62451935,0.37548062,0
2025-07-30T17:09:50.363966,17967,82650,2030.0,3913689,3370,4796.0,3804432829.0,422845,26.0,8269.0,46.0,3370,63,636685,1577,99.0,16087,0.66351897,0.33648103,0
2025-07-30T17:09:55.542037,18110,84933,2038.0,3873381,3178,4788.0,3746179675.0,435649,26.0,8296.0,50.0,3178,72,635440,1566,18.0,16029,0.6087917,0.39120832,0
2025-07-30T17:10:00.699501,17045,80637,2042.0,3782545,3174,4758.0,3782035190.0,428334,26.0,8330.0,48.0,3174,66,626683,1528,20.0,16139,0.4631685,0.5368315,1
2025-07-30T17:10:05.844609,18274,80583,2030.0,3942541,4531,4750.0,3836658831.0,433128,26.0,8254.0,47.0,4531,63,636657,1751,105.0,15564,0.6591485,0.3408515,0
2025-07-30T17:10:10.986049,17390,81053,2033.0,3803792,3210,4348.0,3854143356.0,428800,25.0,8289.0,49.0,3210,61,633251,1705,121.0,16786,0.88180715,0.11819284,0
2025-07-30T17:10:16.105797,20060,79645,1033.0,3896096,5684,4162.0,3742607696.0,431142,26.0,4254.0,47.0,5684,65,621180,1823,26.0,16082,0.94235945,0.057640545,0
2025-07-30T17:10:21.252867,17241,80964,2032.0,3997238,3782,4752.0,3828205992.0,437046,25.0,8280.0,47.0,3782,67,629776,1573,92.0,15530,0.9340735,0.065926485,0
2025-07-30T17:10:26.408708,20805,85102,2035.0,3715152,3234,4758.0,3732214665.0,447712,26.0,8286.0,47.0,3234,67,631294,1574,24.0,15130,0.71576715,0.28423285,0
2025-07-30T17:10:31.565812,17732,85636,2033.0,5064846,3185,4772.0,3893784511.0,425762,26.0,8286.0,47.0,3185,72,638667,1672,90.0,15732,0.80883527,0.19116476,0
2025-07-30T17:10:36.699279,19028,86458,2032.0,3706257,3779,4740.0,3777847240.0,438746,25.0,8279.0,47.0,3779,66,627580,1617,84.0,16114,0.54572666,0.4542733,0
2025-07-30T17:10:41.835018,18210,84904,2036.0,3712132,3092,4760.0,3899094216.0,431445,25.0,8283.0,48.0,3092,67,628574,1610,102.0,16037,0.7567088,0.24329118,0
2025-07-30T17:10:46.962692,17478,84795,2032.0,3884671,3022,4763.0,3876702029.0,424791,26.0,8269.0,47.0,3022,71,630684,1572,19.0,15970,0.5927448,0.4072552,0
2025-07-30T17:10:52.153176,18038,78928,2034.0,3888921,3292,4776.0,3890759234.0,442092,25.0,8296.0,49.0,3292,62,642751,1548,105.0,15579,0.5947088,0.40529123,0
2025-07-30T17:10:57.353525,19012,99005,2034.0,3842178,3548,4781.0,3744616422.0,429060,26.0,8278.0,47.0,3548,64,639326,1624,18.0,15310,0.83586115,0.16413884,0
2025-07-30T17:11:02.506674,17435,93067,2033.0,3976120,3142,4757.0,3915325774.0,442841,25.0,8273.0,48.0,3142,64,629841,1541,90.0,15508,0.8047919,0.19520807,0
2025-07-30T17:11:07.628335,17552,83506,2037.0,3755175,3114,4761.0,3916658847.0,436049,26.0,8304.0,50.0,3114,60,629794,1540,86.0,16102,0.7431828,0.25681725,0
2025-07-30T17:11:12.750848,13518,82128,2033.0,4028564,3200,4532.0,3868275956.0,430861,26.0,8261.0,47.0,3200,62,645943,1701,109.0,15903,0.7122392,0.2877608,0
2025-07-30T17:11:17.931118,17706,83076,2027.0,4136141,3631,4319.0,3682946195.0,442174,26.0,8247.0,48.0,3631,63,630579,1624,20.0,15467,0.61259854,0.3874015,0
2025-07-30T17:11:23.117515,17822,86918,2033.0,4157879,3104,4394.0,3764112504.0,427807,25.0,8268.0,48.0,3104,65,627701,1675,86.0,15938,0.87683564,0.12316436,0
2025-07-30T17:11:28.220186,16695,77720,2033.0,3819867,3367,4764.0,3919232782.0,430155,26.0,8266.0,47.0,3367,67,622439,1823,98.0,15656,0.818241,0.18175898,0
2025-07-30T17:11:33.355720,20374,80970,2030.0,3920528,1890,4768.0,3860112038.0,430636,26.0,8266.0,48.0,1890,68,956645,1921,17.0,15451,0.8305272,0.16947284,0
2025-07-30T17:11:38.478257,17481,80696,2034.0,4077474,3181,4748.0,3834487628.0,436343,25.0,8272.0,48.0,3181,71,638931,1551,26.0,15854,0.71972793,0.28027207,0
2025-07-30T17:11:43.612296,17791,75649,2031.0,3875010,3865,4752.0,3849420211.0,431017,25.0,8263.0,47.0,3865,63,631367,1666,26.0,15665,0.5539646,0.4460354,0
2025-07-30T17:11:48.737048,18151,84394,1304.0,3950623,3085,4757.0,3837826834.0,429005,26.0,5362.0,49.0,3085,68,632454,1578,26.0,15805,0.6867882,0.3132118,0
2025-07-30T17:11:53.872529,17595,79006,1763.0,3787657,3252,4783.0,3797696464.0,439667,25.0,7192.0,47.0,3252,66,631439,1555,20.0,16336,0.5798225,0.42017752,0
2025-07-30T17:11:59.018910,18066,75627,2033.0,3841060,2967,4787.0,3827058359.0,437108,27.0,8278.0,48.0,2967,63,640548,1477,23.0,15137,0.58452344,0.41547653,0
2025-07-30T17:12:04.167765,17260,79523,2034.0,3772921,2999,4767.0,3825800957.0,436440,26.0,8285.0,48.0,2999,63,623869,1530,124.0,15211,0.7132141,0.2867859,0
2025-07-30T17:12:09.297037,17480,82628,2033.0,3752883,3390,4764.0,3825711732.0,427865,25.0,8274.0,46.0,3390,72,638405,1753,90.0,16166,0.64707804,0.35292193,0
2025-07-30T17:12:14.430166,18476,88227,2036.0,3999031,3107,4770.0,3929240795.0,432613,26.0,8307.0,48.0,3107,66,649179,1627,100.0,15738,0.6238577,0.37614232,0
2025-07-30T17:12:19.543553,17607,80913,2049.0,3663048,3298,4106.0,3699388035.0,439212,26.0,8363.0,50.0,3298,64,631431,1610,24.0,15595,0.74877596,0.25122407,0
2025-07-30T17:12:24.655951,17546,93432,2033.0,4272452,3255,4396.0,3682676483.0,428176,26.0,8251.0,47.0,3255,63,634908,1493,90.0,15320,0.79931784,0.2006822,0
2025-07-30T17:12:29.810695,16692,80619,2029.0,4011058,3705,4780.0,3994747301.0,526527,25.0,8262.0,47.0,3707,63,624169,1512,86.0,17964,0.6650226,0.3349774,0
2025-07-30T17:12:34.960390,17583,82889,1476.0,3874006,3903,4752.0,3719012374.0,436768,25.0,6029.0,48.0,3903,71,643579,1613,106.0,15605,0.57919,0.42081,0
2025-07-30T17:12:40.164906,17011,83160,1597.0,3644639,3011,4760.0,3897441028.0,433972,26.0,6537.0,46.0,3011,68,643234,1563,86.0,15507,0.5210964,0.4789036,0
2025-07-30T17:12:45.306574,17524,82267,4082.0,3806292,2748,9533.0,7920621059.0,438230,52.0,16627.0,95.0,2748,70,630244,1674,102.0,15568,0.7075411,0.2924589,0
2025-07-30T17:12:50.437332,16901,85416,2027.0,3849306,3118,4789.0,3887299155.0,426136,25.0,8255.0,48.0,3118,64,627045,1569,88.0,15617,0.7853509,0.21464911,0
2025-07-30T17:12:55.562929,22007,80738,2032.0,3758513,3527,4777.0,3856431120.0,436340,26.0,8258.0,48.0,3527,67,642459,1800,93.0,16415,0.8271516,0.1728484,0
2025-07-30T17:13:00.769285,16638,83232,41.0,3804576,2958,4748.0,3635219926.0,430795,25.0,291.0,46.0,2958,64,628511,1524,97.0,15782,0.86757165,0.13242835,0
2025-07-30T17:13:05.919103,17627,78872,24.0,3944702,3176,4761.0,3755661139.0,440163,26.0,176.0,47.0,3176,67,628190,1480,88.0,15380,0.5889164,0.41108355,0
2025-07-30T17:13:11.069747,19222,79826,2031.0,3996402,3432,4762.0,3968326227.0,434825,26.0,8265.0,48.0,3432,66,644283,1598,23.0,15700,0.66197497,0.33802503,0
2025-07-30T17:13:16.204988,18321,96890,1352.0,3762476,2987,4714.0,3802355668.0,440743,25.0,5535.0,47.0,2987,70,632092,1540,96.0,15284,0.7468574,0.25314257,0
2025-07-30T17:13:21.347138,18067,84287,1714.0,3858993,3755,4078.0,3747472837.0,475441,26.0,6999.0,50.0,3755,69,637203,1620,82.0,15356,0.66510594,0.33489406,0
2025-07-30T17:13:26.474964,16762,74508,2038.0,3866577,3567,4455.0,3838845522.0,429584,26.0,8302.0,48.0,3567,69,622884,1637,84.0,15406,0.79321355,0.20678647,0
2025-07-30T17:13:31.620720,17388,96775,2032.0,3860980,3284,4746.0,3691529019.0,428331,25.0,8267.0,47.0,3284,78,628773,1583,102.0,15967,0.31668723,0.6833128,1
2025-07-30T17:13:36.820377,19267,79850,2034.0,3826427,3651,4772.0,3890341151.0,429451,26.0,8285.0,49.0,3651,69,638222,1744,21.0,15808,0.3063326,0.6936674,1
2025-07-30T17:13:41.976464,17443,80464,2037.0,3768976,3259,4755.0,3831181836.0,439972,26.0,8298.0,47.0,3259,61,637369,1553,86.0,15979,0.7846064,0.21539359,0
2025-07-30T17:13:47.124659,18104,79461,2040.0,3927519,2902,4770.0,3912315363.0,429902,25.0,8323.0,47.0,2902,58,630052,1709,86.0,16443,0.7955643,0.20443572,0
2025-07-30T17:13:52.263106,17268,77260,2041.0,3962906,5156,4806.0,3860247554.0,425491,26.0,8324.0,47.0,5156,59,621431,1783,133.0,15027,0.95114976,0.048850227,0
2025-07-30T17:13:57.376564,19407,82671,2043.0,4228261,3677,4787.0,3839905124.0,428573,25.0,8334.0,47.0,3677,65,622810,1823,94.0,15641,0.96307045,0.03692955,0
2025-07-30T17:14:02.513985,18121,84116,2031.0,3739543,3030,4788.0,3821091078.0,439563,26.0,8288.0,53.0,3030,70,641468,1599,28.0,15641,0.8728975,0.12710246,0
2025-07-30T17:14:07.710152,17613,81336,1052.0,3903244,3143,4818.0,3811102054.0,632521,26.0,4363.0,47.0,3143,68,628861,1454,115.0,15763,0.72833204,0.271668,0
2025-07-30T17:14:12.905112,16961,79913,2036.0,3786481,3219,4753.0,3786113166.0,426679,25.0,8294.0,47.0,3219,62,631240,1597,109.0,15833,0.75810087,0.2418991,0
2025-07-30T17:14:18.054397,16858,87829,1022.0,3751950,3180,4836.0,3858577275.0,434509,25.0,4195.0,49.0,3180,68,630324,1645,100.0,15655,0.6407589,0.35924116,0
2025-07-30T17:14:23.178896,19701,84517,9.0,3984937,3588,4744.0,3980534493.0,439638,26.0,70.0,47.0,3588,74,637183,1604,97.0,15184,0.7092645,0.29073548,0
2025-07-30T17:14:28.309225,18079,83632,9.0,3729072,3043,4297.0,3612072999.0,430495,26.0,63.0,48.0,3043,63,633911,1427,18.0,15472,0.76092154,0.23907845,0
2025-07-30T17:14:33.457520,22637,80365,13.0,3931145,3087,4133.0,3671070179.0,427438,25.0,83.0,50.0,3087,67,639748,1806,20.0,15687,0.8916293,0.1083707,0
2025-07-30T17:14:38.632367,17101,78921,9.0,3735893,3061,4778.0,3855593189.0,432156,27.0,55.0,47.0,3061,58,634551,1524,28.0,15113,0.9335944,0.066405594,0
2025-07-30T17:14:43.748932,17952,90436,8.0,3850370,3661,4756.0,3822050428.0,428296,25.0,61.0,47.0,3661,61,631777,1602,18.0,15480,0.8553587,0.14464127,0
2025-07-30T17:14:48.871578,20105,87148,12.0,3830044,3128,4773.0,3841949735.0,434299,26.0,76.0,48.0,3128,67,640732,1556,18.0,15595,0.88025707,0.11974294,0
2025-07-30T17:14:53.993418,16910,79581,10.0,3856831,3121,4894.0,3899979414.0,434967,26.0,97.0,49.0,3121,70,626881,1562,122.0,16059,0.72914374,0.2708563,0
2025-07-30T17:14:59.167055,18497,77092,9.0,3727180,3105,4789.0,3680769158.0,431272,26.0,70.0,48.0,3105,70,633848,1612,61.0,15809,0.53441715,0.46558282,0
2025-07-30T17:15:04.347572,18259,77393,11.0,3851792,3226,4760.0,3794596061.0,435105,26.0,77.0,48.0,3226,64,637336,1686,85.0,15686,0.73116314,0.26883683,0
2025-07-30T17:15:09.502788,20450,84708,8.0,3739246,3548,4773.0,3763665996.0,446807,26.0,55.0,47.0,3548,69,634162,1569,26.0,15294,0.8188824,0.1811176,0
2025-07-30T17:15:14.640248,17655,88776,10.0,3942930,2980,4756.0,3870012267.0,434541,25.0,74.0,49.0,2980,66,645198,1689,92.0,16777,0.8117872,0.1882128,0
2025-07-30T17:15:19.779627,17038,78473,9.0,3945597,3032,4848.0,3886234219.0,431201,26.0,72.0,47.0,3032,65,633040,1693,120.0,16040,0.7022978,0.2977022,0
2025-07-30T17:15:24.893852,16363,84395,8.0,3907143,3213,4770.0,3791876373.0,429427,26.0,69.0,48.0,3213,61,631275,1551,20.0,15586,0.6861472,0.31385276,0
2025-07-30T17:15:30.012492,17516,83613,11.0,3774101,3131,4758.0,3766489626.0,439668,26.0,72.0,48.0,3131,64,634261,1644,106.0,17088,0.67515826,0.32484177,0
2025-07-30T17:15:35.158243,19863,85876,17.0,3759006,3877,8436.0,7363953506.0,445482,51.0,118.0,94.0,3877,66,635210,1826,200.0,16046,0.8321821,0.16781789,0
2025-07-30T17:15:40.446602,17542,85908,13.0,3863152,2773,4783.0,3730383966.0,428899,27.0,83.0,50.0,2773,63,627635,1496,92.0,15874,0.9454713,0.05452874,0
2025-07-30T17:15:45.619109,17998,81244,9.0,3933182,3088,4764.0,3749875915.0,442463,26.0,54.0,47.0,3088,67,628580,1655,23.0,15905,0.6856024,0.3143976,0
2025-07-30T17:15:50.745069,17246,78180,8.0,3912590,3045,4778.0,4035978524.0,437038,25.0,75.0,48.0,3045,69,640096,1477,110.0,16698,0.6028868,0.3971132,0
2025-07-30T17:15:55.866264,21544,86395,12.0,3673601,3833,4768.0,3780224066.0,440757,25.0,72.0,47.0,3833,68,635018,1830,107.0,15258,0.767051,0.232949,0
2025-07-30T17:16:00.989353,17970,79024,8.0,3752956,3330,4766.0,3766390371.0,433793,26.0,52.0,46.0,3330,71,629965,1557,104.0,15403,0.91759723,0.08240277,0
2025-07-30T17:16:06.159762,17065,80096,10.0,3658984,3067,4746.0,3778089894.0,433399,25.0,69.0,49.0,3067,67,622115,1553,102.0,15979,0.575682,0.42431802,0
2025-07-30T17:16:11.345353,18319,82037,9.0,4249036,4281,4773.0,3761095308.0,429898,26.0,55.0,47.0,4281,70,635676,1745,97.0,15745,0.63792384,0.3620762,0
2025-07-30T17:16:16.492669,19860,80428,8.0,3730917,3506,4836.0,3801517775.0,441292,26.0,63.0,47.0,3506,69,639207,1657,18.0,15563,0.80594885,0.19405113,0
2025-07-30T17:16:21.621646,16439,79456,11.0,3783078,3055,4742.0,3851054675.0,434099,25.0,74.0,51.0,3055,63,627193,1630,106.0,15581,0.7997795,0.20022053,0
2025-07-30T17:16:26.755349,18564,78679,10.0,3738774,5172,4766.0,3787733781.0,439336,26.0,56.0,47.0,5172,66,633200,1721,19.0,15932,0.7389764,0.26102358,0
2025-07-30T17:16:31.878051,18147,79869,8.0,3953123,1829,4756.0,3734292374.0,429954,26.0,67.0,48.0,1829,65,659846,1862,20.0,15330,0.8930309,0.10696909,0
2025-07-30T17:16:37.034887,17943,77524,11.0,4031318,3073,4450.0,3635187929.0,444000,26.0,72.0,48.0,3073,64,656525,1625,20.0,16282,0.7408201,0.2591799,0
2025-07-30T17:16:42.189755,19664,81533,8.0,3880964,3561,3960.0,3697007187.0,429123,25.0,60.0,46.0,3561,76,634530,1604,20.0,15698,0.7543059,0.2456941,0
2025-07-30T17:16:47.322357,17841,80729,10.0,3750940,3061,4726.0,3747794749.0,429092,26.0,76.0,50.0,3061,63,632035,1556,98.0,15706,0.7635276,0.23647244,0
2025-07-30T17:16:52.440478,18408,83269,12.0,3798632,3122,4780.0,3869713107.0,428238,26.0,83.0,48.0,3122,71,651924,1670,36.0,15574,0.71840286,0.28159717,0
2025-07-30T17:16:57.559628,17886,76561,10.0,3846402,3280,4764.0,3829794242.0,437958,26.0,56.0,46.0,3280,63,654129,1525,24.0,15253,0.70482683,0.29517317,0
2025-07-30T17:17:02.700137,16829,82618,10.0,3872986,3156,4762.0,3680521659.0,426533,26.0,76.0,49.0,3156,67,629614,1574,24.0,15632,0.6490529,0.35094708,0
2025-07-30T17:17:07.872463,20445,82721,9.0,3901156,3670,4744.0,3828183120.0,435094,26.0,58.0,46.0,3672,70,632904,1758,20.0,15590,0.7133565,0.28664353,0
2025-07-30T17:17:13.031756,15899,78276,12.0,3862366,3340,4780.0,3920156338.0,437212,66.0,61.0,48.0,3340,71,628563,1611,20.0,15826,0.8624531,0.13754688,0
2025-07-30T17:17:18.142031,17727,77457,10.0,3673553,2965,4821.0,3885761425.0,439831,25.0,65.0,48.0,2965,68,617173,1594,151.0,15475,0.75407195,0.24592808,0
2025-07-30T17:17:23.253981,18175,76105,9.0,3943236,3812,4756.0,3761910637.0,452467,26.0,60.0,46.0,3812,63,625931,1591,64.0,15526,0.71593195,0.28406805,0
2025-07-30T17:17:28.395177,18970,80161,9.0,3944322,3430,4780.0,3745686740.0,427681,26.0,80.0,48.0,3430,70,631999,1592,20.0,15241,0.7645694,0.23543063,0
2025-07-30T17:17:33.525431,18634,85041,11.0,3866555,3507,4757.0,3743178151.0,436460,26.0,66.0,48.0,3507,71,632827,1708,20.0,15671,0.7599714,0.24002862,0
2025-07-30T17:17:38.645377,17730,80633,8.0,3719111,3465,4752.0,3959928667.0,429017,26.0,52.0,46.0,3465,67,640181,1593,24.0,15511,0.72165716,0.27834287,0
2025-07-30T17:17:43.773078,16965,80953,10.0,4264900,3699,4617.0,3680976849.0,423067,25.0,79.0,50.0,3699,67,626366,1536,20.0,15736,0.62336785,0.37663215,0
2025-07-30T17:17:48.901864,16532,79508,9.0,3825723,3125,4286.0,3630551171.0,429506,26.0,71.0,47.0,3125,68,630334,1678,106.0,15579,0.5573716,0.4426284,0
2025-07-30T17:17:54.034083,18433,84430,10.0,4031954,3200,4258.0,3755263985.0,434903,26.0,84.0,47.0,3200,67,642097,1497,17.0,14930,0.6479652,0.35203478,0
2025-07-30T17:17:59.175090,18350,84232,14.0,3821658,3163,4770.0,3763483162.0,434387,26.0,86.0,50.0,3163,62,636724,1620,48.0,15523,0.8088922,0.1911078,0
2025-07-30T17:18:04.434196,17067,80016,9.0,3902281,3131,4729.0,3761255382.0,436649,25.0,58.0,47.0,3131,66,622886,1610,22.0,15542,0.775105,0.22489497,0
2025-07-30T17:18:09.596567,17635,81882,8.0,4101821,3215,4758.0,3762516482.0,428832,26.0,60.0,48.0,3215,67,631985,1577,24.0,15079,0.666219,0.333781,0
2025-07-30T17:18:14.723205,15979,83077,10.0,4028600,3092,4761.0,4012969791.0,435734,26.0,65.0,47.0,3092,66,623046,1714,25.0,15571,0.6950401,0.3049599,0
2025-07-30T17:18:19.842243,19702,79405,9.0,4109744,3849,4841.0,3836127466.0,435351,26.0,65.0,47.0,3849,71,639271,1670,20.0,15807,0.78931963,0.21068037,0
2025-07-30T17:18:24.991102,18235,76172,8.0,3887597,3205,4764.0,3739593480.0,429785,26.0,67.0,48.0,3205,62,635229,1614,107.0,15668,0.816239,0.18376097,0
2025-07-30T17:18:30.137920,17409,78532,20.0,3660600,3067,9501.0,7476262866.0,436055,51.0,135.0,95.0,3067,69,631465,1612,68.0,17069,0.7101256,0.28987437,0
2025-07-30T17:18:35.254328,17146,80453,10.0,4009819,4369,4758.0,3677114017.0,439666,26.0,69.0,48.0,4369,67,625635,1737,17.0,15509,0.780512,0.21948804,0
2025-07-30T17:18:40.376983,17372,77008,9.0,3951397,3405,4746.0,3771581126.0,434027,25.0,55.0,47.0,3405,69,633852,1518,24.0,15743,0.66326463,0.3367354,0
2025-07-30T17:18:45.532418,17414,84796,10.0,3805505,3413,4761.0,4215181903.0,443324,26.0,60.0,48.0,3413,64,631456,1731,20.0,15464,0.65144944,0.3485506,0
2025-07-30T17:18:50.670396,18056,79630,10.0,3866599,3637,4472.0,3765237391.0,433214,26.0,84.0,48.0,3637,67,646098,1910,31.0,15471,0.9526466,0.04735341,0
2025-07-30T17:18:55.821424,17502,81845,10.0,4006906,3004,4047.0,3616458813.0,438282,26.0,57.0,47.0,3004,61,642456,1606,18.0,16035,0.9140022,0.08599782,0
2025-07-30T17:19:00.978757,18075,80662,8.0,4226354,2989,4671.0,3779883560.0,431349,25.0,75.0,53.0,2989,61,633730,1560,110.0,15524,0.87756944,0.12243056,0
2025-07-30T17:19:06.091306,17661,77644,14.0,3800512,3088,4774.0,3770397191.0,434282,26.0,82.0,50.0,3088,68,631167,1492,26.0,15982,0.697496,0.302504,0
2025-07-30T17:19:11.216702,17411,82224,9.0,3716335,3253,4758.0,3856937068.0,430075,26.0,54.0,46.0,3253,62,638912,1580,65.0,15218,0.6305107,0.36948928,0
2025-07-30T17:19:16.416828,18025,78927,1011.0,3778144,3084,4854.0,3864339314.0,428153,64.0,4140.0,67.0,3084,70,630706,1559,65.0,16356,0.6707911,0.3292089,0
2025-07-30T17:19:21.577634,18277,99597,30.0,3799843,3070,4757.0,3927030706.0,427478,25.0,199.0,152.0,3070,57,645035,1486,28.0,16134,0.86558664,0.13441336,0
2025-07-30T17:19:26.816511,20204,83764,12.0,3868555,3536,4770.0,3910930897.0,441344,64.0,123.0,85.0,3536,67,643937,1592,200.0,15201,0.8150092,0.18499084,0
2025-07-30T17:19:31.942910,22266,78413,10.0,3833515,3004,4766.0,3714490929.0,438846,25.0,116.0,71.0,3004,63,883743,1540,24.0,16396,0.96582913,0.034170896,0
2025-07-30T17:19:37.067255,17834,83312,19.0,3940880,3139,4767.0,4086941346.0,432847,26.0,156.0,122.0,3139,62,632775,1500,320.0,15790,0.92802536,0.07197462,0
2025-07-30T17:19:42.211988,18415,79984,12.0,4045288,3326,4776.0,3886774238.0,437520,26.0,120.0,88.0,3326,66,636651,1622,55.0,14896,0.7996243,0.20037565,0
2025-07-30T17:19:47.427909,19511,77189,19.0,3927562,3616,4758.0,3757140060.0,429982,26.0,176.0,121.0,3616,66,633406,1631,120.0,15485,0.83184814,0.16815184,0
2025-07-30T17:19:52.567715,17304,89010,14.0,4098821,2984,4792.0,3850683733.0,423886,25.0,146.0,96.0,2984,66,630003,1674,118.0,15843,0.7621337,0.2378663,0
2025-07-30T17:19:57.707556,17785,80104,10.0,3710917,3409,4530.0,3849106935.0,433265,26.0,125.0,75.0,3409,70,633444,1660,114.0,16202,0.60755587,0.39244416,0
2025-07-30T17:20:02.837629,17767,80195,16.0,3958454,3089,4184.0,3692184008.0,429968,26.0,141.0,95.0,3089,66,638949,1600,79.0,15641,0.6264715,0.37352845,0
2025-07-30T17:20:07.966629,17177,81305,8.0,3758839,3198,4477.0,3622343339.0,437697,26.0,87.0,69.0,3198,66,634341,1600,44.0,15837,0.6660747,0.3339253,0
2025-07-30T17:20:13.162344,19603,79252,11.0,3828416,4726,4763.0,3888891697.0,432074,26.0,122.0,75.0,4726,66,631585,1701,83.0,15921,0.71665144,0.28334856,0
2025-07-30T17:20:18.297355,17633,78345,14.0,3892351,3433,4851.0,3855904758.0,427325,25.0,114.0,65.0,3433,64,644609,1516,80.0,15589,0.79518735,0.20481266,0
2025-07-30T17:20:23.438160,16877,80697,8.0,3714390,3030,4780.0,3855475628.0,433017,26.0,84.0,63.0,3030,68,633704,1567,20.0,16427,0.53754187,0.46245813,0
2025-07-30T17:20:28.579723,17184,80421,10.0,4075912,3088,4771.0,3776121127.0,434828,26.0,101.0,66.0,3088,65,635122,1638,24.0,16379,0.50167835,0.49832162,0
2025-07-30T17:20:33.821811,18449,77724,10.0,3973241,3056,4754.0,3782345721.0,430730,25.0,91.0,63.0,3056,64,627031,1638,21.0,15942,0.67391336,0.3260866,0
2025-07-30T17:20:38.981197,17254,84130,8.0,3784115,3569,4776.0,3788729765.0,445938,26.0,90.0,65.0,3569,65,643625,1704,24.0,15863,0.7652303,0.23476973,0
2025-07-30T17:20:44.106944,17106,85005,40.0,4048209,3125,4773.0,4194969977.0,432122,64.0,377.0,171.0,3125,62,618511,1598,41.0,15677,0.8161117,0.18388833,0
2025-07-30T17:20:49.239119,17719,79136,141.0,3839798,2913,4849.0,4805026510.0,430309,32.0,1113.0,603.0,2913,70,630844,1534,581.0,17714,0.7339996,0.2660004,0
2025-07-30T17:20:54.369481,18627,81024,8.0,4064117,2942,4801.0,3743231003.0,436736,26.0,91.0,48.0,2942,66,643408,1785,42.0,15798,0.291628,0.708372,1
2025-07-30T17:20:59.509702,19886,77032,11.0,4005044,3586,4780.0,3810976399.0,444608,26.0,64.0,48.0,3586,65,633455,1573,32.0,15843,0.84086394,0.15913609,0
2025-07-30T17:21:04.677888,17680,82816,9.0,3748942,3339,4673.0,3821104844.0,427784,25.0,59.0,47.0,3339,64,634257,1623,20.0,16066,0.7731059,0.2268941,0
2025-07-30T17:21:09.808736,17032,76177,11.0,3906763,4319,4053.0,3545433099.0,431183,25.0,74.0,49.0,4319,65,631940,1838,36.0,16297,0.77626395,0.22373603,0
2025-07-30T17:21:14.942488,19105,80984,9.0,4102276,3174,4488.0,3855388683.0,458111,72.0,132.0,71.0,3174,68,650024,1498,102.0,15144,0.85537547,0.14462455,0
2025-07-30T17:21:20.115846,17259,79743,1023.0,3850808,3116,4936.0,4254308921.0,435063,25.0,4216.0,116.0,3116,67,641076,1565,647.0,16698,0.8412772,0.15872283,0
2025-07-30T17:21:25.268813,19420,84504,44.0,3797747,3776,9572.0,7801872875.0,433544,97.0,331.0,239.0,3776,71,627726,1643,708.0,16116,0.46504748,0.5349525,1
2025-07-30T17:21:30.385934,17406,79996,9.0,3836805,3222,4783.0,3775628068.0,431005,26.0,107.0,69.0,3222,64,628780,1514,267.0,16096,0.7582365,0.24176347,0
2025-07-30T17:21:35.518100,18270,84184,19.0,3746110,3225,4768.0,3832652407.0,430597,26.0,169.0,123.0,3225,63,639608,1595,21.0,16062,0.61830676,0.38169327,0
2025-07-30T17:21:40.658257,17810,77076,13.0,3887321,3283,4752.0,3790289718.0,437395,25.0,121.0,89.0,3283,67,639407,1847,84.0,15225,0.800615,0.199385,0
2025-07-30T17:21:45.770797,17363,86257,17.0,3724854,3072,4770.0,3927759430.0,437127,26.0,162.0,121.0,3072,60,634653,1572,22.0,15970,0.8043975,0.19560246,0
2025-07-30T17:21:50.897740,16873,86449,16.0,3891044,3168,4804.0,3896505776.0,439578,26.0,148.0,97.0,3168,66,627658,1622,80.0,15515,0.7270946,0.2729054,0
2025-07-30T17:21:56.086184,16703,82501,9.0,3839261,3157,4774.0,3712170986.0,433704,25.0,97.0,74.0,3157,65,629082,1449,22.0,15946,0.54921794,0.45078206,0
2025-07-30T17:22:01.247495,17338,91149,16.0,3852514,2792,4776.0,3846030826.0,434873,26.0,143.0,95.0,2792,62,629579,1648,82.0,15419,0.617731,0.38226905,0
2025-07-30T17:22:06.371595,19223,83704,9.0,3749997,3309,4590.0,3847717757.0,429906,26.0,91.0,69.0,3309,65,638956,1640,83.0,15938,0.7883895,0.2116105,0
2025-07-30T17:22:11.502632,18015,82054,10.0,3844745,3029,4173.0,3766875255.0,436055,26.0,101.0,73.0,3029,64,637627,1665,139.0,15687,0.85636073,0.14363928,0
2025-07-30T17:22:16.644770,17448,80915,10.0,3794419,3294,4517.0,3760624066.0,433422,26.0,97.0,65.0,3294,65,634834,1536,18.0,16397,0.73224735,0.26775265,0
2025-07-30T17:22:21.798901,17000,81118,9.0,3960502,3208,4774.0,3704069385.0,437111,26.0,82.0,64.0,3208,67,617766,1599,82.0,15191,0.6369116,0.36308843,0
2025-07-30T17:22:26.924880,17583,83345,8.0,3889903,3265,4784.0,3803677332.0,443639,25.0,94.0,64.0,3265,66,641258,1671,58.0,15927,0.6618358,0.33816424,0
2025-07-30T17:22:32.058971,20495,78632,14.0,3783544,3331,4774.0,3838243978.0,432002,26.0,111.0,67.0,3331,63,648240,1484,46.0,16421,0.7442138,0.25578618,0
2025-07-30T17:22:37.192165,17255,81148,9.0,3824040,3389,4769.0,3800767619.0,434095,27.0,92.0,63.0,3389,64,640555,1494,47.0,15906,0.72204864,0.27795133,0
2025-07-30T17:22:42.320712,16691,79321,26.0,4084759,3108,4774.0,3850598468.0,428395,25.0,196.0,59.0,3108,66,769551,1543,42.0,15953,0.5460658,0.4539342,0
2025-07-30T17:22:47.437231,18349,84090,163.0,5076499,3339,4857.0,4893498231.0,436038,70.0,1332.0,717.0,3339,66,640255,1617,234.0,15581,0.42353046,0.57646954,1
2025-07-30T17:22:52.582552,16910,82447,8.0,3860938,3013,4773.0,3790968775.0,438126,25.0,60.0,47.0,3013,66,630931,1647,455.0,16226,0.2891816,0.7108184,1
2025-07-30T17:22:57.752024,20370,78891,10.0,3884605,3532,4775.0,3850490990.0,438763,26.0,73.0,49.0,3532,69,628760,1676,20.0,15871,0.641703,0.358297,0
2025-07-30T17:23:02.902053,17585,87549,10.0,3878397,3260,4760.0,3781725198.0,434853,26.0,61.0,47.0,3260,65,628880,1539,20.0,15765,0.806703,0.19329706,0
2025-07-30T17:23:08.013951,18595,80392,8.0,4040648,3191,4765.0,3793197336.0,435480,26.0,69.0,47.0,3191,68,640747,1604,92.0,16071,0.7089616,0.2910384,0
2025-07-30T17:23:13.140114,18088,80027,10.0,4062749,3203,4676.0,3746434809.0,439014,25.0,65.0,48.0,3203,66,631386,1557,22.0,15358,0.7192435,0.28075644,0
2025-07-30T17:23:18.260325,19432,83914,1024.0,3759827,3566,4360.0,4245167162.0,433861,72.0,4285.0,139.0,3566,68,623996,1715,1131.0,16576,0.621362,0.37863806,0
2025-07-30T17:23:23.566548,17366,87366,28.0,4230083,3376,4382.0,3849253310.0,429504,26.0,200.0,152.0,3376,69,628587,1667,26.0,15723,0.40186876,0.59813124,1
2025-07-30T17:23:28.726426,17126,80812,13.0,3815017,2993,4797.0,3934741557.0,435146,71.0,129.0,83.0,2993,67,627839,1704,162.0,15651,0.6670542,0.33294582,0
2025-07-30T17:23:33.859029,17288,80594,9.0,3890196,3121,4774.0,4159945683.0,437457,25.0,94.0,74.0,3121,62,630064,1605,103.0,15300,0.8770762,0.122923814,0
2025-07-30T17:23:38.982960,18558,86309,19.0,3851686,3092,4796.0,3913688954.0,439437,64.0,174.0,129.0,3092,62,644676,1646,400.0,15820,0.86887735,0.13112265,0
2025-07-30T17:23:44.144393,17436,78411,16.0,3792167,3527,4780.0,3966979835.0,437147,26.0,144.0,90.0,3527,65,624013,1792,208.0,15448,0.88026184,0.11973817,0
2025-07-30T17:23:49.270121,17952,81420,17.0,3710395,3093,4775.0,3763671819.0,435737,26.0,149.0,120.0,3093,69,624406,1564,20.0,15268,0.74668026,0.25331977,0
2025-07-30T17:23:54.403406,18016,85322,15.0,3760049,3414,4785.0,3852505485.0,432042,25.0,153.0,96.0,3414,66,630320,1630,38.0,16152,0.61503255,0.38496745,0
2025-07-30T17:23:59.547419,17580,80861,10.0,3862269,3152,4788.0,3732728684.0,435857,26.0,99.0,72.0,3152,66,644988,1452,155.0,16541,0.6002487,0.39975134,0
2025-07-30T17:24:04.694316,18022,77240,14.0,3770798,3331,4780.0,3798448576.0,433793,26.0,146.0,100.0,3331,68,646906,1787,80.0,15537,0.6220054,0.3779946,0
2025-07-30T17:24:09.854200,20456,79245,10.0,3756180,3543,4804.0,3787676029.0,436986,25.0,104.0,70.0,3543,67,629158,1745,86.0,15746,0.8354924,0.1645076,0
2025-07-30T17:24:14.983098,17944,84297,10.0,3801415,3478,4787.0,3877588511.0,434865,26.0,91.0,72.0,3478,78,634042,1682,81.0,14824,0.8701204,0.12987958,0
2025-07-30T17:24:20.145443,17899,80866,20.0,3733654,3280,8862.0,7528157361.0,430930,52.0,186.0,129.0,3280,65,628113,1451,106.0,15416,0.68214333,0.31785664,0
2025-07-30T17:24:25.314278,17659,91808,8.0,3829260,3230,4418.0,3670131126.0,432661,26.0,81.0,63.0,3230,61,634733,1593,77.0,15354,0.83280146,0.16719855,0
2025-07-30T17:24:30.439425,17442,86060,11.0,3788253,3279,4759.0,3797225214.0,432883,25.0,107.0,66.0,3279,60,642433,1646,104.0,15382,0.8827448,0.11725518,0
2025-07-30T17:24:35.564189,17770,83692,9.0,3793283,2981,4774.0,3821952379.0,443063,26.0,85.0,63.0,2981,67,639531,1509,82.0,14915,0.8228855,0.17711447,0
2025-07-30T17:24:40.722364,19338,83633,12.0,3903114,3182,4771.0,3887553119.0,432618,26.0,88.0,59.0,3182,68,641317,1566,22.0,15575,0.7105849,0.2894151,0
2025-07-30T17:24:45.905715,17599,82556,172.0,3893573,3054,4843.0,5230132858.0,437913,68.0,1380.0,722.0,3054,70,628708,1721,515.0,16244,0.7147541,0.2852459,0
2025-07-30T17:24:51.042724,18817,74972,9.0,3819521,2982,4905.0,3899179583.0,433588,26.0,98.0,49.0,2982,67,639092,1647,70.0,15592,0.3346855,0.6653145,1
2025-07-30T17:24:56.168660,17235,83106,8.0,3973595,3237,4782.0,3924935108.0,435101,26.0,69.0,47.0,3237,61,629026,1636,26.0,15627,0.8021874,0.19781263,0
2025-07-30T17:25:01.309890,17292,82238,11.0,3768883,3106,4768.0,3748373984.0,429657,26.0,71.0,49.0,3106,73,621876,1633,20.0,16065,0.73361933,0.2663807,0
2025-07-30T17:25:06.463284,18144,75024,9.0,3888315,3510,4742.0,3652606810.0,427765,25.0,64.0,47.0,3510,62,638066,1675,71.0,15277,0.6179713,0.38202867,0
2025-07-30T17:25:11.583543,17840,78101,8.0,3775045,3381,4776.0,3893130504.0,433511,27.0,71.0,48.0,3381,65,648374,1510,221.0,15118,0.8009682,0.19903177,0
2025-07-30T17:25:16.709147,20326,83325,1025.0,3900672,3516,4993.0,4414868742.0,438705,71.0,4310.0,140.0,3516,64,638592,1814,692.0,15902,0.7791222,0.22087783,0
2025-07-30T17:25:21.838916,18180,93121,28.0,3878778,3931,4547.0,3840658897.0,424655,26.0,192.0,151.0,3931,68,637574,1597,20.0,15877,0.76681775,0.23318227,0
2025-07-30T17:25:26.988509,17843,79389,13.0,4365339,3495,3909.0,3677630012.0,435562,70.0,132.0,85.0,3495,71,644015,1664,191.0,15553,0.6597953,0.3402047,0
2025-07-30T17:25:32.114110,17125,83289,10.0,3859357,3264,4774.0,3832418504.0,434886,26.0,96.0,67.0,3264,62,627693,1552,9.0,16580,0.6984327,0.30156732,0
2025-07-30T17:25:37.252100,18193,82905,17.0,4173053,3089,4770.0,3842103793.0,434729,26.0,159.0,123.0,3089,72,638477,1563,18.0,15967,0.61309016,0.38690984,0
2025-07-30T17:25:42.435967,18348,90787,14.0,3715896,3486,4758.0,3777469870.0,434586,25.0,133.0,90.0,3486,68,619923,1800,554.0,15915,0.6667726,0.33322743,0
2025-07-30T17:25:47.561590,20431,88145,20.0,3942554,3165,4783.0,3897749312.0,440075,27.0,166.0,120.0,3165,68,631545,1541,75.0,16088,0.57545197,0.42454806,0
2025-07-30T17:25:52.682286,17414,77177,13.0,3860871,3200,4797.0,3924823252.0,434383,26.0,146.0,97.0,3200,58,627955,1501,21.0,15757,0.7580159,0.2419841,0
2025-07-30T17:25:57.833754,17699,79541,14.0,3959389,3098,4777.0,3706109912.0,427160,25.0,124.0,76.0,3098,63,634053,1476,86.0,15932,0.71017575,0.28982425,0
2025-07-30T17:26:03.059294,17496,72040,15.0,3752777,3154,4774.0,3852891008.0,440254,26.0,135.0,93.0,3154,65,644898,1600,83.0,15493,0.6450548,0.35494518,0
2025-07-30T17:26:08.200528,18169,84468,8.0,3763054,3274,4766.0,3860383014.0,432709,26.0,97.0,72.0,3274,64,633724,1620,86.0,15711,0.69405437,0.30594566,0
2025-07-30T17:26:13.303799,17144,86007,12.0,3706315,2932,4773.0,3869285358.0,432583,26.0,101.0,73.0,2932,60,626533,1622,87.0,15387,0.81512094,0.1848791,0
2025-07-30T17:26:18.471989,17355,75707,8.0,3753698,3246,4841.0,3754102222.0,438118,25.0,63.0,54.0,3246,66,632466,1594,24.0,15645,0.7404071,0.2595929,0
2025-07-30T17:26:23.645009,17155,78667,11.0,4444376,3090,4772.0,3851871806.0,438914,26.0,108.0,71.0,3090,68,627769,1766,146.0,15666,0.6867377,0.31326228,0
2025-07-30T17:26:28.797259,17255,81036,9.0,3827540,3241,4274.0,3741182240.0,433349,26.0,82.0,64.0,3241,64,628833,1604,18.0,15866,0.6973716,0.3026284,0
2025-07-30T17:26:33.920462,19491,90795,9.0,3874728,3555,4158.0,3701573314.0,428027,26.0,88.0,63.0,3555,65,637660,1872,17.0,15585,0.89421535,0.105784625,0
2025-07-30T17:26:39.046161,18648,79952,10.0,3806476,4623,4746.0,3798218480.0,438865,25.0,97.0,65.0,4623,63,654484,1582,18.0,15722,0.9510176,0.04898236,0
2025-07-30T17:26:44.206496,17733,86530,9.0,3822931,3023,4780.0,3757777044.0,435883,26.0,80.0,68.0,3023,66,637811,1630,18.0,16076,0.7774058,0.22259422,0
2025-07-30T17:26:49.389231,17804,84288,176.0,4006270,3218,4859.0,5009223302.0,435687,70.0,1431.0,714.0,3218,67,684769,1570,563.0,15187,0.61986005,0.38013992,0
2025-07-30T17:26:54.549924,19366,86494,11.0,3700380,3631,4789.0,3794317052.0,427081,25.0,89.0,47.0,3631,66,651190,1705,64.0,15561,0.45256418,0.5474358,1
2025-07-30T17:26:59.686826,17793,88628,8.0,3742205,3209,4776.0,3880148166.0,435730,26.0,51.0,46.0,3209,68,632876,1621,20.0,16064,0.8037222,0.19627778,0
2025-07-30T17:27:04.834755,19296,80145,11.0,3765943,3182,4776.0,3788773406.0,430396,26.0,81.0,50.0,3182,64,632095,1610,18.0,15527,0.738703,0.26129702,0
2025-07-30T17:27:09.970234,18557,80664,12.0,4564791,2816,4757.0,3672933667.0,432976,26.0,75.0,48.0,2816,79,644230,1660,54.0,15327,0.77718216,0.22281782,0
2025-07-30T17:27:15.089083,17179,81088,1032.0,3857828,3304,9755.0,8262562941.0,429418,97.0,4352.0,188.0,3304,69,630018,1637,1247.0,15536,0.63033855,0.36966142,0
2025-07-30T17:27:20.242899,18132,85004,9.0,3970883,3532,4784.0,3714287123.0,438982,26.0,60.0,47.0,3532,67,654558,1786,9.0,16099,0.66666216,0.33333784,0
2025-07-30T17:27:25.416160,17973,75273,28.0,3705866,3296,4813.0,3788411326.0,439972,26.0,194.0,152.0,3296,69,644573,1531,28.0,15881,0.7439196,0.2560804,0
2025-07-30T17:27:30.556325,18139,82257,14.0,3661912,4282,4375.0,3823653199.0,432826,71.0,132.0,85.0,4282,69,630330,1680,202.0,15182,0.6369544,0.36304554,0
2025-07-30T17:27:35.681420,17744,78943,9.0,3952937,3377,4063.0,3684856882.0,436520,25.0,97.0,68.0,3377,63,633750,1602,44.0,15912,0.8893724,0.11062757,0
2025-07-30T17:27:40.821378,18843,82664,17.0,3748219,3571,4768.0,3826916037.0,437127,26.0,166.0,122.0,3571,66,633706,1573,28.0,15725,0.77121717,0.22878282,0
2025-07-30T17:27:45.974820,17958,80248,15.0,3795854,3149,4756.0,3775041030.0,434489,26.0,133.0,89.0,3149,68,628341,1617,28.0,15387,0.70798147,0.2920185,0
2025-07-30T17:27:51.106632,19678,76016,17.0,3979734,2990,4798.0,3997853226.0,433334,25.0,164.0,120.0,2990,69,627752,1527,320.0,17512,0.68309367,0.31690636,0
2025-07-30T17:27:56.233520,17824,75865,15.0,4015317,3644,4793.0,3881871037.0,450473,26.0,155.0,97.0,3644,73,624048,1510,40.0,15408,0.572686,0.42731398,0
2025-07-30T17:28:01.361114,19462,84363,11.0,3683617,3492,4772.0,3781875503.0,431454,26.0,104.0,74.0,3492,72,634278,1626,24.0,15901,0.57977456,0.42022544,0
2025-07-30T17:28:06.499263,17783,84000,13.0,3886304,3260,4772.0,3827000297.0,445770,26.0,131.0,95.0,3260,63,636832,1701,42.0,15224,0.798414,0.20158598,0
2025-07-30T17:28:11.706413,17459,83500,10.0,3683700,3104,4776.0,3805593164.0,440393,26.0,107.0,70.0,3104,66,637272,1615,41.0,15565,0.7922026,0.20779738,0
2025-07-30T17:28:16.850746,17629,88878,13.0,3879368,3090,4830.0,3751838013.0,437334,25.0,111.0,73.0,3090,65,626123,1421,26.0,15636,0.6351758,0.3648242,0
2025-07-30T17:28:21.977199,23441,85077,8.0,3924726,3038,4773.0,3989892830.0,434413,26.0,83.0,64.0,3038,66,632539,1417,120.0,15699,0.751114,0.24888602,0
2025-07-30T17:28:27.098235,17953,86525,10.0,3679054,2909,4770.0,3836262223.0,432312,26.0,95.0,66.0,2909,64,639143,1578,100.0,15820,0.881943,0.11805703,0
2025-07-30T17:28:32.264958,17969,81742,10.0,3890668,3273,4748.0,3647577645.0,432832,25.0,86.0,64.0,3273,67,635293,1596,90.0,16050,0.6948808,0.30511922,0
2025-07-30T17:28:37.489097,17931,83652,8.0,3741055,3258,4659.0,3802782730.0,433174,27.0,92.0,65.0,3258,66,643233,1563,38.0,16231,0.5817447,0.4182553,0
2025-07-30T17:28:42.602609,17607,75900,11.0,4040692,3226,4045.0,3789471212.0,433186,26.0,92.0,64.0,3226,63,636353,1551,55.0,16080,0.64850664,0.35149336,0
2025-07-30T17:28:47.720495,19307,97455,173.0,3826555,3118,4591.0,4967649608.0,444982,69.0,1434.0,721.0,3118,66,650886,1643,268.0,15832,0.6985948,0.30140522,0
2025-07-30T17:28:52.866383,20300,78935,12.0,4047826,3695,4788.0,3725910521.0,450431,26.0,89.0,49.0,3695,77,626965,1683,39.0,16023,0.49448597,0.505514,1
2025-07-30T17:28:58.014115,17435,81708,9.0,3838825,3280,4759.0,3784752231.0,435846,26.0,59.0,46.0,3280,62,626183,1500,46.0,15581,0.7488904,0.25110963,0
2025-07-30T17:29:03.131084,22617,111576,9.0,3867315,3263,4762.0,3789595508.0,455950,25.0,75.0,52.0,3263,72,646868,1503,59.0,16023,0.4792682,0.5207318,1
2025-07-30T17:29:08.281973,17995,81773,10.0,4017460,5156,4782.0,3801325968.0,424948,26.0,69.0,48.0,5156,70,634874,1684,46.0,15761,0.53153324,0.46846676,0
2025-07-30T17:29:13.424856,20655,82569,9.0,3983910,3193,4747.0,3667800336.0,442379,25.0,57.0,47.0,3193,63,635470,1685,55.0,16900,0.83533096,0.16466905,0
2025-07-30T17:29:18.563156,17357,86504,19.0,3883472,3288,4980.0,4331571000.0,429104,72.0,216.0,121.0,3288,65,631467,1560,1262.0,15782,0.8452937,0.15470631,0
2025-07-30T17:29:23.701510,17236,80066,13.0,4029063,3348,4756.0,3878630656.0,428848,26.0,85.0,49.0,3348,67,629908,1554,277.0,16133,0.5512895,0.4487105,0
2025-07-30T17:29:28.851360,17675,83505,10.0,3901991,2983,4762.0,3625022998.0,434898,26.0,54.0,47.0,2983,67,636588,1505,48.0,15485,0.5323955,0.4676045,0
2025-07-30T17:29:33.977744,17869,79489,9.0,3751893,3123,4764.0,3829562635.0,433459,26.0,64.0,48.0,3123,66,625477,1635,48.0,15131,0.6718035,0.32819653,0
2025-07-30T17:29:39.095960,18295,83171,11.0,4104849,3434,4758.0,3825953949.0,434007,26.0,79.0,48.0,3434,70,637851,1599,118.0,15947,0.733522,0.266478,0
2025-07-30T17:29:44.233864,16919,83493,8.0,3792210,3217,4753.0,3659599558.0,434051,25.0,53.0,46.0,3217,67,635781,1563,56.0,15557,0.6228013,0.37719867,0
2025-07-30T17:29:49.430523,17057,76891,10.0,3993933,3618,4285.0,3924442526.0,428016,27.0,71.0,49.0,3618,67,633601,1702,108.0,15332,0.6505281,0.34947196,0
2025-07-30T17:29:54.531008,17728,77040,9.0,4083842,3088,4155.0,3713488815.0,436060,25.0,68.0,47.0,3088,62,631950,1567,80.0,15821,0.7908103,0.2091897,0
2025-07-30T17:29:59.656070,17099,84321,8.0,3715478,3099,4760.0,3830749217.0,427850,26.0,60.0,48.0,3099,64,629292,1565,82.0,16149,0.7293986,0.27060142,0
2025-07-30T17:30:04.812360,20346,78231,11.0,3765493,3728,4757.0,3718933487.0,433874,26.0,87.0,47.0,3728,65,631184,1527,80.0,15812,0.71009254,0.28990743,0
2025-07-30T17:30:09.973523,16977,82001,9.0,3752498,3230,4732.0,3751117715.0,428019,26.0,57.0,47.0,3230,63,634799,1528,25.0,16170,0.706967,0.293033,0
2025-07-30T17:30:15.097529,17470,80792,23.0,3772943,3333,9598.0,7738959942.0,436598,94.0,137.0,96.0,3333,67,639120,1521,207.0,15745,0.66575134,0.3342487,0
2025-07-30T17:30:20.254434,18516,86965,8.0,3925324,3991,4736.0,3637496912.0,436892,25.0,55.0,47.0,3991,64,629312,1656,84.0,15845,0.91293705,0.08706295,0
2025-07-30T17:30:25.435198,20250,78508,10.0,4072601,3791,4742.0,3715815012.0,436092,27.0,83.0,50.0,3791,66,642279,1732,128.0,16198,0.90768516,0.09231481,0
2025-07-30T17:30:30.590572,17202,86896,13.0,3802317,3141,4752.0,3840049858.0,436589,25.0,78.0,48.0,3141,67,625490,1676,36.0,15913,0.830534,0.16946602,0
2025-07-30T17:30:35.727593,16965,80021,8.0,3886443,3063,4727.0,3880610392.0,433137,26.0,50.0,47.0,3063,74,630177,1476,80.0,16087,0.57439744,0.42560253,0
2025-07-30T17:30:40.897313,17206,79269,10.0,3744069,3070,4747.0,3815152719.0,436243,26.0,73.0,49.0,3070,67,628488,1577,86.0,15870,0.44261432,0.5573857,1
2025-07-30T17:30:46.034438,18896,85846,11.0,3734112,3605,4743.0,4154540147.0,560367,26.0,67.0,47.0,3605,66,633215,1729,81.0,15218,0.82703096,0.17296904,0
2025-07-30T17:30:51.145265,17148,76583,8.0,3731605,3167,4756.0,3783719861.0,434783,25.0,85.0,48.0,3167,65,629436,1541,78.0,16633,0.9034461,0.096553944,0
2025-07-30T17:30:56.276913,18228,77446,10.0,3730341,3137,4161.0,3737881714.0,425022,26.0,68.0,48.0,3137,64,641083,1519,20.0,15696,0.53384936,0.46615067,0
2025-07-30T17:31:01.420068,17731,79249,10.0,4013177,3383,4239.0,3633930682.0,438530,26.0,60.0,46.0,3383,65,638723,1566,84.0,15536,0.7418879,0.25811207,0
2025-07-30T17:31:06.537751,18639,78447,8.0,3793224,3199,4734.0,3783140526.0,430832,26.0,73.0,47.0,3199,64,642602,1615,114.0,16171,0.75865823,0.24134177,0
2025-07-30T17:31:11.659058,19784,77761,12.0,3709627,3485,4759.0,3869062461.0,435432,26.0,78.0,48.0,3485,65,635085,1590,52.0,16560,0.7344702,0.2655298,0
2025-07-30T17:31:16.814864,18746,79517,10.0,3767488,3041,4825.0,3839495296.0,444034,26.0,73.0,47.0,3041,64,651198,1591,19.0,15573,0.7774834,0.2225166,0
2025-07-30T17:31:21.955773,17804,88396,10.0,3741587,3179,4738.0,3792737536.0,436494,25.0,73.0,49.0,3179,67,630859,1517,123.0,15344,0.77382976,0.22617023,0
2025-07-30T17:31:27.088810,17880,79165,9.0,3903070,3299,4764.0,3857767157.0,426983,27.0,64.0,47.0,3299,67,632820,1580,42.0,15492,0.6687871,0.3312129,0
2025-07-30T17:31:32.241120,17842,77154,9.0,3745607,3137,4748.0,3644657731.0,439791,25.0,62.0,48.0,3137,61,631062,1521,95.0,15807,0.7074302,0.29256982,0
2025-07-30T17:31:37.373530,18822,92888,11.0,3871537,3401,4729.0,3752173809.0,432131,25.0,71.0,49.0,3401,61,626396,1610,32.0,15471,0.83269805,0.16730195,0
2025-07-30T17:31:42.477959,17137,79533,12.0,3888673,3011,4763.0,3832042632.0,436628,26.0,67.0,47.0,3011,70,640961,1606,98.0,16369,0.79308474,0.20691526,0
2025-07-30T17:31:47.627980,18240,84035,8.0,3755005,3128,4743.0,3719365572.0,435334,26.0,56.0,48.0,3128,64,633072,1646,30.0,16113,0.5801383,0.41986164,0
2025-07-30T17:31:52.799811,21875,84026,10.0,3896119,2824,4789.0,3853917483.0,432514,26.0,78.0,48.0,2824,67,630010,1557,56.0,15535,0.84120953,0.15879044,0
2025-07-30T17:31:57.931147,19167,84760,9.0,3849563,3258,4770.0,3759352482.0,435675,26.0,56.0,47.0,3258,63,634583,1662,54.0,16076,0.89525044,0.104749575,0
2025-07-30T17:32:03.070859,17767,79101,9.0,3899106,3196,4609.0,3769465967.0,437352,25.0,64.0,48.0,3196,68,638017,1647,38.0,15796,0.8152866,0.18471344,0
2025-07-30T17:32:08.212289,17821,79018,11.0,3836707,3135,4395.0,3659895469.0,428555,26.0,76.0,48.0,3135,64,638705,1594,40.0,15731,0.68180007,0.31819993,0
2025-07-30T17:32:13.334317,16986,75458,8.0,4104446,3142,4137.0,3816494179.0,431343,26.0,57.0,47.0,3142,67,629904,1554,105.0,15266,0.7258508,0.2741492,0
2025-07-30T17:32:18.483706,17662,85597,10.0,3973378,3253,4836.0,3781150021.0,434724,26.0,72.0,49.0,3253,66,633779,1487,34.0,16150,0.59938323,0.40061674,0
2025-07-30T17:32:23.625772,19867,78372,9.0,3822486,3887,4754.0,3707188252.0,431249,26.0,58.0,46.0,3887,68,634312,1700,18.0,15938,0.6909456,0.3090544,0
2025-07-30T17:32:28.760556,17038,78854,8.0,3827348,3302,4759.0,3760141132.0,431620,25.0,71.0,47.0,3302,63,628556,1545,20.0,15395,0.76210344,0.23789658,0
2025-07-30T17:32:33.890661,18311,82625,10.0,3820465,2932,4751.0,3770700675.0,439624,26.0,84.0,48.0,2932,61,661957,1611,20.0,15373,0.7447287,0.25527132,0
2025-07-30T17:32:39.046274,17895,78406,10.0,5105147,4234,4748.0,3679144650.0,432559,25.0,58.0,47.0,4234,67,629991,1676,20.0,15624,0.8565936,0.14340642,0
2025-07-30T17:32:44.188392,19894,81300,8.0,3858821,4239,4754.0,3814944371.0,436351,26.0,61.0,48.0,4239,63,633131,1609,114.0,15654,0.80673975,0.19326024,0
2025-07-30T17:32:49.315905,18506,86011,13.0,3795730,3042,4752.0,3756242464.0,432466,26.0,84.0,50.0,3042,63,636060,1713,20.0,16204,0.88791835,0.11208168,0
2025-07-30T17:32:54.447957,17345,82034,9.0,4024979,3195,4769.0,3807104477.0,426472,25.0,77.0,47.0,3195,66,627912,1531,38.0,15231,0.77938133,0.22061867,0
2025-07-30T17:32:59.590538,17867,81313,9.0,3911589,3065,4778.0,3704795172.0,433757,26.0,63.0,48.0,3065,68,644179,1641,89.0,15296,0.6922691,0.3077309,0
2025-07-30T17:33:04.740164,17672,82968,12.0,3862841,3266,4756.0,3805775050.0,431499,26.0,70.0,48.0,3266,66,633241,1644,78.0,17140,0.6410638,0.35893616,0
2025-07-30T17:33:09.872526,20323,84318,9.0,3705246,3713,4762.0,3907741145.0,430453,26.0,55.0,47.0,3713,76,628073,1713,87.0,15879,0.7082258,0.2917742,0
2025-07-30T17:33:15.011069,17520,80509,10.0,3892426,3091,4394.0,3714292742.0,431879,25.0,80.0,49.0,3091,64,634844,1514,80.0,15520,0.77380526,0.22619475,0
2025-07-30T17:33:20.157497,17774,75600,17.0,3743892,3338,8849.0,7624871457.0,439113,52.0,115.0,95.0,3338,65,641171,1543,109.0,16063,0.69685996,0.30314,0
2025-07-30T17:33:25.287421,17802,81539,10.0,4150520,3433,4756.0,3654655715.0,429921,26.0,68.0,48.0,3433,64,634382,1601,116.0,15191,0.82173043,0.17826955,0
2025-07-30T17:33:30.407363,18682,83690,9.0,3937269,3113,4746.0,3770265287.0,443196,25.0,56.0,47.0,3113,64,657792,1690,84.0,16260,0.81739044,0.18260959,0
2025-07-30T17:33:35.543401,19424,83735,10.0,3773613,3738,4767.0,3813542173.0,441102,26.0,68.0,48.0,3738,67,628903,1817,81.0,15899,0.8935773,0.10642274,0
2025-07-30T17:33:40.699873,17504,85018,11.0,3881442,3313,4753.0,3673865074.0,435270,26.0,72.0,48.0,3313,72,635351,1546,18.0,15985,0.8177571,0.18224284,0
2025-07-30T17:33:45.836805,17566,76665,8.0,3717169,3378,4753.0,3793354815.0,442960,25.0,53.0,47.0,3378,66,634469,1805,122.0,15236,0.651495,0.34850505,0
2025-07-30T17:33:50.963771,19588,79053,10.0,3759092,3600,4794.0,3871882726.0,432063,27.0,83.0,50.0,3600,69,635581,1628,95.0,15648,0.8258916,0.17410837,0
2025-07-30T17:33:56.109258,18043,84921,12.0,3805413,3377,4787.0,3830823764.0,439154,25.0,72.0,47.0,3377,63,623387,1585,82.0,15734,0.8051394,0.19486058,0
2025-07-30T17:34:01.292231,16822,76800,8.0,3928268,3310,4783.0,3754624878.0,435387,27.0,64.0,52.0,3310,67,629032,1668,64.0,15702,0.7588863,0.24111372,0
2025-07-30T17:34:06.436796,17271,82672,11.0,3940366,2970,4799.0,3792274571.0,426960,25.0,74.0,49.0,2970,63,630523,1531,44.0,15794,0.5999191,0.40008095,0
2025-07-30T17:34:11.555137,17609,89429,9.0,3690316,3143,4758.0,3883581305.0,444486,26.0,62.0,47.0,3143,64,630516,1478,49.0,15754,0.6535985,0.3464015,0
2025-07-30T17:34:16.697774,19239,84585,10.0,3745248,3289,4857.0,3714186118.0,429673,26.0,68.0,48.0,3289,68,631877,1582,20.0,15990,0.69620305,0.30379695,0
2025-07-30T17:34:21.905959,17240,80797,12.0,3798239,3096,3959.0,3550942080.0,428954,25.0,78.0,48.0,3096,67,636706,1542,32.0,15490,0.66479295,0.33520705,0
2025-07-30T17:34:27.032573,17448,80504,10.0,3748249,3233,4437.0,3780811115.0,428083,26.0,65.0,47.0,3233,70,635306,1488,122.0,15658,0.596807,0.40319297,0
2025-07-30T17:34:32.163611,17791,81997,9.0,3944392,3122,4767.0,3887407498.0,430475,26.0,71.0,47.0,3122,65,646310,1609,18.0,16054,0.5738025,0.42619756,0
2025-07-30T17:34:37.273295,17315,77841,12.0,3771240,3265,4752.0,3696397858.0,431351,26.0,67.0,48.0,3265,67,641491,1461,88.0,15528,0.6488037,0.3511963,0
2025-07-30T17:34:42.438385,21198,82289,8.0,3808153,5010,4759.0,3756318213.0,439434,25.0,52.0,47.0,5010,72,627902,1801,80.0,15111,0.785496,0.21450402,0
2025-07-30T17:34:47.600202,16530,76859,11.0,3830058,3349,4760.0,3904753063.0,444694,26.0,80.0,49.0,3349,67,635554,1599,82.0,16007,0.8582376,0.14176239,0
2025-07-30T17:34:52.724420,17761,79516,9.0,3751224,3094,4887.0,3789449804.0,433323,25.0,85.0,49.0,3094,62,642568,1797,32.0,15739,0.66910434,0.33089563,0
2025-07-30T17:34:57.879322,17871,82489,8.0,3899506,3146,4786.0,3821795340.0,438328,26.0,73.0,48.0,3146,66,626439,1547,89.0,15811,0.80408293,0.19591708,0
2025-07-30T17:35:03.021069,19538,78584,11.0,3766415,3067,4766.0,3696092433.0,436006,26.0,78.0,48.0,3067,67,620816,1785,67.0,15325,0.81073284,0.18926719,0
2025-07-30T17:35:08.153502,18116,83000,14.0,3784372,3191,4784.0,3804222025.0,435152,64.0,72.0,48.0,3191,65,651521,1597,123.0,15633,0.8738232,0.12617677,0
2025-07-30T17:35:13.293631,17808,83797,8.0,3939517,5024,4759.0,3840795433.0,430324,25.0,54.0,48.0,5024,67,645252,1647,175.0,15515,0.89308137,0.10691861,0
2025-07-30T17:35:18.456643,18035,84089,11.0,3948660,3286,4840.0,3760827773.0,434721,26.0,78.0,49.0,3286,63,632972,1610,44.0,15707,0.7808124,0.21918763,0
2025-07-30T17:35:23.588296,17692,75964,9.0,3840435,3030,4621.0,3822512990.0,426919,25.0,57.0,47.0,3030,67,635161,1468,48.0,16219,0.6674857,0.33251426,0
2025-07-30T17:35:28.732424,19788,84820,8.0,3764228,3255,3968.0,3638624358.0,432329,26.0,61.0,47.0,3255,68,625859,1748,45.0,15404,0.7189718,0.2810282,0
2025-07-30T17:35:33.928349,17335,78655,12.0,3835078,4566,4604.0,3620439012.0,436806,25.0,76.0,48.0,4566,65,632842,1541,40.0,15661,0.8755649,0.12443515,0
2025-07-30T17:35:39.062950,17592,78104,9.0,3979836,3573,4755.0,3733594600.0,441527,25.0,58.0,47.0,3573,64,637449,1657,42.0,15807,0.6717161,0.32828394,0
2025-07-30T17:35:44.189578,18085,78536,11.0,3730874,3702,4777.0,3928818947.0,433466,26.0,72.0,49.0,3702,63,641147,1837,146.0,15680,0.8512344,0.14876561,0
2025-07-30T17:35:49.308079,21586,83873,10.0,3868266,3746,4765.0,3788580448.0,428525,26.0,59.0,47.0,3746,70,643257,1714,41.0,15774,0.9357166,0.064283386,0
2025-07-30T17:35:54.469174,18574,82661,8.0,3960181,3187,4797.0,3733186842.0,435405,26.0,72.0,48.0,3187,66,646194,1540,104.0,15611,0.8891741,0.11082592,0
2025-07-30T17:35:59.590851,18031,85221,10.0,3776349,3150,4789.0,3765683059.0,433993,26.0,79.0,48.0,3150,71,642916,1669,80.0,15930,0.7068777,0.29312226,0
2025-07-30T17:36:04.710899,17415,90627,11.0,3926768,2981,4775.0,3762214146.0,440847,25.0,69.0,47.0,2981,66,642542,1527,90.0,16244,0.59097826,0.40902176,0
2025-07-30T17:36:09.830070,18930,78107,9.0,3881461,3200,4775.0,3726313256.0,439763,26.0,64.0,47.0,3200,66,634327,1586,88.0,16550,0.6081227,0.3918773,0
2025-07-30T17:36:14.985667,18104,94775,13.0,3816501,3199,4757.0,3857127760.0,427279,26.0,83.0,49.0,3199,65,637381,1625,32.0,15295,0.7549689,0.24503113,0
2025-07-30T17:36:20.114613,17619,78016,19.0,3919406,3274,9618.0,7608057926.0,439867,51.0,153.0,97.0,3274,66,624906,1564,80.0,16227,0.7497436,0.2502564,0
2025-07-30T17:36:25.264703,17834,79901,11.0,3788369,3321,4449.0,3651724116.0,426950,26.0,67.0,48.0,3321,68,629209,1571,112.0,15534,0.7380903,0.2619097,0
2025-07-30T17:36:30.429082,17354,79389,9.0,3845444,3244,4022.0,3484073485.0,429898,25.0,54.0,47.0,3244,64,637618,1515,44.0,15502,0.62421966,0.37578037,0
2025-07-30T17:36:35.584336,20026,79916,11.0,3852446,3591,4692.0,3847098067.0,426089,26.0,76.0,48.0,3591,64,632118,1572,88.0,15515,0.76524115,0.23475882,0
2025-07-30T17:36:40.742499,17954,89200,9.0,3769315,3783,4756.0,3875966234.0,448589,26.0,55.0,47.0,3783,68,637130,1534,96.0,15870,0.79664075,0.20335925,0
2025-07-30T17:36:45.869630,18288,76764,13.0,3901048,3263,4782.0,4175776931.0,433622,26.0,73.0,48.0,3263,66,636722,1561,96.0,15236,0.7380837,0.2619163,0
2025-07-30T17:36:50.993308,16690,77664,10.0,3865394,6624,4791.0,3782365696.0,434701,26.0,79.0,47.0,6624,73,631719,1788,28.0,15572,0.8062134,0.1937866,0
2025-07-30T17:36:56.126532,19240,84768,9.0,4127693,3522,4773.0,3770679242.0,430676,25.0,56.0,46.0,3522,64,630428,1677,94.0,16417,0.8925863,0.107413724,0
2025-07-30T17:37:01.284169,18002,82774,9.0,3826446,3167,4771.0,3687050828.0,433369,26.0,70.0,48.0,3167,63,633188,1559,82.0,16026,0.81977266,0.18022735,0
2025-07-30T17:37:06.410453,18435,81413,12.0,4901844,3164,4767.0,3824739777.0,444409,26.0,73.0,47.0,3164,64,645541,1560,84.0,15407,0.8011081,0.19889186,0
2025-07-30T17:37:11.546492,18046,84936,8.0,3887696,3128,4753.0,3824055555.0,437578,26.0,48.0,47.0,3128,65,632812,1537,98.0,15624,0.81318086,0.18681914,0
2025-07-30T17:37:16.703451,17730,81365,11.0,3855581,3115,4853.0,3809416511.0,434369,25.0,79.0,50.0,3115,66,632019,1524,54.0,15743,0.69400835,0.30599162,0
2025-07-30T17:37:21.833451,16751,83578,12.0,3944342,3404,4769.0,3824886563.0,433748,26.0,85.0,47.0,3404,64,644317,1596,84.0,15830,0.64077383,0.35922617,0
2025-07-30T17:37:27.026153,17843,84831,8.0,3880327,3120,4793.0,3814860143.0,436298,26.0,69.0,47.0,3120,65,637403,1676,78.0,15386,0.76245356,0.23754644,0
2025-07-30T17:37:32.175508,18214,80772,11.0,3816717,3132,4732.0,3717763541.0,425698,26.0,75.0,49.0,3132,66,635602,1697,63.0,15753,0.8072766,0.19272342,0
2025-07-30T17:37:37.295915,17634,78832,10.0,3756015,3029,4138.0,3835439963.0,441243,26.0,58.0,46.0,3029,59,628286,1699,46.0,15988,0.8162583,0.18374172,0
2025-07-30T17:37:42.433545,18823,79673,8.0,3704139,3643,4313.0,3701677616.0,433350,25.0,72.0,47.0,3643,76,636585,1585,18.0,16363,0.83239067,0.16760933,0
2025-07-30T17:37:47.565289,17776,86893,12.0,3731148,4487,4765.0,3798971951.0,433620,26.0,69.0,48.0,4487,65,632156,1760,30.0,15673,0.7114978,0.2885022,0
2025-07-30T17:37:52.778171,17644,79183,9.0,3832706,3118,4793.0,3698868608.0,436094,26.0,64.0,46.0,3118,65,634955,1513,32.0,15527,0.8430312,0.15696876,0
2025-07-30T17:37:57.927463,17967,76537,8.0,3999071,3247,4763.0,3731979554.0,562407,25.0,66.0,48.0,3247,63,647429,1630,121.0,15923,0.7926492,0.2073508,0
2025-07-30T17:38:03.052807,17326,77872,12.0,3836710,3520,4776.0,3913757751.0,437081,26.0,69.0,48.0,3520,68,630529,1547,28.0,15711,0.7942775,0.20572253,0
2025-07-30T17:38:08.192793,18095,84992,9.0,3689714,3258,4756.0,3730225131.0,436547,26.0,59.0,47.0,3258,56,631123,1550,31.0,16251,0.7238416,0.2761584,0
2025-07-30T17:38:13.432923,18173,79709,10.0,3880793,3142,4771.0,3711449221.0,437303,25.0,74.0,49.0,3142,62,632626,1618,24.0,15571,0.865499,0.13450098,0
2025-07-30T17:38:18.577302,18555,76517,10.0,3901498,3160,4851.0,3798779474.0,427444,26.0,63.0,47.0,3160,64,627187,1458,24.0,15481,0.74606884,0.2539312,0
2025-07-30T17:38:23.836304,16688,79340,8.0,3809260,3202,4769.0,3975397793.0,436014,26.0,57.0,48.0,3202,63,630102,1610,26.0,15714,0.67466813,0.32533187,0
2025-07-30T17:38:29.005716,17218,85710,10.0,3695863,3441,4767.0,3802541005.0,431536,26.0,78.0,48.0,3441,67,624792,1578,18.0,15571,0.6552466,0.34475338,0
2025-07-30T17:38:34.151075,17538,85622,13.0,3856086,3404,4769.0,3717500985.0,436270,26.0,75.0,47.0,3404,75,631761,1635,110.0,16431,0.56298214,0.43701786,0
2025-07-30T17:38:39.275142,16806,86675,9.0,3868842,3335,4750.0,3849670181.0,427985,25.0,65.0,46.0,3335,65,635815,1511,62.0,16106,0.39210278,0.6078972,1
2025-07-30T17:38:44.404279,18934,76984,10.0,3879683,3066,4592.0,3821440095.0,440870,26.0,68.0,48.0,3066,66,632531,1596,20.0,16143,0.627596,0.372404,0
2025-07-30T17:38:49.538456,18074,80020,10.0,3894591,3225,4053.0,3525105954.0,437361,26.0,58.0,47.0,3225,65,633403,1616,20.0,16122,0.7385211,0.26147893,0
2025-07-30T17:38:54.659328,19269,77544,8.0,3795482,3545,4554.0,3751962553.0,435971,26.0,76.0,47.0,3545,63,632978,1666,37.0,15657,0.8132142,0.18678582,0
2025-07-30T17:38:59.790216,17643,84705,11.0,3743574,3759,4758.0,3832878910.0,434297,25.0,69.0,48.0,3759,65,626354,1624,20.0,17330,0.76082146,0.23917854,0
2025-07-30T17:39:04.942241,17114,79160,9.0,3910527,3338,4769.0,3738673699.0,442030,26.0,68.0,52.0,3338,65,633677,1685,18.0,15649,0.6597496,0.34025034,0
2025-07-30T17:39:10.088181,17095,81902,11.0,4045730,3177,4787.0,3752195726.0,429059,26.0,74.0,49.0,3177,65,629561,1641,112.0,16009,0.7170497,0.28295028,0
2025-07-30T17:39:15.213633,18097,81440,18.0,3799119,3694,9586.0,7713367742.0,434716,51.0,129.0,95.0,3694,64,626798,1773,139.0,15845,0.7681979,0.23180214,0
2025-07-30T17:39:20.358789,16281,82657,12.0,3724455,3085,4764.0,3771243179.0,432692,26.0,79.0,48.0,3085,64,624046,1556,83.0,15991,0.83021235,0.16978763,0
2025-07-30T17:39:25.501134,17322,78157,9.0,3768064,3108,4755.0,3749157871.0,427715,26.0,60.0,46.0,3108,69,629415,1637,94.0,15148,0.6236249,0.37637505,0
2025-07-30T17:39:30.627916,18090,80060,9.0,3727537,3944,4754.0,3729582549.0,434927,26.0,66.0,49.0,3944,65,631617,1550,110.0,15634,0.65143824,0.3485618,0
2025-07-30T17:39:35.783804,18007,93785,14.0,3846415,3192,4745.0,3814500448.0,433112,25.0,86.0,50.0,3192,63,628588,1514,96.0,15733,0.73204535,0.26795465,0
2025-07-30T17:39:40.919111,18976,85505,9.0,3889532,3540,5824.0,4168584622.0,427843,29.0,54.0,49.0,3540,67,624882,1733,25.0,16130,0.7728868,0.22711317,0
2025-07-30T17:39:46.047380,17102,84369,9.0,3727981,3248,3691.0,5998042803.0,439769,23.0,70.0,46.0,3248,71,650625,1634,92.0,15795,0.8469918,0.15300825,0
2025-07-30T17:39:51.176288,17358,78493,11.0,3856373,3397,4211.0,3721251539.0,436058,26.0,88.0,48.0,3397,70,632076,1574,18.0,15495,0.91681343,0.08318657,0
2025-07-30T17:39:56.299496,18202,80758,9.0,3826999,3203,4226.0,3634033877.0,433727,26.0,54.0,47.0,3203,60,636468,1522,98.0,15394,0.719842,0.28015798,0
2025-07-30T17:40:01.425937,19354,77163,12.0,3817296,3562,4761.0,3717872342.0,435574,25.0,75.0,49.0,3562,66,646768,1515,93.0,16130,0.80109674,0.19890326,0
2025-07-30T17:40:06.550258,17200,83593,10.0,3766289,3267,4744.0,3809267553.0,427849,26.0,61.0,46.0,3267,66,637793,1576,122.0,15855,0.6711555,0.3288445,0
2025-07-30T17:40:11.689513,18022,76684,8.0,3835885,3041,4759.0,3756622333.0,436775,26.0,63.0,48.0,3041,68,629058,1444,115.0,15616,0.61383617,0.38616386,0
2025-07-30T17:40:16.832964,16960,77581,11.0,3845710,3825,4832.0,3814738170.0,431331,26.0,72.0,48.0,3825,65,632259,1687,26.0,15684,0.61813647,0.38186353,0
2025-07-30T17:40:21.946859,18251,77804,9.0,3890537,3204,4756.0,3858919837.0,433977,26.0,58.0,47.0,3204,68,633000,1602,92.0,15018,0.72348535,0.27651462,0
2025-07-30T17:40:27.089448,17046,92779,8.0,3737523,3167,4743.0,3747411571.0,442248,25.0,67.0,48.0,3167,69,636835,1688,88.0,17300,0.62269545,0.37730452,0
2025-07-30T17:40:32.237104,18554,83662,12.0,4030737,3273,4755.0,3660885687.0,432822,26.0,83.0,48.0,3273,65,634031,1614,94.0,15803,0.54604,0.45396,0
2025-07-30T17:40:37.365051,18283,81612,9.0,3770521,5097,4746.0,3801691807.0,437450,26.0,53.0,47.0,5097,62,639861,1613,118.0,15852,0.84598076,0.15401922,0
2025-07-30T17:40:42.502074,18090,83534,10.0,4255400,3272,4755.0,3827564914.0,442276,25.0,75.0,49.0,3272,63,631754,1501,26.0,16858,0.8467947,0.1532053,0
2025-07-30T17:40:47.650197,17159,78480,12.0,3688011,3216,4753.0,3686126783.0,441701,26.0,71.0,48.0,3216,64,623184,1567,94.0,15489,0.6922987,0.3077013,0
2025-07-30T17:40:52.758100,20073,87603,10.0,4320043,3531,4771.0,3894161009.0,431550,26.0,65.0,47.0,3531,65,626074,1729,90.0,15602,0.8211076,0.17889236,0
2025-07-30T17:40:57.880921,18066,79924,10.0,3746403,3218,4647.0,3785857931.0,435026,25.0,81.0,49.0,3218,63,639428,1469,92.0,15491,0.8904164,0.1095836,0
2025-07-30T17:41:03.019786,18045,78808,10.0,3731941,3118,4149.0,3578778785.0,443897,26.0,63.0,47.0,3118,61,632902,1511,90.0,15500,0.75501263,0.24498738,0
2025-07-30T17:41:08.195848,17820,77064,9.0,4016088,2975,4379.0,3778469335.0,429499,26.0,61.0,47.0,2975,67,630390,1509,99.0,15411,0.7757323,0.22426775,0
2025-07-30T17:41:13.318226,18957,87553,10.0,4126424,3488,4741.0,3756178717.0,434848,25.0,66.0,48.0,3488,66,638500,1731,94.0,15978,0.7861192,0.21388078,0
2025-07-30T17:41:18.436204,17542,80758,10.0,3838940,3143,4839.0,3879279519.0,441554,26.0,61.0,47.0,3143,67,625908,1383,18.0,15453,0.74579066,0.25420934,0
2025-07-30T17:41:23.595031,16716,82798,8.0,3718368,3070,4759.0,3752051606.0,433729,26.0,65.0,48.0,3070,66,632799,1600,82.0,15861,0.57237256,0.42762744,0
2025-07-30T17:41:28.748831,18329,81364,11.0,3903125,3037,4753.0,3814004346.0,554953,26.0,82.0,48.0,3037,64,648375,1653,95.0,16081,0.7686994,0.23130059,0
2025-07-30T17:41:33.877838,17723,89750,9.0,3724203,4209,4748.0,3776415730.0,437415,25.0,60.0,47.0,4209,66,643341,1784,88.0,15692,0.94615155,0.053848464,0
2025-07-30T17:41:39.015827,17567,83176,11.0,3734182,3157,4778.0,3821264409.0,430429,27.0,90.0,49.0,3157,63,629573,1539,116.0,15645,0.84973097,0.15026905,0
2025-07-30T17:41:44.174270,17367,83145,9.0,3714547,3188,4749.0,3705987207.0,436462,25.0,62.0,46.0,3188,68,628234,1562,18.0,16027,0.63776255,0.36223742,0
2025-07-30T17:41:49.332617,17771,79329,9.0,3743934,3053,4754.0,3801576314.0,437982,26.0,72.0,47.0,3053,69,637161,1455,20.0,15520,0.5241618,0.47583815,0
2025-07-30T17:41:54.466261,17843,85652,10.0,3837861,3417,4778.0,3784399932.0,429180,26.0,94.0,48.0,3417,71,636216,1946,21.0,16324,0.6599077,0.34009227,0
2025-07-30T17:41:59.600726,18810,77017,13.0,3857526,3644,4790.0,3783748641.0,436893,26.0,70.0,48.0,3644,70,624898,1651,18.0,16015,0.7851874,0.21481259,0
2025-07-30T17:42:04.736858,17806,85228,10.0,4013624,3339,4740.0,3751480813.0,424084,25.0,60.0,47.0,3339,66,636101,1524,18.0,16041,0.629986,0.370014,0
2025-07-30T17:42:09.887760,16862,78589,11.0,3834070,3322,4224.0,3635646065.0,443703,25.0,73.0,49.0,3323,66,625868,1577,113.0,15966,0.6026428,0.39735726,0
2025-07-30T17:42:15.036546,18198,88868,9.0,3900902,3131,4160.0,3694512261.0,425511,26.0,56.0,46.0,3131,65,641599,1608,114.0,15937,0.6583065,0.3416935,0
2025-07-30T17:42:20.161971,17499,76797,22.0,3986144,2876,9592.0,7634540018.0,439080,52.0,156.0,95.0,2876,63,624779,1578,122.0,15586,0.79788303,0.20211698,0
2025-07-30T17:42:25.300346,19670,85065,8.0,4007728,3544,4780.0,3750433366.0,441205,26.0,56.0,47.0,3544,63,642356,1641,102.0,15261,0.8799911,0.12000886,0
2025-07-30T17:42:30.462873,18514,78112,11.0,3751804,3099,4758.0,3714979594.0,428535,26.0,87.0,48.0,3099,69,632549,1574,24.0,15281,0.8536794,0.1463206,0
2025-07-30T17:42:35.591563,18039,79049,10.0,3713779,3068,4736.0,3702539954.0,439485,25.0,62.0,46.0,3068,66,631231,1523,92.0,15393,0.6987403,0.3012597,0
2025-07-30T17:42:40.744099,17058,80310,8.0,3877674,2984,4758.0,3900443194.0,437925,26.0,65.0,48.0,2984,60,632942,1522,98.0,16255,0.6841234,0.31587663,0
2025-07-30T17:42:45.889787,17787,84242,13.0,3962460,3598,4766.0,4215394822.0,445948,27.0,73.0,47.0,3598,69,647881,1617,86.0,15376,0.7463349,0.25366506,0
2025-07-30T17:42:51.025655,17765,86969,9.0,3868257,3111,4766.0,3803744052.0,439604,25.0,65.0,47.0,3111,66,637283,1583,92.0,15669,0.803183,0.19681697,0
2025-07-30T17:42:56.159972,17709,73245,8.0,5474159,3201,4758.0,3753159286.0,434538,26.0,60.0,48.0,3201,65,635771,1617,104.0,15338,0.80452186,0.19547814,0
2025-07-30T17:43:01.301155,17307,78908,14.0,3873107,3016,4756.0,3741093278.0,430747,25.0,85.0,50.0,3016,167,643822,1507,18.0,15684,0.15363371,0.8463663,1
2025-07-30T17:43:06.437379,20436,85198,10.0,3855409,3527,4736.0,3745996046.0,432690,26.0,59.0,47.0,3527,68,638537,1810,93.0,16106,0.08917713,0.91082287,1
2025-07-30T17:43:11.568591,18007,88413,8.0,3830442,4786,4590.0,3763104124.0,431449,25.0,61.0,47.0,4786,70,633074,1727,86.0,15590,0.94042057,0.05957942,0
2025-07-30T17:43:16.700039,17074,79225,12.0,3769826,4531,4366.0,3648086672.0,433507,26.0,76.0,48.0,4531,64,624937,1604,90.0,15652,0.8018199,0.19818006,0
2025-07-30T17:43:21.843028,17159,79816,8.0,3918152,3034,4279.0,3850724706.0,429964,26.0,50.0,47.0,3034,64,627889,1690,88.0,16320,0.7501747,0.24982528,0
2025-07-30T17:43:26.967360,20842,80204,10.0,4299518,3010,4769.0,3817221841.0,432605,26.0,71.0,49.0,3010,169,636230,1557,90.0,16060,0.1714729,0.8285271,1
2025-07-30T17:43:32.118111,17314,84142,10.0,3814051,3093,4748.0,3786977766.0,435194,25.0,64.0,47.0,3093,66,635155,1598,20.0,15633,0.0818575,0.9181425,1
2025-07-30T17:43:37.313156,17907,84805,9.0,3736233,3203,4762.0,3826160288.0,429086,26.0,63.0,48.0,3203,56,629879,1532,85.0,15075,0.80986834,0.19013163,0
2025-07-30T17:43:42.448496,18396,79527,10.0,3995988,3182,4763.0,3909620244.0,425495,27.0,71.0,48.0,3182,72,640551,1597,18.0,15760,0.8264003,0.17359972,0
2025-07-30T17:43:47.860776,17378,78152,10.0,4052288,3106,4749.0,3789670147.0,428769,25.0,57.0,47.0,3106,81,626228,1544,26.0,15521,0.6073332,0.3926668,0
2025-07-30T17:43:54.705430,18692,82777,8.0,3867230,3115,4775.0,3687708857.0,442667,25.0,77.0,48.0,3115,62,652332,1686,37.0,15579,0.5812289,0.4187711,0
2025-07-30T17:43:59.884748,17627,83243,11.0,3734310,3203,4780.0,4145961029.0,433331,26.0,72.0,48.0,3203,66,631774,1418,141.0,15952,0.76796067,0.23203935,0
2025-07-30T17:44:05.027499,17640,79548,9.0,3783092,3297,4776.0,3673338255.0,430805,26.0,67.0,52.0,3297,64,643103,1563,49.0,15950,0.6248516,0.37514842,0
2025-07-30T17:44:10.139734,17294,79841,23.0,3877918,4086,9574.0,7541870463.0,428835,52.0,156.0,98.0,4086,69,635810,1638,114.0,15486,0.6647016,0.3352984,0
2025-07-30T17:44:15.308851,17875,77825,9.0,3857952,3162,4823.0,3759502399.0,433176,25.0,55.0,47.0,3162,66,636684,1529,18.0,15657,0.7009691,0.29903087,0
2025-07-30T17:44:20.503175,19637,85413,8.0,3717878,3507,4366.0,3676730779.0,424824,26.0,68.0,48.0,3507,66,636690,1693,28.0,15932,0.7134347,0.2865653,0
2025-07-30T17:44:25.635828,16316,83494,11.0,3944158,2950,4049.0,3615520567.0,434912,26.0,65.0,48.0,2950,69,620746,1653,18.0,15101,0.8359563,0.16404372,0
2025-07-30T17:44:30.776000,17780,83360,8.0,3832040,3218,4766.0,3882023692.0,428500,25.0,54.0,46.0,3218,83,625899,1478,104.0,17218,0.38030934,0.61969066,1
2025-07-30T17:44:35.891538,18259,80676,10.0,3977996,3391,4764.0,3685525627.0,430560,26.0,68.0,49.0,3391,64,633676,1526,32.0,15282,0.29022956,0.70977044,1
2025-07-30T17:44:41.034031,18441,84422,10.0,3771525,3148,4766.0,3841229274.0,436220,26.0,62.0,47.0,3148,64,641355,1577,17.0,16713,0.68620133,0.31379864,0
2025-07-30T17:44:46.188547,17531,107412,8.0,3748124,3119,4772.0,3811517993.0,430482,26.0,84.0,48.0,3119,67,627955,1449,18.0,15242,0.57208425,0.42791575,0
2025-07-30T17:44:51.336183,16693,84464,13.0,4221996,3126,4902.0,3820254950.0,436244,26.0,113.0,50.0,3126,70,635332,1571,42.0,15992,0.38728738,0.6127126,1
2025-07-30T17:44:56.448507,18175,81238,8.0,3882293,3224,4762.0,3764947912.0,430902,25.0,55.0,47.0,3224,69,634765,1609,20.0,15803,0.49329674,0.50670326,1
2025-07-30T17:45:01.573337,25346,81813,10.0,4070698,3659,4781.0,3820998870.0,431261,26.0,69.0,49.0,3659,71,633697,1664,23.0,15234,0.89023733,0.10976265,0
2025-07-30T17:45:06.707236,17087,78078,9.0,3871264,3104,4756.0,3811043020.0,432156,26.0,63.0,47.0,3104,63,619609,1565,114.0,15668,0.9400003,0.059999734,0
2025-07-30T17:45:11.855814,18033,83566,9.0,3964158,3292,4752.0,3724460094.0,434717,25.0,57.0,47.0,3292,69,642336,1537,57.0,16193,0.609134,0.39086598,0
2025-07-30T17:45:16.968534,18119,79075,10.0,3871026,3586,4846.0,3804580326.0,434209,26.0,74.0,48.0,3586,69,631006,1525,18.0,15756,0.5531054,0.4468946,0
2025-07-30T17:45:22.116571,18172,81891,12.0,3895076,2981,4762.0,3841261843.0,430014,26.0,69.0,48.0,2981,66,651867,1609,105.0,16084,0.6373447,0.36265525,0
2025-07-30T17:45:27.264592,20491,84350,8.0,3829453,3303,4532.0,3691510105.0,425658,26.0,52.0,47.0,3303,63,657626,1766,20.0,15514,0.8551079,0.14489208,0
2025-07-30T17:45:32.389794,17435,80302,10.0,3956154,3769,4159.0,3742155759.0,431761,26.0,72.0,49.0,3769,68,629772,1649,116.0,15444,0.9165701,0.083429895,0
2025-07-30T17:45:37.530668,17912,77523,9.0,3832772,3072,4462.0,3891738230.0,431739,25.0,56.0,46.0,3072,66,628302,1636,18.0,15998,0.7207205,0.2792795,0
2025-07-30T17:45:42.684529,17866,82649,10.0,3885321,3055,4748.0,3682792891.0,461820,25.0,67.0,48.0,3055,66,633123,1576,20.0,16714,0.66887105,0.33112898,0
2025-07-30T17:45:47.822224,18555,83885,11.0,3691306,3156,4755.0,3795304961.0,435301,26.0,86.0,48.0,3156,63,637978,1537,21.0,15772,0.6676736,0.33232638,0
2025-07-30T17:45:52.977661,17892,84456,8.0,3717901,3345,4784.0,3799796972.0,438448,26.0,62.0,47.0,3345,70,625961,1818,22.0,15397,0.8020745,0.19792551,0
2025-07-30T17:45:58.092954,18250,83460,10.0,3818811,2892,4764.0,3691712140.0,445550,25.0,74.0,49.0,2892,67,633377,1628,22.0,16093,0.78508663,0.21491335,0
2025-07-30T17:46:03.249746,17127,80063,9.0,4390873,3814,4758.0,3827652157.0,428260,26.0,57.0,47.0,3814,58,625748,1559,104.0,15662,0.780463,0.21953699,0
2025-07-30T17:46:08.384140,17730,73609,8.0,3867159,3133,4755.0,3653098955.0,429845,26.0,62.0,48.0,3133,63,627185,1495,114.0,16306,0.78366333,0.21633665,0
2025-07-30T17:46:13.508534,19110,119315,12.0,3785588,3593,4763.0,3941524153.0,429330,26.0,72.0,48.0,3593,65,628939,1701,99.0,15446,0.74694335,0.25305662,0
2025-07-30T17:46:18.677963,17715,85599,9.0,3794598,3340,4850.0,3862666038.0,435407,26.0,57.0,47.0,3340,62,628695,1516,90.0,15217,0.8786838,0.121316224,0
2025-07-30T17:46:23.828218,16826,86103,9.0,3757915,3163,4757.0,3690523327.0,441237,25.0,61.0,51.0,3163,67,628845,1597,22.0,15728,0.7150992,0.28490078,0
2025-07-30T17:46:28.955907,21007,79648,13.0,3995296,3206,4761.0,3884228149.0,435557,26.0,82.0,51.0,3206,68,641128,1715,177.0,15311,0.80179614,0.19820386,0
2025-07-30T17:46:34.079901,19524,82007,9.0,3820413,3738,4765.0,3815329364.0,435682,26.0,58.0,46.0,3738,70,639735,1751,20.0,16742,0.9010478,0.09895219,0
2025-07-30T17:46:39.219111,18544,83946,8.0,3827064,3224,4108.0,3514661830.0,444824,26.0,63.0,48.0,3224,62,642489,1619,94.0,15972,0.8369987,0.16300131,0
2025-07-30T17:46:44.383416,17135,78700,11.0,3790186,3474,4277.0,3805851535.0,431581,25.0,68.0,48.0,3474,68,621353,1630,20.0,15522,0.8133324,0.18666762,0
2025-07-30T17:46:49.519617,17725,79524,9.0,4019522,3120,4765.0,3774397091.0,436328,26.0,57.0,47.0,3120,69,625646,1477,18.0,16079,0.57551944,0.42448053,0
2025-07-30T17:46:54.698111,17639,82528,8.0,3903849,3228,4787.0,3873041347.0,428136,26.0,82.0,48.0,3228,66,627013,1575,23.0,15931,0.5415902,0.4584098,0
2025-07-30T17:46:59.824087,19574,78169,11.0,3825246,3538,4761.0,3932672250.0,427746,25.0,74.0,48.0,3538,64,636701,1632,22.0,15916,0.72338736,0.27661267,0
2025-07-30T17:47:05.310157,17214,77637,9.0,3781513,3029,4762.0,3924368989.0,438356,26.0,59.0,47.0,3029,62,642681,1658,20.0,15938,0.79801637,0.20198362,0
2025-07-30T17:47:10.460052,17691,82212,20.0,3772865,3208,9509.0,7780336119.0,434102,52.0,134.0,94.0,3208,63,639322,1543,174.0,15659,0.75907886,0.24092117,0
2025-07-30T17:47:15.573844,17903,80509,8.0,3955241,5556,4838.0,4091408890.0,432850,25.0,81.0,48.0,5556,71,632581,1596,20.0,15946,0.77757704,0.22242293,0
2025-07-30T17:47:20.705732,17142,79493,11.0,3834944,3443,4752.0,3928513897.0,431679,26.0,88.0,48.0,3443,65,629988,1710,22.0,16282,0.72431856,0.27568144,0
2025-07-30T17:47:25.850252,17630,87818,8.0,4047630,3067,4794.0,3778604027.0,442916,26.0,67.0,47.0,3067,65,660127,1544,20.0,16371,0.6732038,0.32679617,0
2025-07-30T17:47:30.986864,17009,78333,10.0,3768716,2832,4751.0,3757384899.0,431518,25.0,72.0,50.0,2832,63,624593,1664,19.0,15446,0.67095107,0.32904893,0
2025-07-30T17:47:36.121837,18531,77353,11.0,3892861,3164,4767.0,3818094506.0,429514,26.0,70.0,48.0,3164,69,649384,1579,108.0,15672,0.71667516,0.28332487,0
2025-07-30T17:47:41.244506,20863,75974,10.0,3739337,3619,4400.0,3692504974.0,430068,27.0,60.0,47.0,3619,65,671633,1608,18.0,15252,0.7877361,0.21226388,0
2025-07-30T17:47:46.373832,18323,85969,10.0,3795582,3200,3999.0,3761434255.0,436816,25.0,75.0,48.0,3200,64,651329,1509,36.0,16238,0.84342766,0.15657231,0
2025-07-30T17:47:51.544472,18867,81229,11.0,3886110,2970,4784.0,3813042571.0,442770,26.0,76.0,48.0,2970,66,662294,1606,20.0,15404,0.8045374,0.19546258,0
2025-07-30T17:47:56.703231,17925,78188,8.0,3942442,3494,4762.0,3704248403.0,448265,25.0,58.0,47.0,3494,63,629155,1789,18.0,15610,0.85675776,0.14324227,0
2025-07-30T17:48:01.858337,17423,78767,10.0,3868741,3212,4762.0,3786438151.0,427576,26.0,71.0,49.0,3212,69,632580,1626,24.0,16162,0.79598624,0.20401378,0
2025-07-30T17:48:06.987843,19910,79481,9.0,3783192,3830,4756.0,3836309074.0,430866,26.0,59.0,47.0,3830,65,642171,1805,29.0,15592,0.74016315,0.25983685,0
2025-07-30T17:48:12.128948,16919,80366,10.0,3831578,3246,4767.0,3810525700.0,446047,26.0,72.0,48.0,3246,67,637534,1587,111.0,15407,0.88674015,0.11325987,0
2025-07-30T17:48:17.259274,17976,82638,11.0,3779317,3197,4824.0,3760350209.0,433521,25.0,68.0,47.0,3197,68,639965,1511,57.0,15471,0.61634344,0.38365656,0
2025-07-30T17:48:22.387146,18536,81277,8.0,4110353,5138,4762.0,3904189515.0,431664,26.0,52.0,47.0,5138,65,634642,1741,104.0,15562,0.78396094,0.21603906,0
2025-07-30T17:48:27.527182,18579,82134,11.0,3780650,3205,4754.0,3700428437.0,439839,26.0,74.0,49.0,3205,67,636893,1549,20.0,15765,0.8582996,0.14170042,0
2025-07-30T17:48:32.674635,19030,95988,9.0,3938336,3575,4746.0,3778246135.0,436703,26.0,61.0,47.0,3575,68,632829,1749,84.0,16101,0.7681875,0.23181248,0
2025-07-30T17:48:37.848363,18396,83961,8.0,4204137,3200,4765.0,3842072554.0,437917,26.0,52.0,48.0,3200,63,646537,1643,92.0,15920,0.8787212,0.121278815,0
2025-07-30T17:48:42.994810,17211,81356,11.0,4007301,3238,4740.0,3679112717.0,429182,25.0,78.0,49.0,3238,64,632597,1582,87.0,16883,0.76246977,0.23753026,0
2025-07-30T17:48:48.116593,18318,82834,14.0,4021898,3088,4753.0,4327368678.0,429877,26.0,71.0,48.0,3088,67,634673,1650,18.0,15372,0.6495159,0.35048407,0
2025-07-30T17:48:53.248853,17614,82361,8.0,3839027,3003,4261.0,3756105102.0,434591,26.0,67.0,47.0,3003,69,640256,1523,39.0,15443,0.7721758,0.2278242,0
2025-07-30T17:48:58.464871,17614,89024,10.0,3838655,3105,4167.0,3608755389.0,440524,25.0,84.0,49.0,3105,66,633745,1502,17.0,15545,0.6261678,0.37383223,0
2025-07-30T17:49:03.591845,18374,76050,10.0,3779352,3181,4758.0,3818290602.0,438244,26.0,76.0,52.0,3181,63,643582,1422,20.0,16639,0.601547,0.39845303,0
2025-07-30T17:49:08.881106,17332,81358,8.0,3914668,3148,4786.0,3912639397.0,427214,26.0,64.0,48.0,3148,64,627805,1652,28.0,15360,0.6808171,0.31918284,0
2025-07-30T17:49:14.309261,18795,81182,12.0,3814795,3127,4748.0,3796144656.0,440045,26.0,75.0,48.0,3127,64,639918,1562,107.0,15972,0.7846649,0.21533507,0
2025-07-30T17:49:19.741221,20954,98211,7.0,3831469,4321,4821.0,7031388919.0,426366,25.0,337051.0,40.0,4321,66,628325,1837,60.0,15707,0.6997366,0.30026338,0
2025-07-30T17:49:24.980773,23772,91012,11.0,8379990,4384,4718.0,9059494259.0,429544,24.0,514684.0,48.0,4384,65,1632387,1622,85.0,24407,0.010073245,0.98992676,1
2025-07-30T17:49:30.490632,23163,98062,18.0,3959911,4127,9341.0,18056779146.0,438319,47.0,1038387.0,86.0,4127,68,1619812,1702,104.0,15919,0.0043411255,0.9956589,1
2025-07-30T17:49:35.862941,21754,102107,8.0,3997256,4073,3677.0,8790168959.0,1134482,23.0,535227.0,38.0,4073,66,793006,1706,100.0,15423,0.07670742,0.9232926,1
2025-07-30T17:49:41.325338,23184,100319,8.0,8737834,3670,4749.0,9389835077.0,427557,24.0,530949.0,38.0,3670,68,1643065,1655,17.0,25399,0.007000327,0.9929997,1
2025-07-30T17:49:46.674884,21236,92446,10.0,8741638,4105,4733.0,8982634287.0,432376,24.0,531436.0,47.0,4105,69,623409,1631,26.0,15545,0.001698494,0.9983015,1
2025-07-30T17:49:52.063735,21520,110919,13.0,8734217,3447,4772.0,9088081941.0,434765,24.0,524371.0,61.0,3447,62,646807,1822,102.0,26464,0.002169609,0.9978304,1
2025-07-30T17:49:58.382768,25124,89934,11.0,4722373,4186,4738.0,9198200614.0,438155,22.0,527859.0,47.0,4186,65,638777,1667,26.0,15730,0.0032920241,0.996708,1
2025-07-30T17:50:03.534765,26113,92348,10.0,9821872,4465,4279.0,8974538577.0,435742,24.0,525698.0,46.0,4465,67,1656340,1703,24.0,16400,0.0076462626,0.99235374,1
2025-07-30T17:50:08.791852,20904,89086,11.0,4030629,4234,4060.0,8992697413.0,436034,22.0,521682.0,43.0,4234,66,641925,1692,20.0,25394,0.0034806132,0.9965194,1
2025-07-30T17:50:15.139155,20621,100321,10.0,4006613,3557,4741.0,8252052629.0,998434,24.0,455052.0,48.0,3557,76,642098,1632,23.0,15810,0.006451547,0.99354845,1
2025-07-30T17:50:20.725003,24372,88768,22.0,8544265,3832,9552.0,17989300174.0,1161841,47.0,1040237.0,97.0,3832,68,1644035,1538,128.0,15313,0.14298594,0.85701406,1
2025-07-30T17:50:26.480969,20890,106824,7.0,4004192,3708,4752.0,8995935654.0,1193767,24.0,532482.0,34.0,3708,71,630317,1703,106.0,15410,0.0546754,0.9453246,1
2025-07-30T17:50:32.422839,20996,99691,9.0,4043677,3804,4479.0,8955052976.0,1125951,23.0,531296.0,40.0,3804,72,639766,1692,24.0,16270,0.115574,0.884426,1
2025-07-30T17:50:37.850856,20878,89684,10.0,8920649,4169,4113.0,8854094311.0,1204187,24.0,514887.0,51.0,4169,65,638327,1642,96.0,29516,0.004276097,0.9957239,1
2025-07-30T17:50:43.555186,24482,88740,8.0,4010747,4015,4503.0,9150062772.0,430226,24.0,530519.0,37.0,4015,140,1590323,1687,86.0,25061,0.007955551,0.99204445,1
2025-07-30T17:50:48.927630,20273,100227,14.0,8462304,4372,4718.0,9121328425.0,428313,22.0,538255.0,48.0,4372,65,632526,1585,102.0,15740,0.003076017,0.996924,1
2025-07-30T17:50:54.360149,23377,100593,10.0,4087351,4248,4747.0,8845009157.0,431054,24.0,535949.0,40.0,4248,67,1585893,1697,22.0,25211,0.003279388,0.9967206,1
2025-07-30T17:50:59.804106,21157,88841,12.0,4116615,4223,4725.0,9260643952.0,1157280,21.0,533934.0,54.0,4223,65,637372,1718,90.0,16481,0.005025029,0.994975,1
2025-07-30T17:51:04.931090,20582,91548,11.0,4067632,3980,4732.0,9186746810.0,435505,23.0,534636.0,47.0,3980,72,628421,1618,78.0,15810,0.31503248,0.6849675,1
2025-07-30T17:51:11.078301,20803,92263,9.0,4080685,3728,4720.0,9113301883.0,455450,23.0,526249.0,40.0,3728,67,633948,1645,87.0,23996,0.027898014,0.972102,1
2025-07-30T17:51:16.748472,23271,105268,19.0,4942511,3799,9519.0,17425376292.0,448390,46.0,989687.0,92.0,3799,64,1565926,1620,101.0,15986,0.015722632,0.98427737,1
2025-07-30T17:51:22.460455,21120,90220,8.0,4061835,4517,4061.0,9049517905.0,1177596,23.0,533108.0,33.0,4517,67,632847,1792,86.0,16560,0.08609474,0.91390526,1
2025-07-30T17:51:27.888861,20803,97159,10.0,4269741,3922,4242.0,8996162874.0,524347,23.0,529271.0,53.0,3922,64,634752,1681,140.0,15402,0.16690081,0.8330992,1
2025-07-30T17:51:33.512583,22886,98486,11.0,6699015,4392,4717.0,9319331334.0,437303,24.0,540936.0,50.0,4392,69,1639157,1629,80.0,16505,0.019721866,0.98027813,1
2025-07-30T17:51:38.798416,20216,90707,9.0,4382200,3935,4698.0,8989871172.0,1150241,23.0,527007.0,50.0,3935,68,630322,1673,18.0,16355,0.0030966997,0.9969033,1
2025-07-30T17:51:44.458746,24451,100042,13.0,4133326,3900,4682.0,9139503855.0,427541,22.0,527569.0,44.0,3900,63,1620720,1727,86.0,24570,0.01440084,0.98559916,1
2025-07-30T17:51:50.159537,20122,99908,7.0,4012555,3762,4716.0,9664351753.0,1165846,24.0,538401.0,44.0,3762,67,629536,1694,80.0,20906,0.002699852,0.99730015,1
2025-07-30T17:51:56.104572,21378,89688,23.0,8451789,7576,9427.0,18284295680.0,1146721,45.0,1057725.0,96.0,7576,77,641112,1850,143.0,24563,0.007730007,0.99227,1
2025-07-30T17:52:01.579590,24840,88275,8.0,8992259,4259,4702.0,8850155008.0,432876,23.0,536716.0,37.0,4259,64,1542109,1679,80.0,15130,0.0025449395,0.99745506,1
2025-07-30T17:52:06.727516,23357,99910,9.0,4102718,4003,4359.0,8958851752.0,432019,23.0,522295.0,41.0,4003,61,1563026,1706,78.0,15914,0.0020240545,0.99797595,1
2025-07-30T17:52:12.432621,23546,96973,13.0,4064426,4009,4147.0,8866462239.0,1011311,23.0,492068.0,48.0,4009,60,1692882,1572,27.0,16725,0.02100265,0.97899735,1
2025-07-30T17:52:17.925590,21151,102242,10.0,4045174,4640,4616.0,8847217163.0,437819,24.0,506303.0,48.0,4640,65,632628,1864,118.0,17100,0.037623167,0.96237683,1
2025-07-30T17:52:24.336658,23823,98228,10.0,8443264,3650,4746.0,9033503437.0,1178370,25.0,534090.0,38.0,3650,63,1654772,1614,104.0,25572,0.0036283731,0.9963716,1
2025-07-30T17:52:30.290684,24659,88665,9.0,4161309,3685,4729.0,9180713769.0,453618,23.0,536442.0,51.0,3685,70,1678292,1556,22.0,15908,0.0027844906,0.9972155,1
2025-07-30T17:52:35.950979,23219,88765,19.0,4059390,3941,9409.0,18296719155.0,425515,45.0,1062367.0,86.0,3941,68,1619172,1633,168.0,15508,0.09511095,0.90488905,1
2025-07-30T17:52:42.162431,20870,87356,9.0,4198489,3916,4701.0,9009499466.0,432555,22.0,517732.0,44.0,3916,67,628180,1766,76.0,24856,0.026399791,0.9736002,1
2025-07-30T17:52:48.054652,20576,89807,10.0,4150838,3995,4498.0,9158351396.0,443723,23.0,541955.0,50.0,3995,66,624621,1686,82.0,23643,0.0068222284,0.9931778,1
2025-07-30T17:52:53.509079,21130,87715,13.0,4136319,2944,4234.0,9158713914.0,436996,23.0,529138.0,49.0,2944,67,692036,1809,18.0,16371,0.015966773,0.9840332,1
2025-07-30T17:52:59.176330,21135,95948,9.0,4530348,4304,4364.0,9160818230.0,1151165,23.0,531590.0,50.0,4304,63,636137,1797,82.0,16166,0.14124453,0.85875547,1
2025-07-30T17:53:04.287757,21704,100059,12.0,4003501,3722,4739.0,9427805727.0,431603,24.0,537901.0,40.0,3722,66,639815,1700,116.0,15586,0.19381094,0.80618906,1
2025-07-30T17:53:09.783740,23846,100505,10.0,4268784,3861,4731.0,8788094958.0,1091958,25.0,519959.0,50.0,3861,68,1611156,1698,91.0,16253,0.05364275,0.94635725,1
2025-07-30T17:53:15.718617,21039,100165,12.0,4063817,4200,4719.0,8628148789.0,438020,23.0,479020.0,43.0,4200,63,640697,1653,73.0,24596,0.0068514943,0.9931485,1
2025-07-30T17:53:21.642111,20309,98647,27.0,8880318,3742,9061.0,18292357466.0,1083868,46.0,1031033.0,83.0,3742,68,627303,1680,100.0,24915,0.0029940605,0.99700594,1
2025-07-30T17:53:27.050715,23172,90644,12.0,4165490,4054,4054.0,8833488621.0,439260,22.0,530441.0,52.0,4054,68,1659659,1667,69.0,16116,0.004568875,0.9954311,1
2025-07-30T17:53:32.881526,22121,98687,10.0,8539561,3979,4738.0,9565584695.0,1153240,24.0,540655.0,45.0,3979,69,1482219,1796,22.0,37703,0.0051163435,0.99488366,1
2025-07-30T17:53:38.549018,24509,97858,8.0,8638167,3981,4725.0,8808797432.0,425907,23.0,522295.0,36.0,3981,66,1611530,1597,125.0,24232,0.0017932057,0.9982068,1
2025-07-30T17:53:44.334352,24422,92905,7.0,8740114,4270,4742.0,9141856345.0,443190,24.0,535341.0,46.0,4270,57,1643417,1645,96.0,15723,0.0015858412,0.99841416,1
2025-07-30T17:53:50.040355,23858,88409,12.0,4262273,4731,4734.0,9124119675.0,442880,23.0,531256.0,41.0,4731,69,1635346,1744,30.0,25582,0.0032176375,0.99678236,1
2025-07-30T17:53:55.941999,24067,94748,21.0,4001899,4320,9502.0,18380095549.0,1119795,46.0,1058223.0,102.0,4320,65,1631272,1807,218.0,15922,0.007056117,0.9929439,1
2025-07-30T17:54:01.629051,20530,100567,9.0,8477083,3789,4693.0,8953216388.0,437608,24.0,539631.0,54.0,3789,66,630784,1712,20.0,16147,0.051330447,0.94866955,1
2025-07-30T17:54:06.867233,26760,96598,7.0,4003967,3777,3723.0,8864120497.0,1156312,23.0,524823.0,43.0,3777,67,1628493,1654,100.0,15104,0.003521502,0.9964785,1
2025-07-30T17:54:12.225813,21423,88968,13.0,4283080,3870,4746.0,8425649868.0,606605,24.0,459049.0,47.0,3870,137,637893,1758,21.0,15769,0.09731519,0.9026848,1
2025-07-30T17:54:18.550280,23344,98126,12.0,4079626,3961,4794.0,9061739321.0,434541,23.0,528875.0,34.0,3961,68,1590354,1698,38.0,15717,0.012499213,0.9875008,1
2025-07-30T17:54:23.989310,20835,86885,11.0,4028241,3842,4790.0,9574992815.0,1167456,24.0,539615.0,47.0,3842,67,634873,1770,31.0,23782,0.012375534,0.98762447,1
2025-07-30T17:54:29.182062,23533,94496,13.0,4062621,3416,4264.0,9319271055.0,436476,23.0,536201.0,56.0,3416,62,1597536,1985,18.0,16158,0.03506577,0.96493423,1
2025-07-30T17:54:35.067117,20577,91088,14.0,4325075,3961,4131.0,9033115379.0,425665,24.0,520805.0,49.0,3961,69,626477,1824,23.0,16163,0.23013437,0.76986563,1
2025-07-30T17:54:40.795136,24180,89257,19.0,4063081,3781,9489.0,18143956566.0,438181,47.0,1061867.0,90.0,3781,65,1605304,1690,206.0,25461,0.041307926,0.9586921,1
2025-07-30T17:54:46.279322,21047,99698,11.0,8725165,4853,4720.0,9357473613.0,1156689,23.0,534732.0,39.0,4853,67,641203,1722,88.0,15698,0.0042929053,0.9957071,1
2025-07-30T17:54:51.952662,23243,99554,12.0,4917116,4450,4870.0,9396032993.0,429164,23.0,533515.0,54.0,4450,66,1627955,1647,91.0,16112,0.001809299,0.9981907,1
2025-07-30T17:54:57.327208,21964,91271,10.0,4021882,3819,4746.0,9072751925.0,1182957,23.0,534437.0,46.0,3819,68,1384110,1635,18.0,15932,0.006516695,0.9934833,1
2025-07-30T17:55:02.561942,23562,94669,6.0,8427830,3934,4740.0,9355441752.0,436821,24.0,537247.0,38.0,3934,65,1662567,1798,114.0,26065,0.0050503016,0.9949497,1
2025-07-30T17:55:08.254531,20806,90804,11.0,4245652,3542,4710.0,9278464353.0,1093284,21.0,511231.0,49.0,3542,74,637653,1669,20.0,16123,0.0019149184,0.9980851,1
2025-07-30T17:55:13.850422,20792,95912,12.0,4138004,4263,4521.0,8597783036.0,439415,23.0,473117.0,51.0,4263,63,631456,1658,85.0,15096,0.20162892,0.7983711,1
2025-07-30T17:55:19.843759,19472,91438,11.0,8800623,3950,3901.0,9049912282.0,432084,23.0,527271.0,49.0,3950,64,624521,1746,78.0,15972,0.037412584,0.9625874,1
2025-07-30T17:55:25.259265,23045,93148,10.0,8887269,3944,4743.0,9655762721.0,1171580,24.0,534151.0,42.0,3944,67,1606778,1688,81.0,16115,0.0021687746,0.9978312,1
2025-07-30T17:55:30.942377,24588,89933,24.0,9107938,4061,9463.0,18783995958.0,562782,47.0,1066768.0,101.0,4061,60,1612140,1704,170.0,15574,0.0033473969,0.9966526,1
2025-07-30T17:55:36.353372,23623,85719,13.0,8941306,4088,4744.0,8783440920.0,1172178,24.0,528503.0,43.0,4088,74,1647233,1703,50.0,25866,0.006084144,0.99391586,1
2025-07-30T17:55:42.555439,20040,89016,7.0,5568299,4257,4714.0,9222177206.0,440837,22.0,529477.0,46.0,4257,68,635601,1775,87.0,25165,0.0026777983,0.9973222,1
2025-07-30T17:55:48.256914,19591,96191,12.0,7806182,4123,4721.0,8894067958.0,1154553,23.0,528067.0,53.0,4123,67,625929,1723,86.0,25189,0.0018393397,0.99816066,1
2025-07-30T17:55:53.915917,21670,91190,12.0,4040410,3987,4744.0,9164971150.0,1164528,23.0,536644.0,44.0,3987,66,652852,1740,76.0,15995,0.0022319555,0.99776804,1
2025-07-30T17:55:59.815595,21830,115225,10.0,8967388,4057,4212.0,8859336062.0,1176152,24.0,534226.0,40.0,4057,65,731447,1681,18.0,16040,0.0095406175,0.9904594,1
2025-07-30T17:56:04.949494,19095,88910,12.0,4101516,4278,4150.0,9010214627.0,1143465,24.0,541834.0,48.0,4278,66,641434,1618,89.0,25590,0.0014093518,0.99859065,1
2025-07-30T17:56:10.852173,23426,102510,9.0,8415773,4244,4737.0,9247462345.0,441654,23.0,515524.0,41.0,4244,63,1594108,1673,84.0,25348,0.001709342,0.99829066,1
2025-07-30T17:56:16.756064,20700,92845,18.0,4061274,4012,9521.0,17463837578.0,439622,45.0,990553.0,92.0,4012,61,627960,1630,129.0,15961,0.0054596066,0.9945404,1
2025-07-30T17:56:22.882769,21851,94887,10.0,8423884,3563,4709.0,9027631587.0,1186905,22.0,530140.0,48.0,3563,67,735098,1642,84.0,25097,0.0069722533,0.99302775,1
2025-07-30T17:56:28.534050,20891,91068,9.0,4557688,4262,4722.0,9217132690.0,442697,23.0,536988.0,41.0,4262,67,622466,1701,28.0,15655,0.0030857325,0.99691427,1
2025-07-30T17:56:34.084088,23128,98239,8.0,9004594,4194,4702.0,9186963657.0,431717,22.0,536439.0,45.0,4194,69,1582794,1587,109.0,15923,0.008317113,0.9916829,1
2025-07-30T17:56:39.403889,20880,98601,10.0,4023745,4212,4747.0,9241053790.0,438848,24.0,526834.0,47.0,4212,65,638922,1721,108.0,15509,0.0035148263,0.9964852,1
2025-07-30T17:56:44.816601,22124,100591,13.0,9089938,4048,4196.0,9307875340.0,431530,23.0,528885.0,44.0,4048,67,629610,1665,43.0,17007,0.008586824,0.9914132,1
2025-07-30T17:56:50.275520,25158,88317,12.0,4166303,4093,4133.0,8859258119.0,431839,23.0,517251.0,47.0,4093,63,1654217,1585,81.0,15740,0.0026547909,0.9973452,1
2025-07-30T17:56:56.608580,20644,95922,21.0,4560242,3868,9489.0,18148579169.0,1155909,46.0,1058817.0,88.0,3868,69,629563,1703,38.0,26342,0.042170405,0.9578296,1
2025-07-30T17:57:01.785473,23320,89214,9.0,4149515,4040,4713.0,9043519253.0,430087,23.0,533397.0,39.0,4040,65,1537101,1825,18.0,16604,0.017986774,0.9820132,1
2025-07-30T17:57:06.978699,23505,97901,7.0,3976229,4097,4724.0,8936750583.0,430194,23.0,535729.0,48.0,4097,67,1577212,1594,20.0,15346,0.035179377,0.9648206,1
2025-07-30T17:57:12.991604,22336,89781,11.0,8965097,6046,4735.0,8418282907.0,440305,24.0,458561.0,44.0,6046,69,1478845,1989,25.0,15552,0.004517019,0.995483,1
2025-07-30T17:57:18.673797,24679,89092,7.0,4665783,4045,4823.0,9278186852.0,1182403,24.0,532887.0,39.0,4045,64,1457357,1569,130.0,15747,0.0021982193,0.9978018,1
2025-07-30T17:57:25.060572,23871,97704,9.0,9055519,4319,4717.0,9330845883.0,431262,22.0,531596.0,49.0,4319,82,1590719,1646,34.0,15889,0.0051097274,0.9948903,1
2025-07-30T17:57:30.529457,20039,90196,16.0,4041751,4751,8399.0,18016286530.0,439468,48.0,1074267.0,92.0,4751,66,641130,1818,183.0,24416,0.005276978,0.994723,1
2025-07-30T17:57:36.696916,21012,88261,13.0,8722436,4151,4740.0,9018466627.0,1197334,24.0,535435.0,51.0,4151,69,632448,1649,18.0,15732,0.0039556623,0.99604434,1
2025-07-30T17:57:42.649210,20989,90585,7.0,4071429,4388,4721.0,9054722248.0,1124862,22.0,521090.0,36.0,4388,73,644319,1724,80.0,20846,0.0030001998,0.9969998,1
2025-07-30T17:57:48.226319,23451,90209,12.0,4633694,3892,4718.0,9007938902.0,436294,22.0,534887.0,55.0,3892,66,1624900,1513,87.0,23191,0.00701499,0.992985,1
2025-07-30T17:57:54.197774,20530,99467,10.0,7581380,4020,4764.0,8963218810.0,431883,23.0,532410.0,35.0,4020,67,632696,1567,18.0,15361,0.0022851825,0.9977148,1
2025-07-30T17:58:00.582317,24924,86016,11.0,8120250,4792,4769.0,9223010438.0,1206606,24.0,545696.0,55.0,4792,69,1642831,1755,82.0,15159,0.0022644997,0.9977355,1
2025-07-30T17:58:05.729101,20052,99074,28.0,8922151,4314,8463.0,18170088799.0,436524,46.0,1062895.0,96.0,4314,64,633469,1724,109.0,24463,0.0030911565,0.99690884,1
2025-07-30T17:58:11.028038,20625,102448,6.0,4097799,3952,4646.0,8563155156.0,438887,25.0,469552.0,42.0,3952,61,630718,1645,32.0,16043,0.01006335,0.98993665,1
2025-07-30T17:58:16.702406,21906,102592,11.0,4140661,4225,4844.0,9303574739.0,436956,25.0,535906.0,53.0,4225,66,637724,1587,20.0,25094,0.014165521,0.9858345,1
2025-07-30T17:58:22.855619,25242,96652,10.0,4050710,3740,4764.0,9229479119.0,1104825,25.0,533926.0,43.0,3740,64,1638837,1698,20.0,15871,0.0038967133,0.9961033,1
2025-07-30T17:58:28.579443,20354,97663,10.0,4272820,4238,4724.0,8724735016.0,425531,23.0,529872.0,50.0,4238,69,630545,1677,18.0,26203,0.01350069,0.9864993,1
2025-07-30T17:58:33.802279,20790,101066,11.0,4133749,4117,4361.0,9099776955.0,426722,23.0,538094.0,37.0,4117,63,629621,1690,20.0,15418,0.008511066,0.99148893,1
2025-07-30T17:58:39.114983,19841,93221,11.0,4035171,4437,4010.0,9312462907.0,1161779,25.0,533035.0,52.0,4437,72,630669,1816,102.0,25685,0.01484555,0.98515445,1
2025-07-30T17:58:44.809504,20115,91600,12.0,8942266,3873,4724.0,9089798532.0,434327,23.0,527956.0,51.0,3873,67,638722,1773,82.0,15410,0.0032675266,0.9967325,1
2025-07-30T17:58:51.030304,22834,95028,14.0,8730593,3894,4735.0,9014462845.0,431538,24.0,538780.0,36.0,3894,66,1641610,1717,48.0,15860,0.0028701425,0.99712986,1
2025-07-30T17:58:56.957229,23547,91525,19.0,4281939,4191,9498.0,18316570011.0,1190867,47.0,1064299.0,101.0,4191,70,1597686,1716,119.0,15624,0.0047364235,0.9952636,1
2025-07-30T17:59:02.065869,21406,105100,14.0,8859310,4189,4721.0,9208876618.0,1194823,23.0,531309.0,52.0,4189,66,644825,1748,84.0,15637,0.020598173,0.9794018,1
2025-07-30T17:59:07.165886,20959,93429,6.0,8533869,4296,4754.0,9159408659.0,436449,22.0,542767.0,35.0,4296,65,629700,1596,22.0,25958,0.0013286471,0.99867135,1
2025-07-30T17:59:12.322632,21650,93881,13.0,3913268,4086,4097.0,8160951996.0,428836,23.0,445769.0,48.0,4086,69,634883,1724,83.0,16385,0.0037974715,0.9962025,1
2025-07-30T17:59:17.469976,17558,89004,11.0,9128181,3994,4348.0,5510635042.0,441951,25.0,187960.0,50.0,3994,68,650660,1665,46.0,18108,0.008939445,0.99106055,1
2025-07-30T17:59:22.609921,17427,79090,11.0,4003303,3092,4783.0,3997823998.0,441396,27.0,68.0,52.0,3092,62,632520,1735,88.0,15265,0.013266206,0.9867338,1
2025-07-30T17:59:27.735174,17327,84722,13.0,3746918,2820,4752.0,3745189833.0,439869,25.0,85.0,55.0,2820,66,636043,1562,52.0,16012,0.81968516,0.18031484,0
2025-07-30T17:59:32.864737,18164,82804,9.0,3851845,3791,4754.0,3773649822.0,430093,26.0,67.0,47.0,3791,71,621435,1538,96.0,15586,0.6056646,0.3943354,0
2025-07-30T17:59:38.119022,18274,78142,11.0,3719537,3282,4760.0,3751172498.0,435734,26.0,78.0,49.0,3282,67,628965,1627,35.0,16029,0.6051678,0.3948322,0
2025-07-30T17:59:43.273325,17952,81912,9.0,3801386,3162,4763.0,3917835077.0,435737,26.0,58.0,47.0,3162,70,642159,1546,32.0,15614,0.645131,0.354869,0
2025-07-30T17:59:48.572768,18508,79911,11.0,3710027,6478,4763.0,3992667670.0,430467,26.0,68.0,47.0,6478,64,648272,1871,28.0,15928,0.8901047,0.10989529,0
2025-07-30T17:59:53.750603,17718,79687,11.0,4068684,3300,4781.0,3766726489.0,436577,26.0,82.0,49.0,3300,66,628706,1720,30.0,14944,0.9590139,0.040986132,0
2025-07-30T17:59:58.914078,19886,83738,9.0,3797931,3885,4752.0,4157438771.0,432551,25.0,58.0,46.0,3885,66,631310,1796,35.0,15338,0.90831167,0.09168836,0
2025-07-30T18:00:04.060235,17448,84791,8.0,3926779,3373,4767.0,3832269592.0,428223,26.0,60.0,48.0,3373,73,631937,1664,112.0,16549,0.89965975,0.10034027,0
2025-07-30T18:00:09.188137,20656,82330,13.0,3687639,3151,4750.0,3897311213.0,439655,26.0,84.0,54.0,3151,69,640403,1574,36.0,16781,0.53055966,0.4694403,0
2025-07-30T18:00:14.306639,23823,76333,9.0,3893823,3124,4741.0,3906974754.0,427771,26.0,55.0,46.0,3124,67,641816,1623,113.0,15718,0.9024984,0.09750157,0
2025-07-30T18:00:19.436114,18126,78569,9.0,3785408,3649,4141.0,3620483708.0,435513,26.0,63.0,47.0,3649,59,631870,1572,33.0,15774,0.9413348,0.05866523,0
2025-07-30T18:00:24.569061,18214,83852,10.0,3782034,3289,4338.0,3720093070.0,445453,25.0,70.0,49.0,3289,63,624731,1590,24.0,15434,0.8736893,0.12631069,0
2025-07-30T18:00:29.760840,17168,83837,11.0,3833724,2916,4752.0,3759563575.0,433444,26.0,71.0,47.0,2916,64,630319,1575,24.0,15170,0.812869,0.18713099,0
2025-07-30T18:00:34.891070,17193,85269,8.0,3708774,3162,4761.0,3861615872.0,431504,26.0,73.0,48.0,3162,64,625386,1557,24.0,15524,0.68086135,0.31913862,0
2025-07-30T18:00:40.024798,17761,78969,11.0,3805303,3019,4766.0,3796434586.0,429750,25.0,62.0,48.0,3019,64,646054,1510,26.0,16259,0.6350646,0.36493543,0
2025-07-30T18:00:45.168884,17077,86493,23.0,3914214,3338,9518.0,7958202885.0,435993,53.0,131.0,95.0,3338,66,624813,1463,134.0,15418,0.66260445,0.33739552,0
2025-07-30T18:00:50.322939,19517,89151,9.0,3855440,3164,4787.0,3657174801.0,437030,25.0,64.0,47.0,3164,66,637777,1602,50.0,15666,0.819643,0.18035701,0
2025-07-30T18:00:55.501118,16784,78847,8.0,3799879,3141,4774.0,3792371538.0,428516,26.0,63.0,48.0,3141,71,642252,1512,24.0,15478,0.67336386,0.32663614,0
2025-07-30T18:01:00.660596,18460,75320,11.0,3884531,2830,4771.0,3792081430.0,428559,26.0,75.0,49.0,2830,69,625623,1558,30.0,15986,0.49558055,0.50441945,1
2025-07-30T18:01:05.776615,19060,86217,8.0,3824103,3529,4747.0,3786004667.0,426464,25.0,51.0,47.0,3529,66,619743,1598,26.0,16048,0.67834425,0.32165572,0
2025-07-30T18:01:10.921238,18282,84688,10.0,4024971,3265,4759.0,3831424070.0,437278,27.0,70.0,49.0,3265,65,633005,1565,25.0,16578,0.7320217,0.26797834,0
2025-07-30T18:01:16.172854,17385,85771,12.0,3743092,3222,4849.0,3736953699.0,433063,25.0,73.0,48.0,3222,63,637619,1686,24.0,16349,0.7259872,0.27401277,0
2025-07-30T18:01:21.331804,18689,78596,11.0,3821458,3255,4193.0,3820647872.0,428173,26.0,61.0,47.0,3255,61,621477,1534,18.0,15564,0.75886786,0.24113217,0
2025-07-30T18:01:26.461387,18039,80988,8.0,3814477,2954,4213.0,3893211443.0,449586,26.0,66.0,47.0,2954,62,655911,1628,110.0,15968,0.8605749,0.13942511,0
2025-07-30T18:01:31.604406,19740,83600,11.0,3820575,3495,4746.0,3815400955.0,440715,25.0,68.0,47.0,3495,65,637949,1688,115.0,15719,0.9096228,0.090377234,0
2025-07-30T18:01:36.740224,17617,83151,8.0,3884111,3401,4771.0,3705319607.0,432385,26.0,56.0,47.0,3401,64,625447,1567,24.0,15073,0.8571102,0.14288981,0
2025-07-30T18:01:41.863752,18032,80881,10.0,3790873,3340,4741.0,3832225974.0,424474,25.0,72.0,49.0,3340,62,626065,1651,110.0,15558,0.79359514,0.20640486,0
2025-07-30T18:01:46.996416,18266,76484,10.0,3799630,3020,4763.0,3748648927.0,429687,26.0,59.0,47.0,3020,64,645026,1646,19.0,15853,0.7943944,0.20560561,0
2025-07-30T18:01:52.120674,18151,83119,8.0,3819866,3882,4795.0,3844225032.0,439270,26.0,74.0,47.0,3882,61,648864,1766,22.0,15356,0.8601275,0.1398725,0
2025-07-30T18:01:57.251728,17844,80004,11.0,3815003,3062,4761.0,3801127560.0,436520,25.0,76.0,48.0,3062,63,636324,1620,20.0,15649,0.91006064,0.08993938,0
2025-07-30T18:02:02.405251,18278,81416,8.0,3865692,3148,4759.0,3708797912.0,429832,26.0,58.0,47.0,3148,67,647062,1710,20.0,15694,0.77073884,0.22926116,0
2025-07-30T18:02:07.553046,17706,79536,10.0,3863895,3530,4776.0,3809831317.0,428532,26.0,82.0,49.0,3530,71,634042,1505,29.0,15441,0.6821071,0.31789294,0
2025-07-30T18:02:12.738602,17984,81735,9.0,3713121,3082,4758.0,3865580216.0,433747,25.0,66.0,47.0,3082,66,635041,1613,110.0,15694,0.6152258,0.38477424,0
2025-07-30T18:02:17.869754,20288,82926,9.0,3819656,3351,4848.0,3832161525.0,452618,26.0,59.0,48.0,3351,66,652018,1626,104.0,16461,0.7843801,0.21561994,0
2025-07-30T18:02:23.103682,17592,82561,10.0,3797970,4027,4777.0,3888392774.0,433003,26.0,85.0,49.0,4027,69,631141,1884,86.0,15631,0.9016972,0.09830276,0
2025-07-30T18:02:28.351233,18496,80697,12.0,4002525,3493,4308.0,3615153499.0,435802,25.0,75.0,47.0,3493,66,649487,1603,83.0,15837,0.8672803,0.13271968,0
2025-07-30T18:02:33.486334,18007,80396,8.0,3969703,3241,4132.0,3844424130.0,438603,26.0,56.0,46.0,3241,65,642356,1503,18.0,15912,0.71324885,0.28675118,0
2025-07-30T18:02:38.638627,18028,81151,11.0,3891965,3069,4771.0,3978905241.0,428430,26.0,75.0,49.0,3069,65,646494,1544,24.0,16609,0.6730686,0.32693142,0
2025-07-30T18:02:43.788387,17798,84985,9.0,3879775,3247,4753.0,3669151177.0,431079,26.0,58.0,47.0,3247,68,656301,1586,22.0,16204,0.608912,0.39108804,0
2025-07-30T18:02:48.915929,16364,78553,8.0,3857248,3459,4769.0,3798086357.0,428801,25.0,64.0,47.0,3459,67,624211,1618,18.0,15585,0.5544567,0.44554326,0
2025-07-30T18:02:54.048885,18322,83404,12.0,4954172,3116,4793.0,3813657556.0,434279,26.0,79.0,48.0,3116,69,640585,1617,22.0,15726,0.55327684,0.44672316,0
2025-07-30T18:02:59.163577,17188,92573,9.0,3779603,2961,4775.0,3643697111.0,433707,25.0,57.0,47.0,2961,66,625172,1625,54.0,15708,0.637269,0.36273098,0
2025-07-30T18:03:04.485652,19379,77868,8.0,3804587,3540,4763.0,3858815232.0,534078,26.0,64.0,48.0,3540,60,634129,1644,106.0,16288,0.7889763,0.2110237,0
2025-07-30T18:03:09.622121,17731,80932,11.0,3936844,3166,4779.0,3773509776.0,435252,26.0,65.0,48.0,3166,61,629655,1598,34.0,15683,0.9038363,0.0961637,0
2025-07-30T18:03:14.773482,17749,78382,8.0,3681798,3312,4763.0,4209170976.0,440781,26.0,57.0,47.0,3312,65,621884,1625,21.0,15591,0.76730096,0.23269902,0
2025-07-30T18:03:19.904056,17535,81072,10.0,4009527,4522,4871.0,3835585667.0,439411,26.0,74.0,49.0,4522,67,640233,1655,18.0,16556,0.70677423,0.2932258,0
2025-07-30T18:03:25.037388,17086,83859,10.0,3847383,3229,4773.0,3909639792.0,447157,26.0,61.0,46.0,3229,64,631838,1667,18.0,15546,0.68415356,0.3158464,0
2025-07-30T18:03:30.194996,20012,87582,21.0,3780563,3551,9175.0,7399311706.0,432734,51.0,153.0,97.0,3551,68,642525,1758,29.0,15598,0.859726,0.14027399,0
2025-07-30T18:03:35.343039,17102,81598,9.0,3699107,3319,4192.0,3648260399.0,439357,26.0,60.0,47.0,3319,66,629631,1612,52.0,15392,0.87940866,0.12059133,0
2025-07-30T18:03:40.499362,18382,77097,8.0,3829462,2995,4588.0,3773780605.0,427270,26.0,76.0,48.0,2995,71,626561,1538,110.0,15928,0.69740325,0.30259675,0
2025-07-30T18:03:45.617306,18321,84824,11.0,3901801,3183,4785.0,3758453591.0,430579,26.0,79.0,49.0,3183,64,656987,1546,22.0,18299,0.50833344,0.49166653,0
2025-07-30T18:03:50.730262,18232,85661,10.0,3802844,3097,4771.0,3855330568.0,431097,25.0,80.0,47.0,3097,64,627150,1505,138.0,15336,0.62504536,0.37495464,0
2025-07-30T18:03:55.921524,17698,92110,8.0,3753851,3310,4791.0,3834265719.0,456703,25.0,67.0,48.0,3310,70,639305,1709,110.0,16185,0.7397688,0.2602312,0
2025-07-30T18:04:01.076671,16526,87470,11.0,4126373,3127,4786.0,3873332796.0,438616,27.0,67.0,48.0,3127,66,626695,1428,100.0,16065,0.5929698,0.40703025,0
2025-07-30T18:04:06.219603,16554,82140,8.0,3902762,3156,4795.0,3829750828.0,430388,25.0,57.0,47.0,3156,76,625488,1599,102.0,16003,0.4582677,0.5417323,1
2025-07-30T18:04:11.367924,20923,77753,10.0,3930447,3809,4781.0,3816036868.0,437536,26.0,71.0,48.0,3809,66,640186,1524,93.0,15777,0.4789921,0.5210079,1
2025-07-30T18:04:16.490990,24650,98164,92951.0,4220701,5575,4855.0,5328472088.0,432181,26.0,246780.0,40.0,5575,71,658783,1686,25.0,19372,0.13058746,0.86941254,1
2025-07-30T18:04:21.612580,20201,88884,246441.0,4125768,3881,4780.0,5756591879.0,427429,27.0,521713.0,46.0,3881,63,625185,1641,20.0,17382,0.0066362023,0.9933638,1
2025-07-30T18:04:26.759180,21386,91781,255904.0,4165573,4038,4785.0,5683247485.0,424943,26.0,528123.0,46.0,4038,65,635592,1494,20.0,16232,0.008105278,0.9918947,1
2025-07-30T18:04:31.897977,20968,89980,259612.0,4132929,3968,4804.0,5840938673.0,438717,27.0,535301.0,41.0,3968,61,626206,1670,20.0,15655,0.007208109,0.9927919,1
2025-07-30T18:04:37.019004,21455,90780,262136.0,4069709,3868,4790.0,6024393619.0,429305,27.0,540294.0,60.0,3868,67,634906,1573,20.0,15942,0.008722246,0.99127775,1
2025-07-30T18:04:42.137325,21539,91637,257686.0,4002800,3786,3964.0,5854441711.0,432273,27.0,531395.0,45.0,3786,64,631740,1645,95.0,15830,0.0059040785,0.9940959,1
2025-07-30T18:04:47.296742,20667,90321,245819.0,4069301,4067,4471.0,5648425113.0,446608,26.0,507496.0,40.0,4067,69,629504,1678,38.0,15366,0.0068095922,0.9931904,1
2025-07-30T18:04:52.577269,21363,93053,258739.0,4141438,4034,4938.0,6160521903.0,432468,27.0,533417.0,51.0,4034,67,634666,1661,42.0,15942,0.0073587894,0.9926412,1
2025-07-30T18:04:57.743581,20868,91404,258553.0,4292630,3989,4801.0,5999933137.0,433885,26.0,532809.0,44.0,3989,69,642146,1732,21.0,15545,0.006997943,0.99300206,1
2025-07-30T18:05:02.891687,23282,89841,266231.0,4051556,3922,4798.0,6331514143.0,435579,27.0,548509.0,48.0,3922,68,659213,1641,23.0,15311,0.00627172,0.9937283,1
2025-07-30T18:05:08.015263,20547,93781,262481.0,4167050,4135,4793.0,6026018389.0,441832,27.0,541083.0,50.0,4135,58,638156,1726,22.0,15790,0.008641839,0.99135816,1
2025-07-30T18:05:13.142306,19257,95431,223065.0,3963991,3920,4799.0,5447623352.0,436919,27.0,461950.0,34.0,3920,65,633038,1647,21.0,16949,0.012428224,0.9875718,1
2025-07-30T18:05:18.262461,21799,89259,223968.0,4052317,4340,4857.0,5583917330.0,436466,25.0,463751.0,51.0,4340,63,640927,1718,103.0,15415,0.009498298,0.9905017,1
2025-07-30T18:05:23.429653,20320,92932,256120.0,3997638,3780,4797.0,6018631532.0,441878,27.0,528161.0,44.0,3780,64,630486,1780,65.0,16070,0.012453437,0.98754656,1
2025-07-30T18:05:28.607414,22310,92316,263573.0,4039541,3917,4781.0,6132568571.0,434580,27.0,543305.0,49.0,3917,67,641642,1613,92.0,15338,0.008356929,0.9916431,1
2025-07-30T18:05:33.778107,21318,93621,257909.0,4092380,3859,4802.0,6106238285.0,431221,27.0,531626.0,41.0,3859,64,631429,1620,20.0,15273,0.0070254803,0.9929745,1
2025-07-30T18:05:38.895410,20973,90064,258339.0,4081898,4246,4776.0,5874675859.0,430165,26.0,532818.0,46.0,4246,66,631778,1771,94.0,15747,0.008275747,0.99172425,1
2025-07-30T18:05:44.020716,21834,91703,261385.0,4099739,3816,4802.0,5851831797.0,436264,27.0,538621.0,38.0,3816,66,627573,1708,18.0,15763,0.008664489,0.9913355,1
2025-07-30T18:05:49.175088,21130,95254,253969.0,4000692,4166,4003.0,5596619692.0,428736,26.0,523998.0,45.0,4166,65,642437,1645,18.0,16276,0.006974995,0.993025,1
2025-07-30T18:05:54.325511,20348,91603,249493.0,4159617,4072,4484.0,5707326559.0,435581,27.0,514730.0,49.0,4072,71,629994,1772,26.0,15822,0.006409526,0.9935905,1
2025-07-30T18:05:59.456608,20978,96548,257888.0,4155624,4064,4821.0,5963552413.0,446152,27.0,531534.0,45.0,4064,64,632306,1649,20.0,15883,0.0075357556,0.99246424,1
2025-07-30T18:06:04.577615,21578,91456,264706.0,3904230,3992,4804.0,5892560998.0,423819,27.0,545357.0,53.0,3992,76,642709,1663,18.0,16518,0.0075775385,0.99242246,1
2025-07-30T18:06:09.696294,20929,93326,258385.0,4016332,3640,4790.0,5927309123.0,429524,27.0,532539.0,53.0,3640,62,625648,1863,113.0,15827,0.008215129,0.9917849,1
2025-07-30T18:06:14.836587,20419,94113,216462.0,4000594,3632,4802.0,5196177583.0,438144,26.0,448491.0,34.0,3632,69,650510,1717,49.0,16177,0.011768103,0.9882319,1
2025-07-30T18:06:20.005807,17832,88634,239467.0,4001818,3893,4866.0,5638450590.0,436000,26.0,494755.0,54.0,3893,67,640095,1821,18.0,15503,0.013331234,0.98666877,1
2025-07-30T18:06:25.226817,20797,90815,505247.0,4026207,3986,9608.0,11583851876.0,434235,54.0,1042108.0,78.0,3986,67,628678,1626,47.0,15278,0.014969766,0.98503023,1
2025-07-30T18:06:30.350505,21050,96117,259577.0,4113031,3822,4807.0,5825069821.0,430985,27.0,535004.0,44.0,3822,64,628404,1642,113.0,16440,0.008847415,0.9911526,1
2025-07-30T18:06:35.553295,21484,92552,259679.0,4185510,4387,4790.0,5932677822.0,436055,26.0,535172.0,47.0,4387,66,634586,1617,19.0,15763,0.006670654,0.99332935,1
2025-07-30T18:06:40.687899,21032,91812,259282.0,4054058,4180,4808.0,5879681631.0,429835,27.0,534402.0,46.0,4180,69,632232,1603,84.0,15576,0.0064542294,0.9935458,1
2025-07-30T18:06:45.810004,21258,89464,263033.0,4166308,3843,4825.0,6573922637.0,426655,27.0,541906.0,46.0,3843,164,624334,1664,43.0,15376,0.015045047,0.98495495,1
2025-07-30T18:06:50.948657,22224,91229,235718.0,4047225,3804,4305.0,5456400383.0,440421,26.0,486928.0,50.0,3804,63,641175,1766,88.0,15964,0.0061805844,0.9938194,1
2025-07-30T18:06:56.089188,21846,92676,256364.0,4081591,3330,4218.0,5749782114.0,430768,27.0,528711.0,45.0,3330,68,639107,1705,22.0,16029,0.008061409,0.9919386,1
2025-07-30T18:07:01.252996,20064,87884,261384.0,3955947,3833,4800.0,5853822819.0,428829,27.0,538393.0,49.0,3833,64,629538,1629,96.0,15736,0.008404732,0.99159527,1
2025-07-30T18:07:06.393103,20748,88390,260379.0,4214550,3791,4805.0,5927152037.0,430232,27.0,536536.0,43.0,3791,71,620854,1717,100.0,15119,0.008449137,0.99155086,1
2025-07-30T18:07:11.517609,20294,91272,213499.0,3953898,3834,4787.0,5307145871.0,435524,26.0,442860.0,49.0,3834,66,628304,1643,97.0,16345,0.009174526,0.9908255,1
2025-07-30T18:07:16.668034,21634,92860,242658.0,3940615,3607,4884.0,5636900670.0,427148,27.0,501043.0,47.0,3607,67,633098,1944,26.0,15830,0.012620866,0.98737913,1
2025-07-30T18:07:21.786774,23217,92162,243976.0,4020880,3915,4775.0,5814730395.0,432373,26.0,504122.0,43.0,3915,64,635477,1681,28.0,15602,0.0103087425,0.98969126,1
2025-07-30T18:07:26.944731,21597,96282,259868.0,4160343,3960,4812.0,5812746675.0,430805,27.0,535676.0,43.0,3960,68,631241,1778,29.0,16170,0.007827759,0.99217224,1
2025-07-30T18:07:32.106046,22004,90144,260260.0,4101668,4057,4791.0,5729691509.0,431434,27.0,535966.0,42.0,4057,66,646790,1771,23.0,16056,0.007519126,0.9924809,1
2025-07-30T18:07:37.249032,21274,90613,258970.0,4136244,3903,4764.0,5837079855.0,438735,27.0,533715.0,40.0,3903,68,638824,1645,24.0,15909,0.007719636,0.99228036,1
2025-07-30T18:07:42.383101,21977,93200,260640.0,4258152,3714,4803.0,5965496629.0,438393,26.0,536973.0,46.0,3714,63,626211,1679,26.0,15853,0.0069898367,0.99301016,1
2025-07-30T18:07:47.521257,21892,90120,258374.0,4123117,3684,4795.0,5897947295.0,443435,27.0,532595.0,50.0,3684,64,644460,1683,104.0,15904,0.0075942874,0.9924057,1
2025-07-30T18:07:52.643911,19793,92549,242851.0,4245832,4117,4820.0,5658938735.0,429156,27.0,501538.0,41.0,4117,72,627522,1621,48.0,16276,0.008007586,0.9919924,1
2025-07-30T18:07:57.764276,21371,90772,255377.0,3998033,6024,4315.0,5704697179.0,431958,27.0,526720.0,53.0,6024,65,626139,1810,24.0,15421,0.0051562786,0.9948437,1
2025-07-30T18:08:03.083907,21455,91468,259480.0,3962150,3743,4176.0,5852192831.0,433710,26.0,535016.0,50.0,3743,63,622360,1796,26.0,15618,0.009612381,0.9903876,1
2025-07-30T18:08:08.272885,20738,108493,256873.0,4061075,3762,4791.0,5843648216.0,430540,27.0,529492.0,52.0,3762,65,648211,1640,26.0,15675,0.00881356,0.99118644,1
2025-07-30T18:08:13.427176,20162,94676,216174.0,4094463,4127,4784.0,5679955691.0,429572,27.0,448189.0,44.0,4127,62,629240,1565,20.0,15804,0.008557022,0.991443,1
2025-07-30T18:08:18.554135,20829,87361,236011.0,4025402,3986,4863.0,5757548453.0,439649,26.0,487872.0,47.0,3986,66,653995,1848,115.0,16006,0.012354672,0.9876453,1
2025-07-30T18:08:23.698074,20422,91537,240948.0,4025021,3662,4781.0,5742119122.0,441024,26.0,497775.0,37.0,3662,62,629286,1760,112.0,15791,0.014185786,0.9858142,1
2025-07-30T18:08:28.869603,21893,96002,256644.0,4157809,4026,4799.0,5726541923.0,432747,27.0,529296.0,51.0,4026,66,634424,1693,20.0,15437,0.009649754,0.99035025,1
2025-07-30T18:08:34.031720,22079,90077,257244.0,4043432,3949,4782.0,5959220441.0,424651,26.0,530148.0,43.0,3949,71,635039,1601,21.0,17478,0.0073138475,0.99268615,1
2025-07-30T18:08:39.148427,20962,89596,257888.0,4148100,4206,4786.0,5935075543.0,434588,27.0,531528.0,44.0,4206,72,634602,1841,26.0,15230,0.00634706,0.99365294,1
2025-07-30T18:08:44.279484,21540,89624,262331.0,4240204,4049,4796.0,5853651480.0,431454,27.0,540662.0,47.0,4049,64,635454,1752,22.0,15874,0.009172201,0.9908278,1
2025-07-30T18:08:49.435134,21678,93128,258464.0,4138130,3231,4790.0,5748638344.0,435349,26.0,532725.0,59.0,3231,65,629358,1706,18.0,15652,0.008780241,0.99121976,1
2025-07-30T18:08:54.579398,21039,91462,245822.0,4148830,3921,4817.0,5817988198.0,436508,27.0,507339.0,42.0,3921,60,630473,1569,122.0,15969,0.008694708,0.9913053,1
2025-07-30T18:08:59.746345,21978,94056,255183.0,4073688,4013,4790.0,5802966029.0,431744,26.0,526380.0,47.0,4013,65,626625,1750,48.0,15924,0.008645117,0.9913549,1
2025-07-30T18:09:04.912273,21299,89372,257874.0,4117821,4078,4286.0,5807019006.0,427033,27.0,531433.0,45.0,4078,59,642163,1678,18.0,16299,0.0087608695,0.99123913,1
2025-07-30T18:09:10.051744,20892,97197,258359.0,4030803,4004,4204.0,5772697331.0,428849,27.0,532388.0,43.0,4004,70,651140,1658,24.0,15900,0.007603228,0.9923968,1
2025-07-30T18:09:15.184606,21793,88115,448809.0,3983842,4575,9653.0,10928797363.0,439825,53.0,929243.0,93.0,4575,68,629780,1834,41.0,15694,0.0115031,0.9884969,1
2025-07-30T18:09:20.330602,21162,93648,251411.0,4219978,4049,4785.0,6192542491.0,433679,26.0,518674.0,39.0,4049,67,641202,1719,22.0,16300,0.010696113,0.9893039,1
2025-07-30T18:09:25.478574,21162,91440,248686.0,4025722,3901,4797.0,5673314122.0,431231,27.0,513287.0,58.0,3901,68,624784,1726,114.0,16439,0.008004904,0.9919951,1
2025-07-30T18:09:30.605979,20744,93614,258341.0,3932027,3704,4793.0,5747386198.0,430400,27.0,532586.0,49.0,3704,78,633696,1686,34.0,16094,0.008263588,0.9917364,1
2025-07-30T18:09:35.730552,22022,89503,254320.0,4100005,3689,4794.0,5811458583.0,441684,27.0,524607.0,35.0,3689,66,630205,1800,20.0,15401,0.007039368,0.99296063,1
2025-07-30T18:09:40.878408,21262,94123,256885.0,4165512,4356,4783.0,6081299190.0,428307,26.0,529632.0,55.0,4356,60,626489,1852,94.0,15347,0.012074411,0.9879256,1
2025-07-30T18:09:46.068219,21270,102708,258415.0,4076356,4100,4792.0,5712269352.0,432125,27.0,532993.0,42.0,4100,64,632013,1841,20.0,16292,0.010166764,0.98983324,1
2025-07-30T18:09:51.223259,20998,85419,255805.0,4098335,4034,4815.0,5876256916.0,444011,27.0,527668.0,45.0,4034,67,630191,1779,20.0,15316,0.009040773,0.9909592,1
2025-07-30T18:09:56.359456,20979,90875,243516.0,4066302,4139,4803.0,5556292856.0,427398,26.0,502894.0,50.0,4139,67,633966,1733,116.0,16296,0.010066271,0.9899337,1
2025-07-30T18:10:01.502979,20958,91455,254673.0,4116434,4077,4794.0,5770215388.0,434699,27.0,525208.0,33.0,4077,68,632754,1610,106.0,15522,0.007434368,0.99256563,1
2025-07-30T18:10:06.624072,20914,91508,255439.0,4042826,3981,4492.0,5717841438.0,447489,27.0,526708.0,51.0,3981,67,634798,1662,92.0,16107,0.006652236,0.99334776,1
2025-07-30T18:10:11.746890,18738,88992,220879.0,4867968,4171,4057.0,5271945563.0,428730,26.0,457653.0,35.0,4171,66,627405,1715,91.0,15988,0.006009817,0.9939902,1
2025-07-30T18:10:16.880214,21812,93542,241413.0,4050192,3588,4791.0,5579423076.0,438049,27.0,498564.0,59.0,3588,64,636329,1691,20.0,15455,0.0075161457,0.99248385,1
2025-07-30T18:10:22.052884,21864,92691,259553.0,4032695,3931,4800.0,5915479789.0,431228,27.0,535130.0,39.0,3931,67,631517,1743,19.0,15466,0.008358896,0.9916411,1
2025-07-30T18:10:27.260521,21445,91334,247205.0,3797920,3912,4797.0,5715703974.0,444015,27.0,510514.0,42.0,3912,66,637669,1707,18.0,16143,0.008866668,0.99113333,1
2025-07-30T18:10:32.417314,20843,91748,261560.0,4092719,3997,4789.0,6068694377.0,434497,26.0,539105.0,53.0,3997,68,632533,1616,24.0,15964,0.008253872,0.9917461,1
2025-07-30T18:10:37.543163,22043,93173,256934.0,4165068,4058,4796.0,6025316058.0,430745,27.0,529894.0,38.0,4058,66,634100,1709,22.0,15361,0.0063432455,0.99365675,1
2025-07-30T18:10:42.690707,21475,90526,258997.0,4568248,3784,4806.0,6015760563.0,430761,27.0,533681.0,45.0,3784,65,631388,1709,21.0,15774,0.007454753,0.99254525,1
2025-07-30T18:10:47.882536,21872,92464,253539.0,3985441,3973,4786.0,5746903040.0,431350,26.0,522865.0,51.0,3973,65,635900,1648,30.0,16081,0.007789731,0.99221027,1
2025-07-30T18:10:53.063914,21541,89512,258392.0,4015812,3829,4829.0,5948195512.0,431115,27.0,532859.0,46.0,3829,65,632735,1570,112.0,16743,0.007634759,0.99236524,1
2025-07-30T18:10:58.188372,20691,92727,249768.0,4261166,3964,4803.0,5876485693.0,432350,27.0,515524.0,47.0,3964,59,629739,1588,84.0,15909,0.007911384,0.9920886,1
2025-07-30T18:11:03.349362,22563,91693,259273.0,4131703,4022,4807.0,5970642437.0,433681,26.0,534709.0,47.0,4022,68,639700,1734,97.0,15973,0.00798136,0.99201864,1
2025-07-30T18:11:08.490707,21569,93721,261588.0,4144621,4025,4791.0,5998458044.0,436479,27.0,538853.0,54.0,4025,67,662114,1697,86.0,15438,0.0064737797,0.9935262,1
2025-07-30T18:11:13.640891,17380,105240,217537.0,3878081,3897,4196.0,5171707365.0,433045,26.0,450701.0,48.0,3897,65,631095,1582,23.0,15759,0.009162009,0.990838,1
2025-07-30T18:11:18.793641,19762,91475,244058.0,4070636,4481,4331.0,5678116196.0,428015,27.0,504210.0,52.0,4481,66,641226,1756,90.0,15478,0.007391274,0.9926087,1
2025-07-30T18:11:23.970837,20794,93964,257503.0,4125133,3838,4764.0,5835564917.0,438576,26.0,530867.0,46.0,3838,64,634919,1733,82.0,15202,0.008757293,0.9912427,1
2025-07-30T18:11:29.134698,21734,86935,244613.0,4080313,4153,4797.0,5803838531.0,436603,27.0,504854.0,36.0,4153,67,645367,1821,86.0,15148,0.009714782,0.9902852,1
2025-07-30T18:11:34.279954,21498,91224,261306.0,4162324,3927,4791.0,6117604010.0,443471,27.0,538369.0,51.0,3927,69,637835,1677,90.0,15462,0.00884521,0.9911548,1
2025-07-30T18:11:39.427498,21343,92835,263573.0,4018827,4128,4778.0,5808616207.0,431365,26.0,543052.0,47.0,4128,65,636511,1806,101.0,16216,0.007695973,0.992304,1
2025-07-30T18:11:44.550222,21124,93614,260657.0,4023750,4051,4785.0,5972893014.0,427609,27.0,537244.0,47.0,4051,77,630745,1769,101.0,16036,0.007723391,0.9922766,1
2025-07-30T18:11:49.681915,22251,90110,260491.0,4226535,4129,4798.0,5913728929.0,435758,27.0,536591.0,47.0,4129,65,634189,1634,19.0,15767,0.0062975287,0.9937025,1
2025-07-30T18:11:54.828192,19644,91408,257584.0,4067075,4160,4797.0,5927496966.0,440692,26.0,530998.0,47.0,4160,67,630987,1620,20.0,15882,0.007544577,0.9924554,1
2025-07-30T18:11:59.944482,20523,97875,246055.0,4024233,3965,4814.0,5814814623.0,442892,27.0,507990.0,42.0,3965,64,629136,1733,18.0,15615,0.008002579,0.9919974,1
2025-07-30T18:12:05.147302,21350,90608,264115.0,4148029,4211,4795.0,6171191570.0,436463,27.0,544125.0,57.0,4211,63,634742,1722,24.0,15983,0.009375811,0.9906242,1
2025-07-30T18:12:10.308501,21005,89109,480589.0,4035228,4157,9558.0,11346163422.0,438475,53.0,993166.0,96.0,4157,69,633314,1736,171.0,16760,0.013462365,0.98653764,1
2025-07-30T18:12:15.543065,24101,86693,247986.0,3921430,3918,4546.0,5537891916.0,434029,26.0,511687.0,41.0,3918,67,636104,1678,18.0,15450,0.008801222,0.9911988,1
2025-07-30T18:12:20.668545,20591,91258,259696.0,3983501,3737,4011.0,5759494433.0,431253,27.0,535669.0,47.0,3737,65,635641,1658,104.0,15336,0.0070191026,0.9929809,1
2025-07-30T18:12:25.796379,21402,93794,244337.0,4149498,4168,4774.0,5820349379.0,429943,26.0,504519.0,45.0,4168,65,647714,1624,21.0,16278,0.0074281096,0.9925719,1
2025-07-30T18:12:30.919874,20131,89958,259332.0,4667825,4145,4792.0,6069063711.0,430885,27.0,534822.0,40.0,4145,65,640630,1629,112.0,15147,0.006196797,0.9938032,1
2025-07-30T18:12:36.054226,20430,92555,256692.0,3949899,3938,4777.0,5865805277.0,442112,27.0,529245.0,59.0,3938,67,633289,1617,18.0,15992,0.0077680945,0.9922319,1
2025-07-30T18:12:41.198939,23424,95690,262964.0,4152396,4010,4795.0,6130656407.0,441843,27.0,541950.0,49.0,4010,68,620333,1636,104.0,15258,0.0057316422,0.99426836,1
2025-07-30T18:12:46.316818,21062,94116,264382.0,4135030,3356,4803.0,6020165675.0,436984,27.0,544879.0,47.0,3356,67,636011,1674,99.0,15455,0.006788373,0.9932116,1
2025-07-30T18:12:51.461283,22163,92457,259619.0,3955764,4121,4804.0,6401911215.0,437092,26.0,535106.0,48.0,4121,64,641732,1677,18.0,15996,0.007537544,0.99246246,1
2025-07-30T18:12:56.617789,20594,93028,252529.0,4139200,4332,4807.0,5684771600.0,433619,27.0,521074.0,47.0,4332,69,626201,1752,20.0,15444,0.007928431,0.99207157,1
2025-07-30T18:13:01.781069,20712,91774,255222.0,4024470,3885,4775.0,5944235506.0,442212,27.0,526202.0,47.0,3885,67,634653,1719,20.0,15639,0.00820291,0.9917971,1
2025-07-30T18:13:06.943868,22292,89940,261797.0,4286308,3535,4767.0,5971849306.0,425419,27.0,539303.0,41.0,3535,62,631354,1560,28.0,16577,0.008518279,0.9914817,1
2025-07-30T18:13:12.066458,19249,89509,225270.0,4027676,3907,4786.0,5528241530.0,431901,26.0,466082.0,46.0,3907,65,622050,1559,26.0,15729,0.008606434,0.99139357,1
2025-07-30T18:13:17.191342,22673,89840,236582.0,4205940,3473,4849.0,5728558108.0,434772,26.0,488984.0,45.0,3473,69,818110,1629,124.0,16045,0.007946134,0.99205387,1
2025-07-30T18:13:22.499842,22207,93834,264123.0,3989396,3961,4669.0,6197553296.0,428884,28.0,544349.0,48.0,3961,68,753745,1696,20.0,15694,0.00597167,0.99402833,1
2025-07-30T18:13:27.661842,21151,90835,260824.0,4155481,3901,4917.0,6222668561.0,428915,27.0,537960.0,44.0,3901,71,634113,1775,18.0,15889,0.0069932938,0.9930067,1
2025-07-30T18:13:32.784693,16297,92274,243792.0,4059018,4033,3638.0,5908784632.0,431332,25.0,502846.0,47.0,4033,66,636517,1762,18.0,15461,0.008575082,0.9914249,1
2025-07-30T18:13:37.919905,21246,88791,263936.0,4072426,4187,4778.0,6155859810.0,433961,27.0,544068.0,41.0,4187,71,645778,1622,20.0,16597,0.008172691,0.9918273,1
2025-07-30T18:13:43.039514,20452,106848,261868.0,4221521,3928,4780.0,6029212968.0,425604,27.0,539655.0,51.0,3928,73,631649,1734,11.0,15964,0.006488979,0.993511,1
2025-07-30T18:13:48.226201,22113,91101,266771.0,4098496,3876,4770.0,6084017044.0,439676,26.0,550120.0,47.0,3876,79,637369,1722,32.0,16479,0.006541431,0.99345857,1
2025-07-30T18:13:53.366474,19810,91639,256303.0,4376980,4141,4803.0,6103601248.0,442112,27.0,528617.0,34.0,4141,71,637967,1750,125.0,15715,0.005889833,0.99411017,1
2025-07-30T18:13:58.516068,19524,93964,256581.0,3940187,3815,4803.0,6044871925.0,431842,27.0,529510.0,47.0,3815,69,630437,1741,20.0,15911,0.008606434,0.99139357,1
2025-07-30T18:14:03.638848,20814,94738,248083.0,4042133,3823,4774.0,5780948205.0,446225,27.0,512436.0,44.0,3823,68,634689,1618,18.0,15799,0.008215487,0.9917845,1
2025-07-30T18:14:08.767613,22403,94019,260703.0,4013678,4012,4822.0,6032810203.0,435183,26.0,537198.0,48.0,4012,67,635351,1605,22.0,15806,0.006598592,0.9934014,1
2025-07-30T18:14:13.928052,21375,95197,220534.0,4324380,3925,4773.0,5224011418.0,439686,27.0,456996.0,41.0,3925,64,629473,1677,25.0,15888,0.006707728,0.9932923,1
2025-07-30T18:14:19.084706,20692,82216,87232.0,3873115,3276,4854.0,4374333641.0,430153,25.0,180899.0,51.0,3276,69,635749,1661,20.0,15389,0.0152468085,0.9847532,1
2025-07-30T18:14:24.240359,19939,77188,13.0,3930476,3122,4772.0,3836747339.0,433836,26.0,86.0,54.0,3122,69,633542,1579,21.0,15891,0.13067675,0.86932325,1
2025-07-30T18:14:29.370545,20373,78659,12.0,3865662,3795,4778.0,3784122483.0,434922,26.0,93.0,55.0,3795,63,628007,1710,54.0,15767,0.8722397,0.12776028,0
2025-07-30T18:14:34.496102,17662,82216,9.0,3971334,3178,4343.0,3649035065.0,434345,25.0,58.0,49.0,3178,64,640505,1446,108.0,15502,0.8638205,0.13617949,0
2025-07-30T18:14:39.665204,18106,78217,12.0,3807313,3369,4152.0,3628305483.0,438380,26.0,77.0,48.0,3369,64,636873,1691,83.0,15654,0.760787,0.23921299,0
2025-07-30T18:14:44.836168,18021,88888,9.0,3937539,3055,4687.0,3819813201.0,431262,26.0,63.0,49.0,3055,63,630253,1617,98.0,15793,0.86610574,0.13389426,0
2025-07-30T18:14:49.967896,25959,96336,10.0,3917412,3138,4766.0,4380780087.0,427546,26.0,64.0,49.0,3138,71,632258,1470,82.0,16993,0.8265887,0.1734113,0
2025-07-30T18:14:55.095085,18563,75291,18.0,3668450,3439,9682.0,7671017595.0,433127,52.0,156.0,97.0,3439,60,635231,1674,214.0,15877,0.86514354,0.13485646,0
2025-07-30T18:15:00.230318,18160,84247,10.0,3800417,3288,4773.0,3708982725.0,438115,25.0,73.0,47.0,3288,65,626224,1627,18.0,15427,0.8268622,0.17313775,0
2025-07-30T18:15:05.456574,17373,76864,9.0,3680523,3413,4765.0,3794356666.0,430533,26.0,63.0,46.0,3413,64,635209,1595,112.0,16190,0.71313286,0.28686717,0
2025-07-30T18:15:10.674183,18255,78007,8.0,3909595,3209,4780.0,3749292433.0,432023,26.0,60.0,48.0,3209,63,628534,1568,107.0,15625,0.6653947,0.33460528,0
2025-07-30T18:15:15.809336,20322,83269,16.0,3708356,3590,4852.0,3957775175.0,435098,26.0,93.0,50.0,3590,64,636285,1668,63.0,15743,0.83071935,0.16928066,0
2025-07-30T18:15:20.933958,17319,85114,9.0,3799678,3052,4775.0,4096372985.0,437359,26.0,68.0,47.0,3052,64,633052,1653,50.0,16404,0.8621366,0.13786341,0
2025-07-30T18:15:26.091534,17559,81966,9.0,3691342,2953,4753.0,3866266172.0,435320,25.0,53.0,47.0,2953,64,631275,1475,17.0,15281,0.73910415,0.26089585,0
2025-07-30T18:15:31.211672,17837,74268,10.0,3893805,3031,4776.0,3705272159.0,429876,26.0,72.0,48.0,3031,63,629582,1529,20.0,15640,0.6598717,0.34012833,0
2025-07-30T18:15:36.363585,17748,81774,9.0,3717138,3617,4418.0,3808601123.0,436076,26.0,61.0,47.0,3617,60,642054,1570,20.0,15457,0.7242435,0.2757565,0
2025-07-30T18:15:41.482439,17882,89045,9.0,3784374,3804,4027.0,3678365900.0,434935,26.0,58.0,49.0,3804,62,632956,1742,18.0,15644,0.93291956,0.06708046,0
2025-07-30T18:15:46.641211,17663,77922,10.0,3832980,3503,4776.0,3833160378.0,431497,26.0,68.0,48.0,3503,66,635397,1667,108.0,16278,0.92955184,0.07044819,0
2025-07-30T18:15:51.801185,18583,81705,9.0,3886544,3412,4814.0,3726691514.0,435960,26.0,69.0,46.0,3412,65,639285,1658,48.0,16339,0.66767204,0.332328,0
2025-07-30T18:15:56.939377,17428,78332,9.0,3977704,3358,4775.0,3797305254.0,433138,25.0,59.0,49.0,3358,63,623401,1728,22.0,16553,0.75661784,0.24338217,0
2025-07-30T18:16:02.065502,17544,93852,12.0,3881866,3123,4788.0,3810043905.0,444253,26.0,74.0,48.0,3123,65,640014,1505,23.0,15628,0.72959375,0.27040628,0
2025-07-30T18:16:07.208737,18147,85422,8.0,3759971,4439,4774.0,3822500364.0,432847,26.0,54.0,48.0,4439,63,641214,1880,22.0,15569,0.85426265,0.14573735,0
2025-07-30T18:16:12.348816,17151,76784,10.0,3770048,3015,4766.0,3712426756.0,429556,25.0,65.0,48.0,3015,66,638943,1469,22.0,15794,0.86762345,0.13237658,0
2025-07-30T18:16:17.482077,17586,77204,10.0,3738375,2888,4872.0,3828670967.0,426786,27.0,68.0,47.0,2888,68,639069,1635,18.0,15707,0.54675967,0.45324033,0
2025-07-30T18:16:22.616468,17900,78313,9.0,3832182,2928,4768.0,3830150023.0,436723,25.0,61.0,51.0,2928,62,632516,1669,104.0,15484,0.7420924,0.25790766,0
2025-07-30T18:16:27.736171,18816,99002,14.0,3885224,3111,4768.0,3789657885.0,426911,26.0,87.0,50.0,3111,68,647088,1519,44.0,15113,0.7809898,0.21901016,0
2025-07-30T18:16:32.880118,17670,82816,9.0,3744503,3502,4784.0,3695048060.0,426171,26.0,59.0,47.0,3502,65,633911,1705,94.0,15918,0.64011216,0.35988784,0
2025-07-30T18:16:38.055473,17722,82885,8.0,4264487,3285,4760.0,3765661479.0,438177,25.0,59.0,48.0,3285,62,638480,1566,89.0,15458,0.7902695,0.2097305,0
2025-07-30T18:16:43.201058,18124,81225,10.0,3919666,3079,4601.0,3799077157.0,436723,25.0,87.0,48.0,3079,65,633578,1643,20.0,15857,0.79980415,0.20019585,0
2025-07-30T18:16:48.356560,17602,77416,9.0,3934200,3037,3825.0,3684282265.0,433753,26.0,76.0,47.0,3037,72,633264,1567,18.0,15739,0.716999,0.283001,0
2025-07-30T18:16:53.494441,18566,85138,8.0,3917749,3373,4784.0,3635936390.0,448290,25.0,82.0,49.0,3373,70,641785,1614,103.0,15608,0.6756066,0.32439336,0
2025-07-30T18:16:58.621577,17620,78660,12.0,3839076,3219,4790.0,3894130380.0,436527,27.0,75.0,48.0,3219,73,661626,1679,24.0,15498,0.69463634,0.30536368,0
2025-07-30T18:17:03.748471,17852,78887,8.0,3865522,3044,4773.0,3826230956.0,429573,25.0,52.0,47.0,3044,66,629418,1522,23.0,15510,0.6223459,0.37765405,0
2025-07-30T18:17:08.872279,17259,79346,10.0,4219090,3043,4762.0,3798721985.0,440605,26.0,69.0,49.0,3043,65,632432,1621,25.0,15655,0.6753727,0.3246273,0
2025-07-30T18:17:14.037259,17799,81845,13.0,3809343,4539,4796.0,3817749673.0,431302,63.0,64.0,47.0,4539,65,630849,1709,20.0,16180,0.74778235,0.25221765,0
2025-07-30T18:17:19.205472,17982,81192,8.0,3896832,3187,4830.0,3771779039.0,435852,25.0,53.0,47.0,3187,66,633339,1595,11.0,15599,0.8927683,0.10723168,0
2025-07-30T18:17:24.377073,18087,78618,12.0,3776829,3360,4778.0,3977591415.0,436301,26.0,79.0,47.0,3360,66,630148,1546,134.0,16009,0.68447316,0.31552687,0
2025-07-30T18:17:29.507455,17910,76785,8.0,3727445,2961,4804.0,3843248426.0,431854,26.0,65.0,46.0,2961,65,629920,1634,50.0,16096,0.66830236,0.33169764,0
2025-07-30T18:17:34.681442,24243,77049,11.0,3648262,3020,4760.0,3825129640.0,444807,26.0,67.0,49.0,3020,63,634274,1665,18.0,15741,0.8725489,0.12745114,0
2025-07-30T18:17:39.836345,21110,82081,11.0,3850865,3521,4770.0,3697513972.0,444956,25.0,77.0,47.0,3521,66,634370,1601,19.0,15968,0.95395064,0.04604936,0
2025-07-30T18:17:44.969225,17883,83378,9.0,3769070,3797,4784.0,3905858819.0,438814,27.0,58.0,47.0,3797,63,632195,1595,20.0,15351,0.85664064,0.14335936,0
2025-07-30T18:17:50.083618,18265,79381,22.0,3707810,3084,8609.0,7411365112.0,440743,51.0,156.0,96.0,3084,62,630344,1539,122.0,15899,0.8101834,0.1898166,0
2025-07-30T18:17:55.219652,18316,86937,8.0,3965280,3193,4625.0,3706217185.0,444513,26.0,51.0,47.0,3193,62,642205,1544,22.0,15640,0.8335295,0.16647051,0
2025-07-30T18:18:00.360277,17742,81476,11.0,3943962,3084,4755.0,3734638280.0,435893,25.0,73.0,48.0,3084,64,647823,1578,49.0,15881,0.78592795,0.21407205,0
2025-07-30T18:18:05.501089,18630,90632,9.0,4674053,3379,4764.0,3823984559.0,442620,26.0,67.0,46.0,3379,65,630434,1622,24.0,15593,0.78226656,0.21773343,0
2025-07-30T18:18:10.631874,18951,79389,8.0,3804180,3192,4770.0,3876186102.0,429486,26.0,58.0,48.0,3192,68,636450,1597,23.0,15387,0.8407486,0.15925139,0
2025-07-30T18:18:15.827978,17215,81529,12.0,3842145,3237,4820.0,3737052048.0,439585,25.0,83.0,49.0,3237,64,640456,1455,17.0,16021,0.6638777,0.3361223,0
2025-07-30T18:18:20.993578,17701,81668,8.0,3725986,3259,4775.0,3754183838.0,426816,26.0,56.0,47.0,3259,64,635386,1604,20.0,15155,0.6270581,0.3729419,0
2025-07-30T18:18:26.119081,18130,80559,10.0,3869934,3074,4763.0,3854172823.0,430653,26.0,68.0,49.0,3074,68,645853,1593,108.0,15773,0.730001,0.26999906,0
2025-07-30T18:18:31.248072,17790,76064,10.0,3742156,3091,4750.0,3765848954.0,432536,25.0,75.0,47.0,3091,61,635772,1691,112.0,16031,0.74781334,0.25218666,0
2025-07-30T18:18:36.461490,18829,76889,8.0,3724403,3573,4769.0,3825205667.0,428423,27.0,57.0,47.0,3573,70,636084,1585,20.0,15640,0.73292017,0.26707986,0
2025-07-30T18:18:41.667306,17624,76529,10.0,3895082,2975,4766.0,3803253490.0,436848,25.0,66.0,49.0,2975,66,633010,1662,98.0,15460,0.732681,0.26731902,0
2025-07-30T18:18:46.817241,18722,81117,12.0,3826526,3732,4771.0,3860712780.0,432278,26.0,78.0,47.0,3732,68,622915,1685,82.0,16064,0.74136573,0.25863427,0
2025-07-30T18:18:51.938595,17817,88623,10.0,4063215,5487,4552.0,4287080061.0,424494,26.0,63.0,46.0,5487,66,619867,1599,115.0,16033,0.83617765,0.16382235,0
2025-07-30T18:18:57.055294,17761,81979,11.0,3695110,3048,4230.0,3604724045.0,436639,25.0,73.0,49.0,3048,69,629578,1463,18.0,16025,0.8026683,0.19733174,0
2025-07-30T18:19:02.232644,17764,110627,10.0,3943016,3013,4449.0,3757312458.0,432132,26.0,69.0,47.0,3013,68,637162,1537,23.0,17725,0.21491683,0.7850832,1
2025-07-30T18:19:09.272610,16981,79101,8.0,4023251,3247,4810.0,3690357112.0,434425,26.0,57.0,48.0,3247,66,622778,1683,24.0,16353,0.30934393,0.69065607,1
2025-07-30T18:19:52.898544,19587,89377,10.0,3890712,2176,4755.0,3817777953.0,433214,25.0,83.0,48.0,2176,66,640281,1976,26.0,15390,0.7679586,0.23204142,0
2025-07-30T18:20:12.151358,19885,92434,998068.0,5824928,4016,41863.0,75961557261.0,433681,228.0,2994573.0,386.0,4016,64,964781,1684,373.0,15965,0.39093864,0.60906136,1
2025-07-30T18:29:32.940083,20706,95673,466114.0,4110647,3881,19292.0,35244077750.0,684331,101.0,1398554.0,177.0,3881,66,641258,1710,118.0,15502,0.09383929,0.9061607,1
2025-07-30T18:29:38.133299,17989,83264,12521639.0,4034957,3180,524827.0,949636157758.0,440094,2838.0,37569400.0,5047.0,3180,65,630652,1483,4855.0,15319,0.17891014,0.82108986,1
2025-07-30T18:29:43.286217,17763,83416,12.0,3934235,3064,4794.0,3710983635.0,435190,25.0,81.0,52.0,3064,68,640043,1520,119.0,16318,0.18940079,0.8105992,1
2025-07-30T18:29:48.445871,17097,85213,9.0,3679689,2999,4799.0,3799001635.0,433437,26.0,55.0,49.0,2999,65,623889,1642,47.0,16434,0.5462098,0.4537902,0
2025-07-30T18:29:53.608829,17492,85125,11.0,3799137,2987,4826.0,3946736836.0,430366,26.0,78.0,48.0,2987,56,623821,1634,23.0,15878,0.7532785,0.24672148,0
2025-07-30T18:29:58.783575,17817,81451,9.0,3965394,3012,4809.0,3690658079.0,424841,25.0,71.0,47.0,3012,67,631414,1468,24.0,15604,0.81013435,0.18986565,0
2025-07-30T18:30:03.912215,17814,78780,9.0,3840495,3343,4539.0,3809053275.0,437577,26.0,61.0,48.0,3343,65,643776,1526,20.0,15253,0.59816813,0.40183184,0
2025-07-30T18:30:09.033616,16978,76460,15.0,3972051,3241,3933.0,3747535103.0,425382,27.0,95.0,52.0,3241,66,623425,1485,22.0,16198,0.5889364,0.4110636,0
2025-07-30T18:30:14.182874,17195,76109,13.0,3768689,3601,4807.0,3882619455.0,434579,63.0,62.0,47.0,3601,65,634658,1597,147.0,15673,0.63949656,0.36050346,0
2025-07-30T18:30:19.321517,17557,86749,9.0,3722683,4063,4866.0,3760683536.0,429423,25.0,55.0,50.0,4063,63,650321,1761,116.0,15308,0.93574613,0.06425387,0
2025-07-30T18:30:24.455499,17882,81767,10.0,3775657,2872,4785.0,3866460988.0,433859,26.0,67.0,48.0,2872,63,638763,1633,21.0,16166,0.85199976,0.14800026,0
2025-07-30T18:30:29.590404,17730,80180,9.0,3979158,3203,4791.0,3790113512.0,431784,26.0,60.0,46.0,3203,65,635889,1594,22.0,16445,0.69046557,0.30953446,0
2025-07-30T18:30:34.738509,17902,73844,9.0,3833712,3119,4794.0,3735402012.0,431686,26.0,64.0,47.0,3119,67,627662,1564,22.0,15365,0.64350593,0.35649407,0
2025-07-30T18:30:39.959827,18976,83749,11.0,3818586,3509,4768.0,3730260943.0,435516,26.0,75.0,49.0,3509,67,635739,1753,18.0,16048,0.7162212,0.28377876,0
2025-07-30T18:30:45.083510,17920,76661,8.0,3833909,3159,4794.0,3894525571.0,433550,25.0,55.0,46.0,3159,67,627928,1429,20.0,16029,0.71710867,0.28289133,0
2025-07-30T18:30:50.227532,17205,81840,22.0,3742751,3237,9599.0,8027316870.0,434946,52.0,150.0,96.0,3237,65,638709,1637,106.0,16149,0.661983,0.33801702,0
2025-07-30T18:30:55.380328,17190,83748,8.0,3912635,3160,4814.0,3769388271.0,438643,26.0,66.0,47.0,3160,65,627133,1705,62.0,15956,0.82450914,0.17549083,0
2025-07-30T18:31:00.516242,17490,88385,13.0,3930180,3123,4802.0,3803840335.0,430775,26.0,78.0,50.0,3123,63,627806,1722,17.0,15531,0.8089074,0.19109264,0
2025-07-30T18:31:05.662232,20199,80937,8.0,3891526,3792,4069.0,3587181832.0,427180,26.0,58.0,47.0,3792,60,640598,1636,26.0,15560,0.9127667,0.08723332,0
2025-07-30T18:31:10.820150,17684,81324,10.0,3849193,3000,4391.0,3760737145.0,432243,25.0,66.0,51.0,3000,68,650268,1505,29.0,15561,0.87807226,0.12192774,0
2025-07-30T18:31:15.960646,17543,79618,11.0,4084615,3064,4876.0,3880648009.0,438980,26.0,74.0,48.0,3064,69,634005,1480,18.0,15392,0.59626985,0.40373018,0
2025-07-30T18:31:21.080896,16805,78270,9.0,3846929,2996,4782.0,3870228852.0,435331,26.0,60.0,47.0,2996,62,629913,1454,106.0,16511,0.53917223,0.46082777,0
2025-07-30T18:31:26.248513,20915,78085,9.0,3750798,3882,4808.0,3718837023.0,430280,26.0,67.0,50.0,3882,60,639768,1601,104.0,15703,0.7643038,0.2356962,0
2025-07-30T18:31:31.393180,18195,78501,12.0,3856239,3223,4798.0,3857775192.0,450526,26.0,81.0,48.0,3223,61,636311,1592,18.0,15713,0.8809001,0.119099915,0
2025-07-30T18:31:36.518691,17475,80705,8.0,3688641,3224,4768.0,3744290852.0,431413,25.0,51.0,46.0,3224,72,634355,1548,18.0,16370,0.6659525,0.3340475,0
2025-07-30T18:31:41.823057,17036,79492,10.0,3788812,4967,4824.0,3766738514.0,434756,27.0,80.0,49.0,4967,69,627032,1733,28.0,16143,0.46271157,0.5372884,1
2025-07-30T18:31:46.962336,17518,82613,12.0,3795386,3738,4770.0,3760954774.0,430603,25.0,77.0,47.0,3738,67,630602,1688,43.0,15871,0.66661286,0.3333871,0
2025-07-30T18:31:52.081433,19354,79847,8.0,3961172,4097,4826.0,4167157251.0,433533,26.0,68.0,48.0,4099,63,626088,1957,18.0,16391,0.88669324,0.11330679,0
2025-07-30T18:31:57.237635,17971,82429,10.0,4027658,3036,4806.0,3776943051.0,430483,26.0,67.0,47.0,3036,64,637450,1554,18.0,15737,0.9460943,0.05390573,0
2025-07-30T18:32:02.394620,18530,78228,10.0,3783413,3232,4779.0,3758119021.0,435130,25.0,67.0,47.0,3232,68,646065,1589,105.0,15865,0.7139048,0.2860952,0
2025-07-30T18:32:07.533027,17764,88147,9.0,3915844,3416,4397.0,3717880596.0,437145,26.0,61.0,48.0,3416,62,625666,1574,20.0,16110,0.70804274,0.29195726,0
2025-07-30T18:32:12.648125,17984,86329,11.0,3762427,3066,4061.0,3778877891.0,429997,26.0,72.0,48.0,3066,171,632058,1629,29.0,16159,0.1954999,0.8045001,1
2025-07-30T18:32:17.783429,17520,91221,8.0,3776362,3211,4860.0,3700506461.0,433515,25.0,55.0,47.0,3211,64,627633,1543,22.0,15536,0.0724749,0.9275251,1
2025-07-30T18:32:22.913509,16976,78482,10.0,4050494,2547,4790.0,3870158434.0,433576,26.0,72.0,50.0,2547,66,623706,1747,20.0,15899,0.69215167,0.30784836,0
2025-07-30T18:32:28.076849,17968,76877,12.0,3860745,3145,4821.0,3826750851.0,427532,26.0,94.0,53.0,3145,64,636185,1562,55.0,15484,0.7016417,0.29835835,0
2025-07-30T18:32:33.226029,18239,80085,9.0,3928704,3269,4795.0,3704442792.0,432466,26.0,54.0,46.0,3269,67,626384,1634,120.0,15740,0.73145926,0.26854074,0
2025-07-30T18:32:38.341474,17503,79767,10.0,3724444,4391,4794.0,3925217384.0,433597,26.0,72.0,49.0,4391,66,637223,1655,30.0,16216,0.66103953,0.33896047,0
2025-07-30T18:32:43.456308,18206,80564,9.0,3778102,3236,4798.0,3884807351.0,435294,26.0,66.0,47.0,3236,67,624041,1471,112.0,15396,0.68425846,0.3157415,0
2025-07-30T18:32:48.602923,17251,82772,8.0,3771142,3066,4778.0,3630836617.0,440739,25.0,66.0,48.0,3066,65,638954,1497,86.0,15611,0.6551466,0.3448534,0
2025-07-30T18:32:53.838480,16684,78296,10.0,3853253,3345,4812.0,3884592775.0,437495,26.0,79.0,48.0,3345,69,629533,1973,20.0,15657,0.70797074,0.29202926,0
2025-07-30T18:32:58.968093,17571,84863,9.0,3870272,5120,4821.0,3799764943.0,438946,26.0,59.0,47.0,5120,63,630743,1892,18.0,15296,0.959117,0.040883016,0
2025-07-30T18:33:04.107782,17560,79334,10.0,3803278,3084,4797.0,3899909257.0,433416,26.0,62.0,48.0,3084,67,633949,1468,18.0,16109,0.86320734,0.13679263,0
2025-07-30T18:33:09.238202,18120,82124,12.0,3707734,3394,4683.0,3768141715.0,441495,63.0,78.0,48.0,3394,66,629037,1540,30.0,16992,0.5199537,0.4800463,0
2025-07-30T18:33:14.363929,17366,83001,8.0,3903709,3126,4112.0,3729671986.0,431049,26.0,52.0,48.0,3126,60,628592,1459,27.0,15632,0.85493326,0.14506677,0
2025-07-30T18:33:19.498235,17499,85992,10.0,3805072,3464,4556.0,3899478745.0,431917,26.0,69.0,49.0,3464,66,628617,1502,184.0,15345,0.7921958,0.20780419,0
2025-07-30T18:33:24.631925,17330,90845,9.0,3853640,3043,4792.0,3858540910.0,436562,26.0,74.0,46.0,3043,67,621192,1689,20.0,15846,0.71853065,0.28146932,0
2025-07-30T18:33:29.752929,20258,101761,8.0,3865989,3617,4786.0,3787290674.0,436571,25.0,53.0,47.0,3617,62,629075,1567,80.0,15551,0.83028144,0.16971858,0
2025-07-30T18:33:34.895602,23312,84844,14.0,3801737,3129,4796.0,3791874768.0,432852,26.0,84.0,50.0,3129,69,631805,1651,78.0,15834,0.94165987,0.05834012,0
2025-07-30T18:33:40.079193,17692,96469,9.0,3723500,2948,4783.0,3795197759.0,426085,26.0,59.0,46.0,2948,59,630378,1549,20.0,15029,0.9370439,0.06295609,0
2025-07-30T18:33:45.225894,17703,81007,18.0,4048728,3161,9587.0,7591089478.0,425066,51.0,128.0,95.0,3161,63,641083,1561,42.0,15941,0.79293007,0.20706992,0
2025-07-30T18:33:50.353266,17402,81659,9.0,3919782,3461,4813.0,3757476545.0,443303,26.0,67.0,47.0,3461,66,643063,1693,72.0,15925,0.7907678,0.20923223,0
2025-07-30T18:33:55.508215,19290,83467,8.0,3901205,2915,4817.0,3801956960.0,439180,26.0,68.0,48.0,2915,72,630163,1633,20.0,15711,0.74115944,0.25884056,0
2025-07-30T18:34:00.664859,18001,86300,12.0,3995898,3261,4811.0,3712313113.0,430755,26.0,79.0,48.0,3261,67,633311,1639,100.0,17121,0.68463314,0.3153669,0
2025-07-30T18:34:05.800523,17597,79038,8.0,3992142,3349,4819.0,3819961800.0,427018,26.0,54.0,46.0,3349,65,625513,1644,22.0,15819,0.604311,0.39568904,0
2025-07-30T18:34:10.934836,18254,75104,11.0,3726824,3200,4249.0,3751907810.0,427548,25.0,72.0,49.0,3200,67,631559,1476,88.0,16103,0.6344538,0.36554626,0
2025-07-30T18:34:16.114280,20676,75777,1997.0,3787656,3988,4337.0,3992590440.0,434245,63.0,8126.0,101.0,3988,65,634125,1918,309.0,16898,0.707916,0.292084,0
2025-07-30T18:34:21.240893,19318,78801,3986.0,3884993,3477,4868.0,4479180586.0,440159,65.0,16179.0,156.0,3477,160,767289,1832,806.0,16167,0.106775284,0.8932247,1
2025-07-30T18:34:26.375699,18101,78054,3987.0,3944193,2957,4864.0,4446698808.0,446917,66.0,16192.0,155.0,2957,64,630772,1521,504.0,16150,0.014693081,0.9853069,1
2025-07-30T18:34:31.516855,17675,81721,3984.0,4025669,3053,4885.0,4483618596.0,442513,65.0,16176.0,155.0,3053,66,635550,1556,454.0,15637,0.7948793,0.20512071,0
2025-07-30T18:34:36.683764,18598,86318,3469.0,4070484,3497,4854.0,4288274729.0,432960,65.0,14084.0,143.0,3497,67,635483,1664,990.0,16786,0.54912615,0.45087388,0
2025-07-30T18:34:41.802579,15460,81100,4505.0,3753479,3190,4898.0,4621393503.0,435232,67.0,18302.0,171.0,3190,67,632087,1634,525.0,16925,0.2941457,0.7058543,1
2025-07-30T18:34:47.035941,21721,83433,3985.0,3650649,3571,4870.0,4498586576.0,485442,25.0,16190.0,154.0,3571,65,627478,2073,450.0,16224,0.8328968,0.16710316,0
2025-07-30T18:34:52.205941,17845,86941,3984.0,3806828,3047,5010.0,4470460039.0,446768,66.0,16233.0,158.0,3047,65,633277,1566,480.0,15835,0.95195633,0.048043683,0
2025-07-30T18:34:57.324070,19118,78289,3988.0,3638905,3658,4903.0,4698612995.0,430803,67.0,16200.0,156.0,3658,73,638945,1607,1270.0,16130,0.6711091,0.32889095,0
2025-07-30T18:35:02.496810,18339,82885,3984.0,4453927,3078,4883.0,4606145149.0,429555,66.0,16171.0,155.0,3078,65,636415,1590,498.0,15604,0.62608063,0.3739194,0
2025-07-30T18:35:07.619261,17889,83845,4487.0,3777997,3404,4630.0,4461801159.0,431275,66.0,18212.0,168.0,3404,64,633174,1541,571.0,16045,0.76232505,0.23767495,0
2025-07-30T18:35:12.764315,17979,79623,4479.0,3944028,3481,4037.0,4537927553.0,424954,67.0,18204.0,169.0,3481,62,635746,1579,533.0,20197,0.52091193,0.47908807,0
2025-07-30T18:35:17.943149,17785,83129,3984.0,3894080,3637,4961.0,4391928486.0,434584,25.0,16180.0,155.0,3637,64,619153,2003,495.0,15864,0.70329416,0.2967058,0
2025-07-30T18:35:23.069258,17517,81636,3986.0,3883410,3009,4880.0,4655156423.0,432673,66.0,16186.0,156.0,3009,65,633077,1660,482.0,15790,0.72238773,0.27761227,0
2025-07-30T18:35:28.266529,14290,79917,3986.0,3731275,2882,4874.0,4519829667.0,445369,67.0,16185.0,156.0,2882,66,641735,1560,454.0,17006,0.608871,0.391129,0
2025-07-30T18:35:33.388749,18778,84515,3984.0,4207906,3959,4895.0,4568658208.0,432176,66.0,16174.0,156.0,3959,63,648363,1514,1392.0,15873,0.5163003,0.4836997,0
2025-07-30T18:35:38.539836,19891,88376,3988.0,3943622,4272,4869.0,4434551584.0,441396,66.0,16197.0,156.0,4272,77,651061,1669,450.0,15657,0.525725,0.47427496,0
2025-07-30T18:35:43.702616,17364,76181,4978.0,3763350,2879,4901.0,4724702716.0,435812,66.0,20205.0,182.0,2879,64,637675,1554,566.0,15771,0.732843,0.26715702,0
2025-07-30T18:35:48.860658,17439,77549,3986.0,3917593,3964,4873.0,4385045407.0,434721,26.0,16189.0,157.0,3964,63,632982,1766,452.0,16542,0.7465868,0.2534132,0
2025-07-30T18:35:53.978567,17717,79036,3988.0,3782640,4560,4897.0,4553788089.0,443870,66.0,16206.0,155.0,4560,67,644793,1786,482.0,15964,0.5113349,0.4886651,0
2025-07-30T18:35:59.135140,19855,83886,3984.0,3853203,3589,4907.0,4591106763.0,439545,66.0,16170.0,155.0,3589,64,637469,1764,453.0,15475,0.9336809,0.066319115,0
2025-07-30T18:36:04.290181,17252,86411,3986.0,4407781,6377,4894.0,4466150495.0,435516,67.0,16192.0,157.0,6377,66,623660,1770,1356.0,16004,0.8445597,0.15544027,0
2025-07-30T18:36:09.423823,18216,85055,3986.0,3944785,3413,4347.0,4465849305.0,429345,66.0,16183.0,155.0,3413,169,637479,1805,457.0,15395,0.037869453,0.96213055,1
2025-07-30T18:36:14.587570,17856,82808,3984.0,3995522,3264,4280.0,4444322980.0,434816,25.0,16179.0,156.0,3264,64,634270,1597,452.0,16584,0.012218893,0.9877811,1
2025-07-30T18:36:19.708053,17035,84697,4981.0,3980176,3474,4991.0,4658495116.0,440582,67.0,20225.0,182.0,3474,67,631442,1629,536.0,16570,0.51647186,0.48352814,0
2025-07-30T18:36:24.841623,18248,81488,3986.0,4020196,4321,4879.0,4471264259.0,432658,66.0,16189.0,157.0,4388,67,639259,2601,533.0,15347,0.71170324,0.28829676,0
2025-07-30T18:36:29.980559,17197,79252,3983.0,3750771,3215,4887.0,4491122567.0,709676,67.0,16190.0,155.0,3215,68,633137,1632,496.0,15710,0.8552317,0.14476828,0
2025-07-30T18:36:35.149101,17424,80970,7972.0,3989955,3157,9758.0,8981936135.0,437068,133.0,32378.0,310.0,3157,65,640669,1618,1817.0,16209,0.6058265,0.3941735,0
2025-07-30T18:36:40.302665,17921,81638,3986.0,3850290,3196,4887.0,4476135986.0,425979,25.0,16190.0,157.0,3196,66,629420,1572,450.0,15733,0.70856506,0.29143494,0
2025-07-30T18:36:45.447972,19028,100437,3985.0,3963216,3385,4886.0,4540966038.0,440509,67.0,16182.0,154.0,3385,69,705184,1635,486.0,16089,0.5247257,0.47527435,0
2025-07-30T18:36:50.586602,20337,79485,4980.0,4265027,3274,4918.0,5100855225.0,428574,66.0,20218.0,183.0,3274,72,657987,1653,1290.0,15421,0.32276493,0.67723507,1
2025-07-30T18:36:55.768762,19006,101647,3989.0,3875687,3356,4912.0,4515569341.0,435972,67.0,16199.0,157.0,3356,65,639425,1583,494.0,15982,0.53663665,0.46336335,0
2025-07-30T18:37:00.934674,20752,79478,3985.0,3922546,3502,4792.0,4532866812.0,426992,66.0,16184.0,155.0,3502,75,644193,1698,482.0,16152,0.6311313,0.36886868,0
2025-07-30T18:37:06.072709,17639,80704,3985.0,3684366,3070,4099.0,4281326952.0,442050,66.0,16177.0,156.0,3070,63,633644,1680,491.0,16487,0.7966172,0.2033828,0
2025-07-30T18:37:11.279233,17750,101148,3986.0,3890794,3130,4619.0,4680879441.0,439306,25.0,16191.0,156.0,3130,80,633528,1389,1118.0,15797,0.54433954,0.45566043,0
2025-07-30T18:37:16.421025,16692,84242,3987.0,5898836,3178,4971.0,4539921181.0,430219,67.0,16185.0,155.0,3178,65,638277,1514,450.0,16095,0.032375038,0.96762496,1
2025-07-30T18:37:21.568047,19115,91982,4978.0,3858015,3286,4899.0,4642320140.0,424362,66.0,20214.0,182.0,3286,63,650688,1648,564.0,16141,0.35365343,0.64634657,1
2025-07-30T18:37:26.693065,17168,81683,3987.0,3803111,3288,4905.0,4621472450.0,431074,66.0,16212.0,160.0,3288,63,647459,1696,1140.0,24191,0.13879925,0.86120075,1
2025-07-30T18:37:31.848275,22866,85336,3984.0,3983910,3006,4893.0,4479626543.0,660787,67.0,16172.0,155.0,3006,69,627001,1664,454.0,16928,0.102304995,0.897695,1
2025-07-30T18:37:37.010281,17256,81726,3987.0,3808815,3018,4855.0,4473699315.0,429053,65.0,16190.0,156.0,3018,66,624515,1571,450.0,15520,0.8223249,0.17767513,0
2025-07-30T18:37:42.138690,20114,89176,3985.0,3824490,3557,4888.0,4573616441.0,443054,26.0,16186.0,155.0,3557,67,647517,1740,454.0,15738,0.87780887,0.122191146,0
2025-07-30T18:37:47.288428,17408,80693,3984.0,3935274,3043,4875.0,4468327434.0,449627,66.0,16173.0,156.0,3043,66,620863,1606,492.0,15704,0.8594454,0.14055459,0
2025-07-30T18:37:52.472625,17942,91444,3987.0,3928206,2965,4915.0,4546631073.0,438244,67.0,16201.0,156.0,2965,70,630991,1554,450.0,15909,0.7289084,0.27109158,0
2025-07-30T18:37:57.663621,16966,85093,4979.0,3897618,3379,4913.0,4701842596.0,436186,66.0,20210.0,183.0,3379,63,639471,1590,1486.0,15436,0.61937183,0.38062817,0
2025-07-30T18:38:02.795762,20164,80488,3986.0,4716035,3622,4183.0,4378265361.0,438923,67.0,16187.0,158.0,3622,61,642727,1576,508.0,16880,0.7071041,0.2928959,0
2025-07-30T18:38:07.955778,18182,79168,3988.0,3704334,3142,4441.0,4418046216.0,559167,66.0,16200.0,155.0,3142,155,634537,1852,505.0,16611,0.08826399,0.911736,1
2025-07-30T18:38:13.074970,16902,84736,3985.0,3821977,3212,4886.0,4474217366.0,430558,25.0,16188.0,155.0,3212,66,635786,1585,489.0,15261,0.021478236,0.97852176,1
2025-07-30T18:38:18.278672,18235,79892,3984.0,3958053,3127,4970.0,4510079232.0,434403,67.0,16181.0,156.0,3127,67,631954,1486,480.0,15752,0.58968365,0.41031635,0
2025-07-30T18:38:23.432124,20074,81020,3988.0,3928954,3658,4874.0,4304853774.0,433048,65.0,16196.0,156.0,3658,64,641208,1565,485.0,16029,0.84437305,0.15562695,0
2025-07-30T18:38:28.563170,17754,91081,2990.0,3870514,3168,4847.0,4441119652.0,448491,65.0,12145.0,128.0,3168,67,636268,1570,1227.0,29092,0.13547683,0.8645232,1
2025-07-30T18:38:33.699599,18724,86602,3986.0,3821646,3158,4877.0,4418392752.0,430337,65.0,16187.0,157.0,3158,68,618588,1586,484.0,16075,0.017419875,0.9825801,1
2025-07-30T18:38:38.896781,17666,78686,3986.0,3907370,3221,4843.0,4246107096.0,434851,65.0,16193.0,155.0,3221,62,638892,1772,260.0,16130,0.80146426,0.19853574,0
2025-07-30T18:38:44.089890,20397,82497,3984.0,4013393,3725,4921.0,4713873679.0,427986,66.0,16176.0,156.0,3725,68,638853,1666,664.0,15329,0.8717122,0.1282878,0
2025-07-30T18:38:49.237355,18209,84764,3986.0,4029685,3230,4884.0,4662291412.0,432515,67.0,16186.0,156.0,3230,72,641596,1533,1212.0,15963,0.6784284,0.3215716,0
2025-07-30T18:38:54.377301,22687,83357,4592.0,3764363,3359,4920.0,4699251231.0,438031,66.0,18684.0,178.0,3359,65,631929,1573,558.0,15836,0.68285656,0.31714347,0
2025-07-30T18:38:59.559925,17017,101664,4371.0,4028176,3201,4587.0,4425205949.0,431594,67.0,17724.0,159.0,3201,63,634917,1520,560.0,16040,0.86345744,0.13654256,0
2025-07-30T18:39:04.726653,16842,81093,3987.0,3831907,2899,4069.0,4489901120.0,438070,25.0,16194.0,156.0,2899,63,645864,1607,478.0,15806,0.64060664,0.35939333,0
2025-07-30T18:39:09.867303,17688,80332,3985.0,3744790,3396,4922.0,4487692279.0,448786,67.0,16173.0,155.0,3396,68,652705,1904,505.0,15531,0.8107212,0.1892788,0
2025-07-30T18:39:15.001330,22217,80218,3986.0,3731339,3050,4976.0,6492130367.0,680078,66.0,16189.0,158.0,3050,69,634800,1533,1095.0,14924,0.9217255,0.07827448,0
2025-07-30T18:39:20.107010,16354,111132,7980.0,4174877,1751,9928.0,11064779138.0,434412,132.0,32366.0,311.0,1751,70,633765,1867,1653.0,16104,0.8824415,0.117558464,0
2025-07-30T18:39:25.239908,18105,78296,4387.0,4516741,3568,4927.0,4569994611.0,429873,67.0,17833.0,172.0,3568,68,638587,1651,512.0,15740,0.7564303,0.24356969,0
2025-07-30T18:39:30.382720,18341,84970,4578.0,3772083,3142,4892.0,4476772691.0,434781,25.0,18579.0,167.0,3142,60,645186,1482,502.0,15894,0.81736803,0.182632,0
2025-07-30T18:39:35.627016,17493,116078,3984.0,3877098,3013,4888.0,4408001881.0,434442,67.0,16177.0,155.0,3013,72,638651,1499,450.0,15833,0.40722978,0.5927702,1
2025-07-30T18:39:40.763476,17932,86344,3986.0,3865311,2652,4895.0,4629414254.0,705798,66.0,16200.0,156.0,2652,64,630362,1891,450.0,15611,0.46325874,0.53674126,1
2025-07-30T18:39:45.900129,18346,84550,3985.0,3697318,3408,4868.0,4523589368.0,429073,66.0,16179.0,155.0,3408,56,625816,1678,1095.0,15775,0.98723036,0.012769649,0
2025-07-30T18:39:51.056650,17356,84619,3986.0,4341758,3328,4853.0,4532232722.0,434964,25.0,16205.0,156.0,3328,67,631666,1541,950.0,15356,0.92265505,0.07734495,0
2025-07-30T18:39:56.216660,20978,80468,4981.0,4028520,2112,4212.0,4567410546.0,429886,68.0,20220.0,183.0,2112,71,661992,1925,557.0,15722,0.6394133,0.3605867,0
2025-07-30T18:40:01.353815,18012,97462,3984.0,3883199,3150,4577.0,4449361184.0,427442,67.0,16177.0,154.0,3150,121,634438,1586,453.0,16613,0.33747852,0.6625215,1
2025-07-30T18:40:06.493450,18414,87719,3987.0,3728992,3205,4878.0,4450894290.0,430397,66.0,16190.0,157.0,3205,70,646362,1630,1197.0,15259,0.019488454,0.98051155,1
2025-07-30T18:40:11.604280,23822,82225,3985.0,3798851,3170,4885.0,4586981898.0,435223,66.0,16184.0,155.0,3170,64,631572,1452,451.0,15826,0.8623141,0.13768592,0
2025-07-30T18:40:16.736422,19116,78664,3984.0,3897031,3610,4979.0,4648686699.0,429859,67.0,16186.0,156.0,3610,73,638189,1936,454.0,17188,0.8865604,0.11343964,0
2025-07-30T18:40:21.901473,18014,80436,3990.0,3885816,3160,4881.0,4494012618.0,444436,25.0,16213.0,157.0,3160,78,637338,1499,1146.0,15627,0.48272836,0.51727164,1
2025-07-30T18:40:27.075053,18465,82234,3985.0,3907699,3712,4893.0,4492121915.0,436300,67.0,16185.0,155.0,3712,68,640843,1768,458.0,15847,0.2268039,0.7731961,1
2025-07-30T18:40:32.263248,19202,76533,4747.0,4079768,3151,4921.0,4706000452.0,447461,67.0,19264.0,173.0,3151,63,648129,1571,489.0,16202,0.85269177,0.14730823,0
2025-07-30T18:40:37.424952,19319,80289,4218.0,3978052,4509,4870.0,4579826757.0,435286,66.0,17137.0,165.0,4509,60,647669,1506,525.0,15905,0.9166933,0.08330671,0
2025-07-30T18:40:42.561220,16555,83348,3985.0,3993201,2994,4894.0,4605914617.0,422814,66.0,16175.0,155.0,2994,61,629394,1601,450.0,15783,0.94230795,0.057692055,0
2025-07-30T18:40:47.707227,17443,85045,3984.0,3821338,3274,4893.0,4382057780.0,435143,67.0,16183.0,156.0,3274,63,631320,1717,452.0,15845,0.84688765,0.15311237,0
2025-07-30T18:40:53.025217,18970,83640,3987.0,4509763,4290,4899.0,4682247813.0,433288,25.0,16202.0,156.0,4290,66,633780,2020,1420.0,17182,0.4310267,0.5689733,1
2025-07-30T18:40:58.206352,17570,81169,3984.0,3775642,3315,4419.0,4375483397.0,441785,66.0,16175.0,155.0,3315,67,634962,1630,456.0,15675,0.12153691,0.8784631,1
2025-07-30T18:41:03.322841,17907,81862,3986.0,3817261,2964,4260.0,4727020389.0,444676,67.0,16186.0,157.0,2964,66,638819,1695,452.0,15869,0.8603911,0.13960892,0
2025-07-30T18:41:08.499907,19313,85928,4980.0,4093027,3709,4898.0,4658124933.0,431205,66.0,20220.0,182.0,3709,70,636937,1706,550.0,16151,0.81566954,0.18433046,0
2025-07-30T18:41:13.651779,18810,84341,3984.0,3758338,2985,4879.0,4564545483.0,440179,66.0,16175.0,155.0,2985,63,658920,1522,1246.0,15478,0.7118791,0.28812093,0
2025-07-30T18:41:18.808180,17421,78833,3987.0,4014761,3337,4954.0,4484402939.0,432851,66.0,16197.0,156.0,3337,71,629957,1594,451.0,15654,0.6921582,0.30784178,0
2025-07-30T18:41:24.033351,17749,84325,3984.0,3841086,3127,4886.0,4628499964.0,433842,65.0,16181.0,155.0,3127,68,628212,1628,1032.0,15084,0.7021334,0.29786655,0
2025-07-30T18:41:29.155549,18272,79289,3987.0,3806636,3839,4905.0,4532907220.0,439523,26.0,16194.0,158.0,3839,64,640221,1692,534.0,16340,0.66924673,0.33075327,0
2025-07-30T18:41:34.337388,16418,79505,3987.0,3857311,2998,4897.0,4554984894.0,433278,67.0,16202.0,156.0,2998,62,621620,1523,454.0,16443,0.56131065,0.43868932,0
2025-07-30T18:41:39.463173,17184,80370,4480.0,3942457,2986,4897.0,4424008961.0,436145,66.0,18200.0,163.0,2986,66,620639,1623,469.0,15118,0.82624584,0.17375414,0
2025-07-30T18:41:44.618211,18000,80895,4484.0,5158781,3333,4885.0,4716706168.0,444885,66.0,18193.0,173.0,3333,60,637480,1594,1237.0,15481,0.75289077,0.24710922,0
2025-07-30T18:41:49.787112,18620,80245,3987.0,3690642,3465,4887.0,4444242159.0,433759,67.0,16190.0,156.0,3465,58,623771,1739,452.0,15781,0.8447052,0.15529478,0
2025-07-30T18:41:54.925319,20670,110369,3984.0,3997373,3286,4853.0,4603084630.0,438893,66.0,16180.0,155.0,3286,64,645339,1580,454.0,15127,0.96855885,0.03144115,0
2025-07-30T18:42:00.088281,17614,78760,3986.0,3815874,3197,4268.0,4446111266.0,427723,25.0,16201.0,156.0,3197,63,634777,1452,1173.0,18571,0.61150515,0.38849482,0
2025-07-30T18:42:05.234910,16803,77989,7970.0,3723199,3196,9342.0,8764977906.0,445769,133.0,32363.0,311.0,3196,63,634092,1636,907.0,15750,0.43878186,0.56121814,1
2025-07-30T18:42:10.466316,21003,82168,3986.0,4039637,3673,4884.0,4546466732.0,439498,66.0,16187.0,156.0,3673,67,642759,1703,1138.0,15507,0.87675273,0.12324725,0
2025-07-30T18:42:15.613943,18846,84203,4004.0,3785883,3173,4980.0,4552374802.0,433991,67.0,16261.0,156.0,3173,66,637775,1557,450.0,15555,0.7805445,0.21945545,0
2025-07-30T18:42:20.762142,17883,79028,3966.0,3803276,2893,4894.0,4506186964.0,438968,65.0,16099.0,156.0,2893,68,645138,1525,452.0,16137,0.7959062,0.20409378,0
2025-07-30T18:42:25.987107,18638,79256,3988.0,3832530,3708,4916.0,4483923800.0,435995,65.0,16210.0,160.0,3708,63,628384,1696,498.0,15700,0.7989352,0.20106481,0
2025-07-30T18:42:31.109918,19302,93396,3984.0,3857120,2920,4894.0,4387875952.0,428010,66.0,16170.0,155.0,2920,65,720209,1614,450.0,15461,0.92699766,0.07300231,0
2025-07-30T18:42:36.254656,18075,78756,2993.0,6817490,3151,4870.0,4305163947.0,441555,25.0,12170.0,131.0,3151,62,635593,1452,353.0,15503,0.71364105,0.28635892,0
2025-07-30T18:42:41.389346,17907,81168,4712.0,3995492,3291,4920.0,4894090667.0,434540,66.0,19136.0,177.0,3291,65,631262,1721,1397.0,15777,0.27930188,0.7206981,1
2025-07-30T18:42:46.536319,23726,78568,4256.0,4395572,3688,4877.0,4462272605.0,438230,66.0,17269.0,161.0,3688,65,854909,1644,512.0,15696,0.7962072,0.20379284,0
2025-07-30T18:42:51.751793,17513,83689,3988.0,3836525,3216,4400.0,4791769013.0,437069,66.0,16204.0,157.0,3216,77,630915,1606,452.0,15461,0.8439306,0.15606943,0
2025-07-30T18:42:56.905865,17606,112230,3985.0,3741191,3264,4299.0,4542617652.0,433488,67.0,16182.0,154.0,3264,69,634301,1607,1100.0,15197,0.40096658,0.5990334,1
2025-07-30T18:43:02.052247,17641,77640,3984.0,4091633,3189,4896.0,4528489872.0,432184,67.0,16189.0,156.0,3189,63,637835,1624,450.0,18478,0.18451971,0.8154803,1
2025-07-30T18:43:07.196546,16928,76340,3988.0,3713869,2859,4874.0,4428220841.0,494315,25.0,16192.0,156.0,2859,70,636143,1875,457.0,16836,0.63959384,0.36040613,0
2025-07-30T18:43:12.355138,20541,83680,3985.0,3717861,3444,4889.0,4595184551.0,567012,66.0,16193.0,155.0,3444,65,633906,1820,1095.0,15569,0.5538806,0.44611943,0
2025-07-30T18:43:17.499991,17358,78348,4978.0,3870455,3254,4997.0,4775197430.0,435557,67.0,20204.0,183.0,3254,64,632114,1613,672.0,16372,0.6320789,0.36792108,0
2025-07-30T18:43:22.686461,16525,81086,3987.0,3841594,3111,4892.0,4528058912.0,429543,66.0,16192.0,156.0,3111,62,629831,1615,454.0,15641,0.7727438,0.2272562,0
2025-07-30T18:43:27.845360,17183,76121,3984.0,4065927,3140,4888.0,4498959602.0,433850,67.0,16175.0,155.0,3140,76,632350,1535,451.0,16063,0.7138265,0.28617352,0
2025-07-30T18:43:32.978406,21719,84371,3986.0,4136083,3722,4912.0,4682750696.0,431054,67.0,16187.0,157.0,3722,64,670512,1688,450.0,16078,0.807169,0.19283096,0
2025-07-30T18:43:38.095109,17210,82868,3986.0,3734983,3239,4874.0,4575594371.0,423644,25.0,16191.0,155.0,3239,73,631297,1567,1215.0,15690,0.7556564,0.24434358,0
2025-07-30T18:43:43.219992,18584,86856,3984.0,3744397,4795,4910.0,4526019273.0,426078,67.0,16180.0,157.0,4795,65,645112,1835,454.0,15366,0.35348523,0.6465148,1
2025-07-30T18:43:48.357439,18625,79370,3989.0,4113392,3280,4876.0,4466397047.0,437258,67.0,16214.0,158.0,3280,67,638352,1618,1039.0,15476,0.8720026,0.12799738,0
2025-07-30T18:43:53.513327,16944,87389,4979.0,3830170,2927,4372.0,4565931928.0,443728,66.0,20224.0,181.0,2927,64,626951,1583,651.0,15927,0.6688782,0.33112183,0
2025-07-30T18:43:58.671703,19971,83711,3984.0,3909497,5257,4351.0,4486892395.0,436272,66.0,16172.0,156.0,5257,65,636151,1596,452.0,15805,0.93406,0.06594004,0
2025-07-30T18:44:03.829946,17486,80337,3986.0,3815686,3224,4897.0,4527944762.0,440052,67.0,16191.0,156.0,3224,68,646088,1572,1123.0,15797,0.8891687,0.1108313,0
2025-07-30T18:44:08.970990,17599,80005,3986.0,4332811,3324,4925.0,4466535425.0,436157,25.0,16180.0,155.0,3324,66,638470,1694,485.0,16146,0.58531576,0.41468424,0
2025-07-30T18:44:14.103443,17557,77403,3984.0,3611727,6872,4899.0,4606552228.0,432078,66.0,16178.0,155.0,6872,92,646759,1767,482.0,15926,0.4991207,0.5008793,1
2025-07-30T18:44:19.265915,17963,81273,1999.0,3726532,4112,4914.0,4075352675.0,441102,67.0,8135.0,102.0,4112,64,635123,1627,489.0,15766,0.8276285,0.1723715,0
2025-07-30T18:44:24.419806,17614,85377,8.0,3903221,3200,4824.0,3874940200.0,431066,25.0,55.0,47.0,3200,65,644214,1404,409.0,14975,0.91371363,0.086286366,0
2025-07-30T18:44:29.534126,16157,82429,11.0,3827829,3793,4796.0,3806362360.0,432725,26.0,65.0,49.0,3793,70,632372,1628,30.0,15377,0.6256663,0.37433368,0
2025-07-30T18:44:34.692173,18029,80766,9.0,3862564,3270,4800.0,3736993257.0,434457,26.0,66.0,46.0,3270,64,635712,1529,22.0,16131,0.51201296,0.48798704,0
2025-07-30T18:44:39.826615,18716,87601,9.0,3887886,3282,4796.0,3772486037.0,453658,26.0,59.0,47.0,3282,66,647482,1521,44.0,15694,0.6893348,0.3106652,0
2025-07-30T18:44:44.953209,18164,85306,11.0,3728893,3443,4795.0,3724904304.0,430223,26.0,85.0,47.0,3443,75,632019,1582,24.0,15893,0.675496,0.32450405,0
2025-07-30T18:44:50.078285,17794,80633,8.0,3733347,2913,4782.0,3852804303.0,433219,25.0,57.0,47.0,2913,71,632325,1601,50.0,15586,0.5560638,0.4439362,0
2025-07-30T18:44:55.300097,22617,82381,21.0,3843051,3092,8646.0,7473961704.0,429594,52.0,182.0,100.0,3092,65,623295,1593,205.0,16124,0.768865,0.23113503,0
2025-07-30T18:45:00.495390,17816,79438,9.0,3796099,2874,4777.0,3605426170.0,435693,25.0,59.0,46.0,2874,69,637353,1513,19.0,16110,0.8018588,0.19814123,0
2025-07-30T18:45:05.606841,19389,78769,8.0,3804141,3370,4804.0,3903597095.0,429483,26.0,60.0,48.0,3370,64,640443,1574,22.0,15734,0.6147794,0.3852206,0
2025-07-30T18:45:10.754238,17655,81753,13.0,3887981,3036,4797.0,3911409221.0,441009,27.0,77.0,48.0,3036,68,633917,1591,23.0,15449,0.76677656,0.23322345,0
2025-07-30T18:45:15.886350,17036,81212,8.0,3830681,3216,4862.0,3754653286.0,439256,25.0,50.0,47.0,3216,63,631740,1589,18.0,16160,0.6572697,0.34273028,0
2025-07-30T18:45:22.635847,17531,78216,12.0,3846216,3343,4795.0,3937721941.0,439039,26.0,77.0,48.0,3343,68,637819,1657,104.0,15154,0.70568293,0.29431707,0
2025-07-30T18:45:27.775353,20606,85162,9.0,3787327,3611,4780.0,3626298557.0,436221,26.0,65.0,47.0,3611,66,640032,1911,18.0,15299,0.8955313,0.10446867,0
2025-07-30T18:45:32.935172,17271,83048,8.0,3725478,3102,4812.0,3849294822.0,441924,26.0,55.0,47.0,3102,70,635582,1749,45.0,16290,0.9150811,0.08491891,0
2025-07-30T18:45:38.127189,18068,83741,10.0,4084565,3100,4834.0,3882962713.0,434120,26.0,67.0,47.0,3100,63,633161,1547,22.0,15679,0.6730163,0.32698372,0
2025-07-30T18:45:43.252364,17532,79241,10.0,4956476,3273,4784.0,3832580443.0,432908,25.0,64.0,47.0,3273,67,652891,1625,18.0,15716,0.76685107,0.23314896,0
2025-07-30T18:45:48.378942,18099,87011,8.0,3629361,2969,4800.0,3750219820.0,433134,26.0,76.0,47.0,2969,65,626914,1557,18.0,15704,0.65254056,0.34745944,0
2025-07-30T18:45:53.561313,20138,87125,11.0,3922227,3699,4622.0,3725191514.0,433099,26.0,97.0,48.0,3699,69,642009,1509,21.0,16554,0.65255606,0.34744394,0
2025-07-30T18:45:58.707152,19675,95052,8.0,3779579,3051,4154.0,3748577897.0,432044,25.0,52.0,47.0,3051,73,639000,1567,111.0,15834,0.68477523,0.31522474,0
2025-07-30T18:46:03.880742,22677,78068,11.0,3888956,3125,4535.0,3747170117.0,434136,26.0,72.0,50.0,3125,64,633327,1546,86.0,15684,0.81186986,0.18813011,0
2025-07-30T18:46:09.017874,18007,79765,12.0,3862938,3013,4800.0,3820592626.0,442792,26.0,76.0,48.0,3013,67,635815,1598,126.0,15406,0.90542305,0.09457698,0
2025-07-30T18:46:14.148151,16573,80139,9.0,3735951,3243,4788.0,3848754824.0,429986,25.0,59.0,47.0,3243,61,630618,1622,23.0,15595,0.7211033,0.27889666,0
2025-07-30T18:46:19.269302,22153,81735,10.0,4006644,3378,4877.0,3788692927.0,427832,26.0,83.0,49.0,3378,62,629803,1758,80.0,16482,0.8816838,0.11831616,0
2025-07-30T18:46:24.398385,17220,83993,10.0,3867400,2549,4807.0,3901114941.0,433578,26.0,67.0,50.0,2549,65,626940,1538,78.0,15287,0.89296293,0.10703707,0
2025-07-30T18:46:29.525833,18061,76361,8.0,3718974,2992,4780.0,3669826270.0,435601,25.0,57.0,48.0,2992,60,626250,1488,84.0,16637,0.6750507,0.32494932,0
2025-07-30T18:46:34.707408,17270,83838,10.0,3910239,3626,4813.0,3834784692.0,440045,26.0,68.0,48.0,3626,68,665891,1611,82.0,15589,0.6577514,0.34224862,0
2025-07-30T18:46:39.876698,18830,75932,9.0,3666442,3708,4786.0,3762990765.0,437936,26.0,61.0,47.0,3708,68,632803,1560,19.0,15710,0.6410625,0.35893753,0
2025-07-30T18:46:45.052788,18035,85320,10.0,3975521,2922,4792.0,3860666376.0,444636,26.0,61.0,48.0,2922,65,634255,1536,136.0,16368,0.6885097,0.31149027,0
2025-07-30T18:46:50.201209,17454,80737,19.0,3779201,4598,9487.0,7565990067.0,430075,51.0,143.0,94.0,4598,67,626769,1626,162.0,15793,0.6864135,0.31358644,0
2025-07-30T18:46:55.353938,19877,81196,10.0,4105686,4773,4272.0,3593367382.0,429710,26.0,64.0,49.0,4773,64,632261,1661,82.0,16019,0.8612062,0.13879386,0
2025-07-30T18:47:00.499956,17864,84223,9.0,3874162,3075,4362.0,3713739208.0,436063,26.0,67.0,47.0,3075,73,631243,1648,83.0,17250,0.8147813,0.18521872,0
2025-07-30T18:47:05.644518,18037,77937,8.0,3960855,3362,4792.0,3823579595.0,428654,25.0,58.0,48.0,3362,67,637776,1505,22.0,16249,0.44152522,0.5584748,1
2025-07-30T18:47:10.828530,17072,81516,14.0,4185849,3147,4789.0,3804179921.0,425848,26.0,85.0,50.0,3147,63,629269,1672,87.0,15639,0.65943015,0.34056982,0
2025-07-30T18:47:15.957317,18413,80150,9.0,3977731,3326,4902.0,3958731703.0,429269,27.0,61.0,47.0,3326,65,645444,1627,117.0,15538,0.81627554,0.18372446,0
2025-07-30T18:47:21.093821,16141,80851,8.0,4002818,3112,4788.0,3922222464.0,431601,25.0,54.0,48.0,3112,68,629742,1482,82.0,16045,0.65868735,0.34131265,0
2025-07-30T18:47:26.209338,19133,78901,10.0,4021049,3203,4836.0,3884425983.0,438207,26.0,99.0,53.0,3203,67,648639,1591,86.0,15797,0.53908974,0.46091026,0
2025-07-30T18:47:31.426013,17788,83336,9.0,3892139,2885,4795.0,3818688198.0,435846,26.0,57.0,46.0,2885,68,634994,1532,18.0,15350,0.7334646,0.2665354,0
2025-07-30T18:47:36.586832,16776,77480,8.0,3911275,3071,4778.0,3752131222.0,431678,25.0,61.0,48.0,3071,64,626510,1567,86.0,16283,0.6058693,0.39413068,0
2025-07-30T18:47:41.745621,17915,84015,12.0,3937575,3694,4800.0,3918961898.0,438458,26.0,75.0,48.0,3694,65,626089,1563,20.0,15750,0.57649976,0.42350024,0
2025-07-30T18:47:46.913635,17618,73074,8.0,3828222,3006,4794.0,3788870740.0,430929,26.0,55.0,46.0,3006,67,637407,1653,18.0,16001,0.72003984,0.2799602,0
2025-07-30T18:47:52.052375,20259,82266,10.0,3752645,3635,4820.0,3782462486.0,430896,26.0,92.0,49.0,3635,64,644624,1694,60.0,17167,0.68739533,0.31260467,0
2025-07-30T18:47:57.181119,22653,84291,9.0,3815437,5512,4271.0,3727078587.0,429228,26.0,69.0,46.0,5512,65,646157,1738,24.0,15716,0.9629922,0.03700779,0
2025-07-30T18:48:02.327319,17567,85622,8.0,3764282,4442,4195.0,3694444314.0,428780,25.0,56.0,48.0,4442,69,630714,1536,22.0,15668,0.9682723,0.031727683,0
2025-07-30T18:48:07.455043,17929,79896,10.0,3937988,3079,4800.0,3804956196.0,434938,26.0,67.0,47.0,3079,68,630096,1505,123.0,17896,0.5491395,0.45086053,0
2025-07-30T18:48:12.623873,18331,79552,10.0,4400253,3103,4798.0,3727535653.0,441545,26.0,67.0,47.0,3103,68,637013,1704,22.0,15858,0.5046474,0.49535266,0
2025-07-30T18:48:17.777363,18132,91471,12.0,3731796,3491,4860.0,3769322478.0,425794,25.0,72.0,49.0,3491,63,630606,1652,18.0,15543,0.8190092,0.18099079,0
2025-07-30T18:48:22.922357,17690,88742,11.0,3817807,2947,4790.0,3896430763.0,436595,26.0,77.0,48.0,2947,67,640180,1609,18.0,15688,0.78422654,0.2157735,0
2025-07-30T18:48:28.072482,17525,78904,9.0,3759696,3145,4782.0,3784969828.0,442147,26.0,56.0,47.0,3145,70,647720,1493,20.0,15625,0.6166276,0.38337246,0
2025-07-30T18:48:33.207810,18803,82173,8.0,3991526,3089,4800.0,3753548672.0,430508,26.0,60.0,48.0,3089,65,641750,1666,50.0,15691,0.6619514,0.3380486,0
2025-07-30T18:48:38.349754,17121,79581,12.0,4083976,3390,4791.0,3800130645.0,435563,26.0,79.0,47.0,3390,65,626932,1724,108.0,15461,0.84060913,0.15939085,0
2025-07-30T18:48:43.471610,17708,85347,9.0,3943582,3220,4789.0,3842719502.0,428115,26.0,61.0,47.0,3220,61,633597,1530,8.0,15724,0.78869617,0.2113038,0
2025-07-30T18:48:48.604175,17772,88351,10.0,3794882,3102,4793.0,3691944476.0,427641,25.0,69.0,48.0,3102,65,632675,1555,86.0,15404,0.77222997,0.22777002,0
2025-07-30T18:48:53.719113,17412,80726,11.0,3724548,3083,4813.0,4310897591.0,431397,26.0,79.0,47.0,3083,65,622541,1481,46.0,15587,0.63901573,0.36098427,0
2025-07-30T18:48:58.900872,17512,80866,8.0,3839840,3179,4636.0,3794167942.0,430713,26.0,61.0,48.0,3179,76,634110,1534,22.0,15418,0.63587356,0.36412647,0
2025-07-30T18:49:04.062879,17243,77075,10.0,3786224,3338,4141.0,3655161895.0,441532,26.0,68.0,48.0,3338,65,628842,1619,18.0,15278,0.56689703,0.433103,0
2025-07-30T18:49:19.253142,19272,81184,9.0,3794471,3949,4542.0,3765955130.0,426884,26.0,62.0,47.0,3949,73,621817,1715,82.0,15843,0.78515625,0.21484378,0
2025-07-30T18:49:32.521572,21494,95415,185012.0,5893479,4206,14453.0,19147033376.0,428407,75.0,522809.0,134.0,4206,75,948964,1720,222.0,20472,0.52373266,0.4762673,0
2025-07-30T18:50:12.048936,24876,88150,360053.0,5747845,3985,14385.0,26121185696.0,431477,76.0,1017389.0,126.0,3985,62,991617,1759,179.0,15162,0.10771084,0.89228916,1
2025-07-30T18:50:21.957568,20431,93920,969086.0,4205840,3633,37350.0,69347547528.0,437659,203.0,2738642.0,353.0,3633,66,646444,1811,515.0,15925,0.10403043,0.89596957,1
2025-07-30T18:51:08.521653,19550,88691,241602.0,4003615,3464,9355.0,17238823027.0,427027,51.0,682338.0,83.0,3464,69,631796,1670,98.0,15633,0.09178662,0.9082134,1
2025-07-30T18:51:17.742489,19164,87477,1091581.0,5897570,3920,41145.0,77845063022.0,434807,228.0,3082931.0,377.0,3920,67,626937,1852,293.0,15449,0.11700493,0.88299507,1
2025-07-30T18:51:26.450376,19964,92893,242735.0,5101985,3841,9676.0,17561906068.0,434344,51.0,685747.0,95.0,3841,60,628724,1611,63.0,16606,0.08381659,0.9161834,1
2025-07-30T18:51:32.848423,20699,101793,240032.0,4090997,3749,9622.0,17410931205.0,432933,51.0,678583.0,97.0,3749,68,639781,1631,114.0,15771,0.087864816,0.9121352,1
2025-07-30T18:52:05.457401,19531,91599,120499.0,4095101,4026,4796.0,8769884790.0,668984,25.0,340277.0,39.0,4026,65,633669,1700,17.0,20108,0.032131076,0.9678689,1
2025-07-30T18:52:19.131147,20276,88103,843785.0,4065119,4310,32615.0,60511133050.0,433955,177.0,2383724.0,299.0,4310,68,636419,1744,333.0,15546,0.036596358,0.96340364,1
2025-07-30T18:52:34.181052,20215,89475,242177.0,6371429,3834,9719.0,17517004001.0,431978,49.0,683029.0,91.0,3834,69,632424,1810,124.0,15355,0.08768159,0.9123184,1
2025-07-30T18:52:45.035967,20463,93750,363790.0,4092084,3688,13879.0,26020905343.0,670645,77.0,1027406.0,144.0,3688,67,646420,1681,84.0,15222,0.12918675,0.87081325,1
2025-07-30T18:52:55.220609,22119,92805,398833.0,4177014,4397,14037.0,26087260440.0,685494,77.0,1006475.0,131.0,4397,66,632865,1606,55.0,16412,0.1182034,0.8817966,1
2025-07-30T18:59:27.071708,20171,90917,243325.0,4007501,3532,9701.0,17881753860.0,433137,51.0,687688.0,114.0,3532,67,633586,1665,190.0,16050,0.097824395,0.9021756,1
2025-07-30T18:59:32.268901,20294,84500,9046618.0,3756618,3206,367745.0,659303525026.0,429981,1977.0,25366448.0,3489.0,3206,66,634277,1644,3623.0,15628,0.1832828,0.8167172,1
2025-07-30T18:59:37.405319,17423,78591,9.0,3670212,2918,4821.0,3759469765.0,433379,27.0,66.0,49.0,2918,70,629773,1645,134.0,16193,0.2067917,0.7932083,1
2025-07-30T18:59:42.607270,17120,99661,11.0,3785565,2917,4823.0,3838680467.0,448874,25.0,69.0,50.0,2917,60,623253,1626,18.0,15031,0.71585953,0.28414047,0
2025-07-30T18:59:47.735050,17763,80714,14.0,4110350,3256,4819.0,3780991489.0,439034,26.0,89.0,53.0,3256,64,633752,1585,36.0,15769,0.8255805,0.17441949,0
2025-07-30T18:59:52.926545,19233,79530,8.0,3820793,3734,4837.0,3868418526.0,444950,26.0,63.0,48.0,3734,61,627160,1643,39.0,15674,0.8143565,0.1856435,0
2025-07-30T18:59:58.150661,18172,93750,12.0,3819743,3018,4544.0,3723988750.0,433215,25.0,69.0,47.0,3018,64,627986,1688,27.0,15459,0.9109201,0.0890799,0
2025-07-30T19:00:03.276157,17858,83569,9.0,3773548,3772,4135.0,3618942679.0,432015,26.0,61.0,46.0,3772,66,627618,1892,40.0,14845,0.93057436,0.069425665,0
2025-07-30T19:00:08.454100,18294,78824,10.0,3778335,3398,4654.0,3957092734.0,436113,26.0,59.0,50.0,3398,67,632844,1687,30.0,15395,0.95115775,0.048842277,0
2025-07-30T19:00:13.596162,20399,121370,10.0,4047823,3793,4986.0,6985598256.0,536987,22.0,69.0,48.0,3793,62,646258,1918,1174.0,16438,0.9577545,0.042245504,0
2025-07-30T19:00:18.761566,22827,104669,9.0,3908749,3076,5008.0,7706004693.0,453089,25.0,63.0,47.0,3076,66,654836,1607,1531.0,16020,0.9949055,0.0050945007,0
2025-07-30T19:00:23.880269,18879,85062,8.0,4528574,4749,5012.0,5638319070.0,432530,25.0,56.0,47.0,4749,66,629335,1816,1594.0,20871,0.62629104,0.37370896,0
2025-07-30T19:00:29.051248,23513,91089,12.0,4517491,4789,4788.0,6987762611.0,432464,24.0,78.0,48.0,4789,66,641713,1793,1440.0,15956,0.11702001,0.88298,1
2025-07-30T19:00:34.180998,19267,79891,10.0,3589900,3212,4754.0,4384033685.0,433064,21.0,60.0,48.0,3212,66,634854,1571,440.0,16266,0.91183037,0.08816961,0
2025-07-30T19:00:45.034849,17800,82310,11.0,3937645,3185,4797.0,3856717055.0,430909,26.0,75.0,57.0,3185,71,644939,1705,75.0,15644,0.752357,0.24764298,0
2025-07-30T19:00:50.166122,17946,85661,29.0,3680577,3472,14204.0,16251623015.0,431996,73.0,184.0,143.0,3472,69,633859,1582,1984.0,16700,0.88548845,0.11451156,0
2025-07-30T19:00:56.780972,20041,82185,11.0,3682057,3252,3955.0,7528987252.0,425542,25.0,84.0,49.0,3252,67,629231,1562,1495.0,15555,0.99110943,0.008890561,0
2025-07-30T19:01:01.922153,16988,83009,11.0,3930907,4844,4815.0,6402010803.0,432064,24.0,67.0,46.0,4844,67,634324,1825,960.0,16294,0.9526169,0.047383152,0
2025-07-30T19:01:07.131164,20182,105206,9.0,3804377,3433,4929.0,4921593391.0,435270,25.0,65.0,48.0,3433,67,636580,1557,1187.0,16603,0.46214896,0.53785104,1
2025-07-30T19:01:12.244013,20187,86690,10.0,3925382,3689,4858.0,3883224267.0,449102,26.0,66.0,49.0,3689,65,635208,1566,245.0,16052,0.45160925,0.54839075,1
2025-07-30T19:01:17.396650,17356,77273,10.0,3769728,3192,4833.0,3930771205.0,435779,26.0,69.0,46.0,3192,67,625109,1480,271.0,15211,0.82728755,0.17271243,0
2025-07-30T19:01:22.515301,17586,83638,8.0,3788866,3187,4814.0,4123421397.0,432459,25.0,64.0,48.0,3187,67,630961,1610,412.0,15934,0.688748,0.31125203,0
2025-07-30T19:01:27.644951,17703,82641,11.0,3901848,5174,4837.0,3927702777.0,436154,26.0,68.0,48.0,5174,66,638501,1707,111.0,15602,0.7454841,0.25451586,0
2025-07-30T19:01:32.773413,18059,80105,9.0,3989941,4570,4833.0,3822223527.0,436390,26.0,64.0,47.0,4570,66,633300,1826,223.0,15333,0.8940477,0.10595233,0
2025-07-30T19:01:37.927928,18625,88773,8.0,3771100,3643,4825.0,3778367707.0,430225,26.0,67.0,47.0,3643,63,631513,1734,82.0,15851,0.9036932,0.09630679,0
2025-07-30T19:01:43.219422,17251,82045,11.0,3984666,2989,4842.0,3844652531.0,431179,26.0,64.0,48.0,2989,69,629613,1408,61.0,15352,0.8074088,0.19259118,0
2025-07-30T19:01:48.373216,17995,76740,8.0,3904909,3260,4822.0,3780590144.0,438816,25.0,57.0,46.0,3260,72,628771,1517,104.0,15809,0.5398062,0.4601938,0
2025-07-30T19:01:53.486328,18166,79982,12.0,3902803,3006,4346.0,4036837958.0,435294,26.0,95.0,49.0,3006,66,640242,1463,99.0,15384,0.578115,0.42188498,0
2025-07-30T19:01:58.618122,18487,79655,10.0,3726641,3539,4214.0,3769777968.0,423708,26.0,59.0,47.0,3539,68,628864,1702,40.0,14794,0.81062114,0.18937884,0
2025-07-30T19:02:03.764598,19359,92660,8.0,3856149,3322,4842.0,3695566892.0,452500,26.0,63.0,47.0,3322,65,634559,1841,105.0,15930,0.9340123,0.065987706,0
2025-07-30T19:02:08.919596,18138,82911,13.0,3820080,3244,4832.0,3921503697.0,435789,25.0,80.0,50.0,3244,64,635005,1573,59.0,16283,0.8653596,0.13464038,0
2025-07-30T19:02:14.075853,17884,76468,9.0,3994837,3093,4898.0,3940078366.0,431328,27.0,59.0,47.0,3093,68,631762,1542,154.0,16029,0.7072456,0.2927544,0
2025-07-30T19:02:19.236312,17862,78090,8.0,3933605,3045,4822.0,3834015639.0,435829,25.0,75.0,48.0,3045,69,642142,1479,20.0,15621,0.57155734,0.42844266,0
2025-07-30T19:02:24.361581,18114,74499,10.0,3836788,3576,4823.0,3859087222.0,433251,25.0,71.0,48.0,3576,66,639068,1754,60.0,15346,0.6932522,0.30674776,0
2025-07-30T19:02:29.507055,17514,87290,10.0,3834103,3229,4875.0,3852565772.0,440090,27.0,72.0,48.0,3229,63,631488,1512,35.0,15759,0.7610697,0.23893028,0
2025-07-30T19:02:34.648920,17567,80901,8.0,3778626,3093,4823.0,3672748926.0,429080,25.0,64.0,48.0,3093,62,628438,1422,20.0,15693,0.6854908,0.3145092,0
2025-07-30T19:02:39.856618,17631,82894,11.0,3791326,3111,4830.0,3719843465.0,440528,26.0,68.0,47.0,3111,67,631556,1695,39.0,15729,0.6709638,0.32903618,0
2025-07-30T19:02:45.025205,17389,80138,9.0,3772472,3210,4826.0,3880328562.0,440874,26.0,52.0,47.0,3210,67,628057,1567,119.0,16127,0.6715269,0.32847306,0
2025-07-30T19:02:50.172214,17937,79169,19.0,3850586,3849,9166.0,7610666360.0,433040,51.0,151.0,95.0,3849,70,631140,1625,66.0,16353,0.63428974,0.36571026,0
2025-07-30T19:02:55.311002,18243,85189,9.0,3839473,3919,4214.0,3522211052.0,435314,25.0,64.0,47.0,3919,60,628337,1637,35.0,15254,0.8761023,0.12389764,0
2025-07-30T19:03:00.441191,17648,79782,11.0,3885156,3892,4858.0,3801752473.0,430022,26.0,69.0,48.0,3892,62,622875,1486,29.0,16409,0.8651004,0.13489959,0
2025-07-30T19:03:05.624493,18111,96660,8.0,3820038,3052,4833.0,3847257248.0,435955,26.0,50.0,47.0,3052,67,630197,1461,62.0,15457,0.6227445,0.3772555,0
2025-07-30T19:03:10.791985,20533,80488,11.0,3898007,3980,4873.0,3748043317.0,441972,26.0,80.0,50.0,3980,70,638798,1761,43.0,15349,0.7776704,0.22232962,0
2025-07-30T19:03:16.059645,18712,84057,11.0,3879042,3146,4833.0,3869344194.0,433059,26.0,64.0,47.0,3146,61,628814,1647,110.0,15518,0.92676514,0.07323484,0
2025-07-30T19:03:21.210854,17942,79352,9.0,3824073,2991,4828.0,3806377192.0,434450,26.0,64.0,47.0,2991,66,638454,1603,89.0,15463,0.85191846,0.14808153,0
2025-07-30T19:03:26.356232,17555,82491,9.0,3979056,3217,4828.0,4034273616.0,429086,25.0,73.0,48.0,3217,64,630288,1613,26.0,15750,0.72406214,0.27593786,0
2025-07-30T19:03:31.472328,18111,81874,11.0,3790629,3097,4829.0,3781879117.0,435578,26.0,64.0,48.0,3097,63,635185,1616,22.0,15226,0.7927679,0.20723213,0
2025-07-30T19:03:36.645498,19562,86193,8.0,3810313,3784,4839.0,3840651537.0,431973,26.0,66.0,47.0,3784,64,633176,1680,22.0,15988,0.8415823,0.15841772,0
2025-07-30T19:03:41.873612,17689,79394,9.0,3731541,3261,4827.0,3685941247.0,438819,25.0,70.0,48.0,3261,65,626359,1583,20.0,16088,0.81810284,0.18189716,0
2025-07-30T19:03:47.066999,17941,77648,9.0,3766287,4603,4731.0,3804631609.0,431210,26.0,57.0,46.0,4603,61,631585,1805,21.0,15566,0.77638555,0.22361442,0
2025-07-30T19:03:52.188633,17783,81152,8.0,3844851,3193,4115.0,3752160178.0,439304,26.0,73.0,47.0,3193,58,637650,1461,158.0,16303,0.92868143,0.07131859,0
2025-07-30T19:03:57.316270,17699,80304,11.0,3977742,2935,4536.0,3790227236.0,443111,25.0,77.0,47.0,2935,73,627761,1614,20.0,15433,0.78734946,0.21265057,0
2025-07-30T19:04:02.468613,18534,84516,9.0,3763525,3823,4860.0,3822915564.0,442577,26.0,55.0,47.0,3823,58,633635,1672,83.0,15849,0.808716,0.19128399,0
2025-07-30T19:04:07.637388,18614,81180,8.0,3795831,3233,6138.0,4426416775.0,433513,26.0,110.0,55.0,3233,66,646298,1608,227.0,15913,0.9154802,0.084519796,0
2025-07-30T19:04:12.780015,18539,82061,11.0,3811670,3186,4867.0,3896499348.0,445298,26.0,62.0,51.0,3186,66,642780,1559,97.0,16215,0.7120396,0.28796044,0
2025-07-30T19:04:17.927896,18042,80550,1020.0,4245033,3265,4839.0,3900048659.0,434705,26.0,4165.0,47.0,3265,64,633832,1617,99.0,15527,0.77503324,0.22496673,0
2025-07-30T19:04:23.083023,18282,88615,2042.0,3743537,3167,4813.0,3829616574.0,439532,25.0,8333.0,50.0,3167,61,656252,1545,18.0,16433,0.78617895,0.21382105,0
2025-07-30T19:04:28.236590,19482,97379,2037.0,3798433,3774,4823.0,3753775770.0,432738,25.0,8307.0,47.0,3774,65,636973,1654,88.0,15304,0.84173644,0.15826353,0
2025-07-30T19:04:33.369620,17865,91897,2030.0,3951853,3393,4845.0,3901145684.0,427259,27.0,8255.0,47.0,3393,76,636147,1680,126.0,16554,0.72415704,0.27584296,0
2025-07-30T19:04:38.484467,16974,77165,2035.0,3879353,3035,4814.0,3882063943.0,440419,25.0,8273.0,49.0,3035,59,633283,1482,80.0,15579,0.45334226,0.54665774,1
2025-07-30T19:04:43.658347,17623,85413,2029.0,4051153,3015,4817.0,3825775940.0,428912,25.0,8259.0,46.0,3015,63,626746,1577,25.0,15345,0.72350574,0.27649423,0
2025-07-30T19:04:48.839169,18751,77880,1045.0,4148239,3350,4600.0,3728665537.0,435242,26.0,4305.0,48.0,3350,64,640714,1561,89.0,17302,0.6791227,0.32087734,0
2025-07-30T19:04:53.998710,20893,84993,2042.0,4496487,3250,4047.0,3821756016.0,449582,25.0,8365.0,50.0,3250,67,702181,1621,292.0,16806,0.7624283,0.23757172,0
2025-07-30T19:04:59.124390,20531,79765,2036.0,4242564,3209,4834.0,3848422342.0,438152,26.0,8279.0,46.0,3209,64,635348,1602,92.0,15313,0.91435516,0.08564485,0
2025-07-30T19:05:04.250609,18140,80348,2035.0,4089616,2916,4856.0,3876740975.0,437817,26.0,8287.0,48.0,2916,61,636830,1620,127.0,15115,0.91093147,0.08906852,0
2025-07-30T19:05:09.381318,17903,81293,2037.0,3730395,3049,4822.0,3747236505.0,438638,25.0,8288.0,48.0,3049,67,638331,1501,116.0,15689,0.77406025,0.22593975,0
2025-07-30T19:05:14.493398,19991,76903,2030.0,4002598,3808,4865.0,3869743490.0,425548,26.0,8260.0,47.0,3808,72,636803,1764,112.0,15856,0.7329999,0.26700008,0
2025-07-30T19:05:19.614818,17239,85219,1724.0,3913831,3100,4829.0,3828461430.0,432716,26.0,7038.0,49.0,3100,66,638764,1623,20.0,16187,0.7410133,0.2589867,0
2025-07-30T19:05:24.735775,17375,77324,1344.0,3758461,3255,4825.0,4125642660.0,444223,26.0,5495.0,46.0,3255,68,635232,1474,87.0,15685,0.5691651,0.43083492,0
2025-07-30T19:05:29.896881,17449,80666,2033.0,3874528,3052,4823.0,3955518300.0,445372,26.0,8285.0,47.0,3052,66,622932,1508,24.0,16268,0.5180224,0.4819776,0
2025-07-30T19:05:35.064955,18160,74326,2037.0,3847232,3178,4811.0,3826340920.0,430675,25.0,8289.0,50.0,3178,62,643595,1534,20.0,16154,0.5673548,0.43264523,0
2025-07-30T19:05:40.208949,17556,82065,4069.0,3708079,3310,9646.0,7881465921.0,445907,52.0,16583.0,94.0,3310,64,636672,1612,41.0,15608,0.6901067,0.3098933,0
2025-07-30T19:05:45.339979,17515,84033,35.0,3707957,3397,4005.0,3508660895.0,437625,25.0,235.0,48.0,3397,64,635566,1709,48.0,15302,0.849322,0.150678,0
2025-07-30T19:05:50.458119,17160,79660,33.0,4051316,3603,4505.0,3775905953.0,441853,26.0,254.0,47.0,3603,69,625745,1658,106.0,15335,0.8695234,0.1304766,0
2025-07-30T19:05:55.576463,17388,80043,2041.0,4097648,2962,4836.0,3880276555.0,436344,26.0,8331.0,48.0,2962,64,628497,1591,82.0,16391,0.66145813,0.33854187,0
2025-07-30T19:06:00.703034,16804,81078,2035.0,4344954,3215,4826.0,3774781961.0,434609,25.0,8278.0,48.0,3215,67,626692,1503,80.0,15760,0.5879308,0.41206923,0
2025-07-30T19:06:05.871095,17244,91868,2032.0,3739597,3408,4811.0,3865543855.0,438625,26.0,8268.0,47.0,3408,63,630102,1501,22.0,15128,0.53975713,0.46024287,0
2025-07-30T19:06:11.037432,17828,82112,2031.0,3855497,3034,4852.0,3900317685.0,437725,26.0,8274.0,49.0,3034,68,632161,1543,45.0,15373,0.7062279,0.29377213,0
2025-07-30T19:06:16.153615,17911,80682,2030.0,3851835,3122,4793.0,3829271059.0,595313,25.0,8249.0,47.0,3122,66,629843,1522,23.0,15202,0.744485,0.25551495,0
2025-07-30T19:06:21.277550,24228,81452,2031.0,3839632,2995,4805.0,3893135228.0,432445,26.0,8262.0,51.0,2995,68,638123,1486,60.0,15423,0.9082431,0.09175688,0
2025-07-30T19:06:26.422945,17699,85444,2035.0,3937851,3106,4801.0,3833113505.0,437941,26.0,8281.0,48.0,3106,66,632801,1497,18.0,15991,0.8602613,0.13973866,0
2025-07-30T19:06:31.568451,18745,83407,2031.0,3928911,3251,4803.0,3782636554.0,430805,26.0,8263.0,47.0,3251,66,633978,1558,18.0,15653,0.6154779,0.38452205,0
2025-07-30T19:06:36.756448,19081,80401,2032.0,3793511,3788,4617.0,3774183545.0,437485,25.0,8276.0,49.0,3788,66,662789,1809,104.0,15933,0.81881624,0.18118377,0
2025-07-30T19:06:41.916692,17743,78997,1035.0,3957235,2877,4144.0,3724345548.0,433665,26.0,4260.0,47.0,2877,66,640760,1708,86.0,16122,0.86782753,0.13217244,0
2025-07-30T19:06:47.060379,17377,79389,2033.0,3767229,3013,4501.0,3845960962.0,432685,26.0,8277.0,46.0,3013,67,630111,1845,103.0,16396,0.7974236,0.20257641,0
2025-07-30T19:06:52.185407,20774,79968,2034.0,3729946,3650,4822.0,4270586548.0,435869,25.0,8289.0,48.0,3650,65,639490,1620,18.0,15791,0.81760013,0.18239987,0
2025-07-30T19:06:57.360962,17219,78870,2037.0,3860530,3277,4836.0,3876446306.0,428705,26.0,8284.0,48.0,3277,68,634310,1648,20.0,15542,0.82155037,0.17844965,0
2025-07-30T19:07:02.521316,17848,82945,1033.0,3863642,2784,4837.0,3712030428.0,436256,26.0,4259.0,47.0,2784,65,635510,1469,39.0,15173,0.6122478,0.38775215,0
2025-07-30T19:07:07.661538,17714,78448,33.0,4090498,5781,4822.0,3800682277.0,437767,26.0,236.0,49.0,5781,70,627813,1659,37.0,16144,0.66218317,0.33781686,0
2025-07-30T19:07:12.790028,20960,80141,1033.0,3898430,3788,4835.0,3796758779.0,438431,25.0,4250.0,47.0,3788,64,632934,1773,102.0,16115,0.88819045,0.11180953,0
2025-07-30T19:07:17.919507,17385,87000,2040.0,3783344,3114,4818.0,3798283989.0,434372,25.0,8328.0,48.0,3114,64,635989,1555,22.0,16147,0.8537146,0.14628543,0
2025-07-30T19:07:23.082431,18790,82449,2052.0,3860343,3213,4839.0,3817447176.0,442173,27.0,8373.0,47.0,3213,68,647369,1502,89.0,15232,0.65455014,0.34544986,0
2025-07-30T19:07:28.204066,17342,81037,2034.0,3973448,3100,4833.0,3938187167.0,428026,25.0,8274.0,47.0,3100,70,634746,1506,20.0,15408,0.63010156,0.36989847,0
2025-07-30T19:07:33.331837,18037,86589,2029.0,3806953,3288,4825.0,3879224731.0,436143,26.0,8265.0,48.0,3288,66,655439,1649,18.0,15600,0.5747341,0.4252659,0
2025-07-30T19:07:38.454612,18025,89909,2032.0,3752311,3182,4549.0,3725654508.0,434352,26.0,8257.0,47.0,3182,63,625001,1562,60.0,15807,0.75585175,0.24414825,0
2025-07-30T19:07:43.589953,17928,84332,2031.0,3889468,3236,3948.0,3727847183.0,434649,25.0,8275.0,47.0,3236,63,638240,1597,18.0,15623,0.78359425,0.21640578,0
2025-07-30T19:07:48.715338,19568,81072,2032.0,3969298,3059,4814.0,3862752769.0,436405,26.0,8285.0,50.0,3059,64,637420,1573,17.0,15769,0.85236466,0.14763534,0
2025-07-30T19:07:53.837783,17169,79680,2035.0,3919474,3112,4831.0,3817233443.0,434379,26.0,8304.0,47.0,3112,63,634970,1646,120.0,15525,0.8114713,0.18852872,0
2025-07-30T19:07:58.977442,17609,86429,2032.0,3902712,3128,4829.0,3839558590.0,434212,25.0,8272.0,46.0,3128,67,638806,1460,20.0,15696,0.62776184,0.37223813,0
2025-07-30T19:08:04.134100,19922,82972,1035.0,3861883,3149,4841.0,3853261715.0,434532,26.0,4261.0,49.0,3149,67,643764,1632,37.0,15763,0.6567482,0.34325185,0
2025-07-30T19:08:09.261121,17986,85018,2033.0,3930230,3166,4811.0,3831742807.0,446164,25.0,8275.0,47.0,3166,64,617370,1469,23.0,15810,0.7618464,0.23815359,0
2025-07-30T19:08:14.386499,17123,78063,2032.0,3722807,3198,4861.0,3873033808.0,429831,26.0,8276.0,48.0,3198,65,641213,1646,43.0,15804,0.6432015,0.35679856,0
2025-07-30T19:08:19.492166,17680,77601,2034.0,3933467,5370,4806.0,3800982322.0,439725,26.0,8286.0,48.0,5370,71,627110,1739,18.0,15735,0.64467204,0.355328,0
2025-07-30T19:08:24.653470,18307,84081,2044.0,3845631,3244,4825.0,3819133698.0,435648,25.0,8345.0,47.0,3244,67,637340,1648,114.0,15753,0.7545731,0.24542691,0
2025-07-30T19:08:29.822885,17808,82115,2034.0,3794318,3055,4810.0,3818708490.0,442770,26.0,8278.0,47.0,3055,66,630854,1560,21.0,15789,0.6772534,0.32274657,0
2025-07-30T19:08:34.988225,17238,89157,2034.0,3782053,3079,4835.0,3906855170.0,431846,26.0,8267.0,47.0,3079,65,634195,1479,27.0,15460,0.60588133,0.3941187,0
2025-07-30T19:08:40.105938,17202,81043,66.0,3982841,3343,8489.0,7545684341.0,429561,51.0,470.0,95.0,3343,67,633034,1651,112.0,15920,0.7050364,0.29496363,0
2025-07-30T19:08:45.243868,17898,84606,2030.0,3719656,3305,4815.0,3714574761.0,433792,26.0,8254.0,47.0,3305,60,636288,1647,48.0,15300,0.89477634,0.10522367,0
2025-07-30T19:08:50.387386,19222,83558,1054.0,3891553,3831,4833.0,3762750708.0,436821,25.0,4400.0,48.0,3831,63,634540,1669,32.0,15039,0.8998337,0.10016634,0
2025-07-30T19:08:55.510028,16894,81389,2054.0,3951392,3220,4821.0,3826176339.0,438809,25.0,8390.0,50.0,3220,68,633750,1566,20.0,16097,0.7772137,0.2227863,0
2025-07-30T19:09:00.638344,17915,80513,2033.0,3828894,2716,4845.0,3918898584.0,438910,26.0,8263.0,46.0,2718,66,634881,1853,19.0,16985,0.5571357,0.4428643,0
2025-07-30T19:09:05.771917,18215,83682,2025.0,3852088,3105,4856.0,3841284729.0,427997,26.0,8246.0,53.0,3105,74,626741,1529,115.0,16178,0.64738905,0.35261092,0
2025-07-30T19:09:10.896984,20283,86503,2032.0,3835801,3700,4871.0,3875014669.0,436734,26.0,8264.0,48.0,3700,63,628486,1670,84.0,15322,0.7081771,0.29182294,0
2025-07-30T19:09:16.074042,17146,84887,2032.0,3743603,3258,4795.0,3785882672.0,439201,25.0,8267.0,47.0,3258,68,635147,1521,119.0,16245,0.8203727,0.17962728,0
2025-07-30T19:09:21.226320,18290,81964,2030.0,3949982,3167,4835.0,3914801857.0,436615,25.0,8278.0,48.0,3167,65,634010,1458,24.0,15350,0.5096556,0.4903444,0
2025-07-30T19:09:26.408068,31790,80836,2036.0,3965580,2840,4806.0,4030203684.0,434454,26.0,8292.0,48.0,2840,67,652625,1604,89.0,15887,0.9423827,0.05761731,0
2025-07-30T19:09:31.544041,17815,81284,1032.0,4109891,2992,4108.0,3685938858.0,432537,26.0,4248.0,47.0,2992,60,627817,1527,102.0,15777,0.9881882,0.011811802,0
2025-07-30T19:09:36.671700,16936,87577,2035.0,4141921,3255,4396.0,3857850289.0,431072,26.0,8286.0,49.0,3255,64,634018,1569,86.0,15328,0.842394,0.15760602,0
2025-07-30T19:09:41.814880,17461,75170,2033.0,3909311,3307,4814.0,3930482061.0,439945,25.0,8268.0,47.0,3307,64,634936,1670,92.0,15654,0.7964507,0.20354933,0
2025-07-30T19:09:46.957009,17694,81887,2032.0,3892214,3152,4811.0,3755313385.0,430410,26.0,8277.0,48.0,3152,67,624075,1536,36.0,15384,0.66597414,0.33402583,0
2025-07-30T19:09:52.103273,17915,83581,2035.0,4056392,3399,4835.0,3980551094.0,437897,26.0,8296.0,48.0,3399,66,631066,1661,29.0,15227,0.6785399,0.3214601,0
2025-07-30T19:09:57.228447,17338,77222,2033.0,3847048,4159,4815.0,3835288316.0,439344,25.0,8273.0,47.0,4159,67,630054,1716,29.0,15344,0.8051887,0.19481127,0
2025-07-30T19:10:02.357556,17342,81036,2034.0,3827362,3260,4844.0,3886368211.0,443141,26.0,8291.0,50.0,3260,65,632146,1648,20.0,15343,0.69941926,0.30058077,0
2025-07-30T19:10:07.488184,18554,79561,2035.0,3973596,2979,4810.0,3819436972.0,432803,26.0,8281.0,48.0,2979,67,631078,1536,22.0,15442,0.7041974,0.2958026,0
2025-07-30T19:10:12.626233,17740,81927,2033.0,3925509,3499,4855.0,3781527543.0,431053,26.0,8275.0,46.0,3499,63,630292,1543,26.0,15483,0.6783822,0.32161778,0
2025-07-30T19:10:17.789399,17385,84823,2034.0,3833772,3135,4809.0,3884390966.0,430076,25.0,8278.0,48.0,3135,68,647568,1590,106.0,15315,0.6847898,0.3152102,0
2025-07-30T19:10:22.947347,19391,90501,2035.0,3830567,3596,4667.0,3800419652.0,433003,26.0,8275.0,48.0,3596,66,631724,1611,18.0,15433,0.7030167,0.2969833,0
2025-07-30T19:10:28.068949,16983,90537,2028.0,3788847,4922,4187.0,3785105096.0,440738,25.0,8255.0,46.0,4922,70,634610,1819,46.0,15452,0.9321837,0.06781631,0
2025-07-30T19:10:33.202466,20804,78777,2034.0,3861503,3600,4458.0,3789244306.0,430837,26.0,8281.0,48.0,3600,66,630852,1647,35.0,15559,0.91449773,0.08550225,0
2025-07-30T19:10:38.336300,17513,79088,2037.0,3965642,3356,4819.0,3730092854.0,435792,25.0,8287.0,47.0,3356,58,648960,1814,33.0,16235,0.92597747,0.074022554,0
2025-07-30T19:10:43.467193,18246,81808,2031.0,3764424,3721,4817.0,3985528258.0,429658,26.0,8268.0,48.0,3721,82,635943,1528,20.0,15513,0.786039,0.21396102,0
2025-07-30T19:10:48.603166,18625,84076,2032.0,3922957,3679,4811.0,3927699459.0,433193,25.0,8273.0,48.0,3679,60,646770,1716,105.0,15344,0.6942084,0.3057916,0
2025-07-30T19:10:53.762054,17560,80859,1372.0,4034139,3125,4825.0,3754546520.0,428937,26.0,5625.0,47.0,3125,66,627030,1560,24.0,15413,0.8780895,0.12191053,0
2025-07-30T19:10:58.957271,17786,83761,1693.0,4052808,3186,4838.0,4005354240.0,427816,26.0,6930.0,47.0,3186,66,627099,1485,84.0,15114,0.6431155,0.3568845,0
2025-07-30T19:11:04.090805,19076,99519,2036.0,3974402,2702,4849.0,3887203072.0,430449,26.0,8286.0,48.0,2702,68,656534,1910,81.0,15335,0.78820825,0.21179172,0
2025-07-30T19:11:09.212209,17747,81634,2032.0,3876499,3044,4809.0,3912228585.0,437915,26.0,8271.0,47.0,3044,56,631253,1649,82.0,15569,0.8704461,0.1295539,0
2025-07-30T19:11:14.344402,20490,84292,2034.0,4112093,3855,4853.0,3894860197.0,431625,25.0,8288.0,50.0,3855,66,636610,1676,85.0,16009,0.92436796,0.07563206,0
2025-07-30T19:11:19.476768,17033,81517,2036.0,3828479,3323,4809.0,3755825052.0,430219,25.0,8286.0,47.0,3323,61,628737,1525,47.0,15182,0.8440598,0.15594018,0
2025-07-30T19:11:24.654013,18134,78833,2040.0,3769401,4044,4385.0,3763875428.0,429219,26.0,8322.0,46.0,4044,64,635501,1859,84.0,15234,0.83413357,0.16586643,0
2025-07-30T19:11:29.777001,18324,84097,2035.0,3927905,3151,4130.0,3807817745.0,431552,26.0,8277.0,49.0,3151,67,639580,1568,84.0,15723,0.9140036,0.08599641,0
2025-07-30T19:11:34.904407,21494,81102,2034.0,3918556,3712,4810.0,3768472468.0,433270,25.0,8280.0,46.0,3712,68,647447,1651,20.0,15784,0.84194255,0.15805748,0
2025-07-30T19:11:40.028970,17645,84884,2033.0,3885371,3072,4816.0,3696185735.0,429562,26.0,8272.0,48.0,3072,66,632826,1466,21.0,15815,0.778392,0.22160797,0
2025-07-30T19:11:45.267916,17580,81705,4063.0,3980272,3534,9620.0,7728987781.0,434452,52.0,16526.0,95.0,3534,77,635958,1657,40.0,15871,0.62300384,0.37699613,0
2025-07-30T19:11:50.440331,17819,85293,2028.0,3836858,3821,4815.0,3662357870.0,428161,25.0,8265.0,47.0,3821,68,631150,1520,162.0,15445,0.74504554,0.25495446,0
2025-07-30T19:11:55.574361,17491,95775,2034.0,3820391,3239,4839.0,4040656677.0,436479,27.0,8270.0,48.0,3239,65,625515,1545,91.0,15412,0.5976116,0.4023884,0
2025-07-30T19:12:00.678643,19076,85384,2032.0,3858547,3449,4831.0,3856141533.0,435372,25.0,8273.0,47.0,3449,64,629744,1752,55.0,15895,0.8453459,0.1546541,0
2025-07-30T19:12:05.806797,18263,78471,2033.0,3979125,3268,4801.0,3925971717.0,432699,27.0,8278.0,49.0,3268,71,638913,1519,32.0,15946,0.8090055,0.1909945,0
2025-07-30T19:12:10.952891,18195,77916,1035.0,3840660,3724,4843.0,3840474206.0,439755,25.0,4266.0,47.0,3724,68,632149,1605,35.0,15053,0.63396037,0.36603963,0
2025-07-30T19:12:16.169034,17452,109197,28.0,3769880,3213,4790.0,3682486806.0,434050,25.0,214.0,48.0,3213,70,626896,1564,31.0,15546,0.512113,0.48788702,0
2025-07-30T19:12:21.311089,18684,79037,1019.0,3895903,3659,4352.0,3773458577.0,435754,26.0,4194.0,50.0,3659,70,630224,1617,30.0,15483,0.4976859,0.5023141,1
2025-07-30T19:12:26.477829,17963,83400,1052.0,3781969,3330,4143.0,3773551655.0,436105,25.0,4337.0,47.0,3330,227,639597,1484,32.0,16041,0.19044352,0.8095565,1
2025-07-30T19:12:31.626016,17604,80396,2033.0,3838173,2983,4809.0,3909991046.0,426698,26.0,8290.0,47.0,2983,70,625190,1595,122.0,15080,0.05187601,0.948124,1
2025-07-30T19:12:36.737536,18037,79396,2046.0,5321277,3058,4807.0,3875467973.0,442216,26.0,8348.0,48.0,3058,67,638047,1553,107.0,16441,0.63525593,0.36474407,0
2025-07-30T19:12:41.904617,18079,83480,2033.0,4293156,3260,4805.0,3893512419.0,426926,26.0,8272.0,47.0,3260,73,650266,1563,97.0,16296,0.49422646,0.50577354,1
2025-07-30T19:12:47.043997,20867,81469,2042.0,3783964,3422,4801.0,3755380510.0,444729,25.0,8329.0,48.0,3422,67,644667,1732,39.0,15432,0.69593036,0.30406964,0
2025-07-30T19:12:52.181290,18101,87845,1057.0,3817752,3272,4832.0,4356000339.0,433690,27.0,4386.0,47.0,3272,64,637755,1708,156.0,15460,0.9346783,0.065321684,0
2025-07-30T19:12:57.317190,18411,84367,2040.0,3807838,3292,4817.0,3787445437.0,431757,25.0,8314.0,47.0,3292,66,645234,1704,21.0,15783,0.9108921,0.0891079,0
2025-07-30T19:13:02.450145,17480,82652,2035.0,4211465,4638,4835.0,3914573017.0,437128,26.0,8287.0,49.0,4638,69,646432,1842,90.0,15202,0.88301885,0.11698117,0
2025-07-30T19:13:07.600776,17309,78517,2032.0,3715703,3134,4809.0,3875444929.0,442431,26.0,8259.0,47.0,3134,61,628371,1575,92.0,15869,0.80245984,0.19754015,0
2025-07-30T19:13:12.795860,18664,84766,2029.0,3792809,3716,4835.0,3699142628.0,435452,25.0,8257.0,48.0,3716,64,624641,1619,101.0,16431,0.71912706,0.28087294,0
2025-07-30T19:13:17.952221,16335,84419,51.0,4269169,4642,4401.0,3725100923.0,441421,26.0,369.0,48.0,4642,65,631229,1697,110.0,15772,0.79381907,0.20618092,0
2025-07-30T19:13:23.073165,17369,82008,23.0,3881256,4653,4094.0,3776138656.0,432555,26.0,175.0,47.0,4653,62,639694,1471,24.0,15724,0.7473582,0.25264183,0
2025-07-30T19:13:28.207430,20564,83241,2034.0,4005440,3027,4809.0,3933049748.0,434103,26.0,8284.0,50.0,3027,65,628510,1533,95.0,15673,0.89417565,0.10582437,0
2025-07-30T19:13:33.327429,18288,81504,1042.0,4233532,3129,4813.0,3708024091.0,429101,26.0,4303.0,48.0,3129,70,640602,1562,94.0,15699,0.80751824,0.19248174,0
2025-07-30T19:13:38.556615,17743,88798,2046.0,4000767,3212,4793.0,3817633753.0,432250,25.0,8349.0,47.0,3212,64,632809,1469,90.0,15520,0.6257191,0.3742809,0
2025-07-30T19:13:43.714392,18651,121301,2052.0,3931913,2941,4802.0,3959883470.0,442483,25.0,8394.0,48.0,2941,65,636827,1522,83.0,15268,0.58363163,0.41636837,0
2025-07-30T19:13:48.842534,16852,81566,2042.0,3894741,3371,4799.0,3874734623.0,430426,26.0,8309.0,48.0,3371,71,621155,1576,107.0,16269,0.5253445,0.4746555,0
2025-07-30T19:13:53.963387,18099,128317,2031.0,3782995,3113,4817.0,3778549527.0,429284,26.0,8274.0,47.0,3113,70,641804,1556,31.0,16458,0.103401184,0.8965988,1
2025-07-30T19:13:59.132150,19255,87184,2035.0,3856773,3600,4830.0,3822435555.0,435015,25.0,8275.0,49.0,3600,65,636850,1648,102.0,15534,0.3774339,0.6225661,1
2025-07-30T19:14:04.312158,17142,87845,2033.0,3775702,3244,4836.0,3844273806.0,609725,26.0,8269.0,47.0,3244,65,631348,1625,112.0,16293,0.91495156,0.08504847,0
2025-07-30T19:14:09.447156,16751,82585,2031.0,3899129,3116,4852.0,3832775232.0,441511,25.0,8284.0,52.0,3116,64,624348,1717,103.0,15539,0.92085135,0.07914862,0
2025-07-30T19:14:14.579798,19079,80223,2032.0,3930559,3454,4834.0,3941816557.0,430932,25.0,8277.0,48.0,3454,65,644320,1543,117.0,16402,0.73650527,0.2634947,0
2025-07-30T19:14:19.882470,17420,77368,1032.0,3792828,3491,4394.0,3608632375.0,434249,26.0,4247.0,47.0,3491,65,623546,1672,22.0,16061,0.68190205,0.31809795,0
2025-07-30T19:14:25.079032,16991,83401,8.0,3872534,3248,4121.0,3784149856.0,432781,26.0,64.0,49.0,3248,66,644901,1497,113.0,15985,0.61124,0.38876,0
2025-07-30T19:14:30.200458,17147,80940,20.0,3781871,3390,9634.0,7842452460.0,444530,52.0,122.0,94.0,3390,66,626788,1561,125.0,15882,0.67785287,0.32214716,0
2025-07-30T19:14:35.333965,18152,76669,10.0,3923805,3296,4793.0,3741146704.0,432595,25.0,74.0,50.0,3296,66,630137,1485,100.0,15837,0.73641384,0.26358613,0
2025-07-30T19:14:40.486468,18001,83264,12.0,3836441,3249,4829.0,3866920285.0,438352,26.0,73.0,48.0,3249,65,632797,1628,99.0,15291,0.70022726,0.29977277,0
2025-07-30T19:14:45.661272,17282,81963,8.0,3825375,3658,4812.0,3733892851.0,431152,26.0,62.0,46.0,3658,65,629526,1900,135.0,15501,0.885031,0.11496901,0
2025-07-30T19:14:50.810138,17706,84765,10.0,3699386,2996,4940.0,3888972909.0,439702,25.0,111.0,51.0,2996,69,635215,1616,138.0,16064,0.8335507,0.16644934,0
2025-07-30T19:14:55.944521,17311,80129,9.0,4003260,3180,4831.0,3886920295.0,440354,26.0,69.0,47.0,3180,67,633726,1558,112.0,15983,0.61530614,0.3846939,0
2025-07-30T19:15:01.090315,17951,79919,10.0,3719179,3280,4839.0,3855774410.0,429592,26.0,67.0,48.0,3280,63,633675,1571,30.0,16394,0.5982485,0.40175155,0
2025-07-30T19:15:06.216613,18191,77381,10.0,3853991,3911,4815.0,3799606372.0,439144,26.0,63.0,48.0,3911,67,629582,1593,111.0,16842,0.6084174,0.39158264,0
2025-07-30T19:15:11.374314,19646,83689,9.0,4000658,3660,4853.0,3910884526.0,438358,26.0,64.0,46.0,3660,68,640647,1692,23.0,15395,0.65856075,0.34143925,0
2025-07-30T19:15:16.552413,17554,80204,8.0,3681032,3325,4339.0,3672855109.0,432736,26.0,67.0,47.0,3325,64,635895,1556,20.0,15755,0.8091628,0.1908372,0
2025-07-30T19:15:21.727360,17594,84018,11.0,3737651,3305,4148.0,3748779657.0,427926,26.0,64.0,48.0,3305,64,628898,1580,25.0,16305,0.65666926,0.3433307,0
2025-07-30T19:15:26.861552,17363,77889,9.0,3768290,3318,4808.0,3900107088.0,435088,26.0,58.0,47.0,3318,68,638941,1550,18.0,15012,0.71666527,0.2833347,0
2025-07-30T19:15:31.981992,18111,79173,11.0,4089306,3752,4799.0,3842897989.0,427921,25.0,71.0,49.0,3752,70,628600,1581,21.0,16927,0.5405357,0.45946428,0
2025-07-30T19:15:37.122279,18890,86552,9.0,3774634,3871,4838.0,3816425455.0,431742,26.0,54.0,47.0,3871,63,628074,1665,193.0,15664,0.66662276,0.33337724,0
2025-07-30T19:15:42.273603,17559,77077,8.0,3798884,3266,4816.0,3920991049.0,431226,26.0,72.0,48.0,3266,65,629554,1542,54.0,15353,0.82408917,0.17591082,0
2025-07-30T19:15:47.389985,44268,83463,16.0,3731961,2772,4799.0,3794317082.0,444025,25.0,92.0,49.0,2772,68,639106,1667,23.0,15671,0.9681931,0.03180689,0
2025-07-30T19:15:52.520392,17896,79200,9.0,3901926,4453,4829.0,3815212809.0,429764,26.0,79.0,46.0,4453,62,638797,1608,124.0,15259,0.9982037,0.0017962969,0
2025-07-30T19:15:57.654399,18869,82207,8.0,3766424,3535,4831.0,3860663780.0,436906,26.0,65.0,48.0,3535,69,624171,1616,102.0,15219,0.8274695,0.17253049,0
2025-07-30T19:16:02.824314,17153,85094,11.0,3804678,3328,4823.0,3637303091.0,431582,25.0,64.0,48.0,3328,68,632731,1589,96.0,15511,0.7325171,0.26748288,0
2025-07-30T19:16:07.954979,17483,80716,9.0,3786802,3857,4811.0,3791947800.0,431976,26.0,61.0,47.0,3857,64,638939,1875,24.0,15397,0.7296674,0.27033257,0
2025-07-30T19:16:13.063811,17499,80456,8.0,4004720,4913,4847.0,3829635545.0,436417,26.0,69.0,48.0,4913,63,634279,1521,113.0,15921,0.8943547,0.1056453,0
2025-07-30T19:16:18.212245,18914,77708,11.0,3956911,3154,4114.0,3596596850.0,442838,26.0,68.0,48.0,3154,65,652589,1617,99.0,16311,0.784621,0.215379,0
2025-07-30T19:16:23.408725,17298,80078,9.0,3942667,3328,4379.0,3797583417.0,436419,26.0,55.0,50.0,3328,64,643355,1543,110.0,16017,0.76026756,0.23973246,0
2025-07-30T19:16:28.568459,17458,83273,10.0,3674252,3065,4790.0,3934755672.0,437337,25.0,70.0,48.0,3065,62,629340,1462,99.0,15465,0.7129669,0.28703308,0
2025-07-30T19:16:33.689657,18227,83772,11.0,3777934,3026,4810.0,3853678807.0,437316,26.0,62.0,47.0,3026,68,626558,1478,102.0,15672,0.69673204,0.30326793,0
2025-07-30T19:16:38.824385,17846,86228,8.0,3815379,3244,4803.0,3858488069.0,428228,25.0,66.0,47.0,3244,66,662269,1474,18.0,15877,0.5992017,0.40079835,0
2025-07-30T19:16:43.968325,17644,85209,11.0,3835403,2993,4808.0,3739302112.0,438442,26.0,67.0,48.0,2993,65,627613,1605,108.0,15501,0.68295765,0.31704235,0
2025-07-30T19:16:49.171026,24806,83712,8.0,3794644,3514,4811.0,3878368468.0,432006,26.0,53.0,46.0,3514,60,634725,1658,112.0,15358,0.9271093,0.07289072,0
2025-07-30T19:16:54.325357,17161,82165,11.0,3875660,3046,4820.0,3846520505.0,430612,26.0,89.0,50.0,3046,63,634682,1595,106.0,15927,0.9401031,0.0598969,0
2025-07-30T19:16:59.442797,17353,76563,11.0,3817039,3210,4801.0,3881595324.0,431768,25.0,63.0,48.0,3210,67,645378,1527,104.0,16196,0.632069,0.367931,0
2025-07-30T19:17:04.573238,17678,81138,10.0,3921979,3310,4843.0,3858858860.0,427896,26.0,63.0,47.0,3310,63,631582,1462,48.0,15289,0.57245797,0.42754203,0
2025-07-30T19:17:09.724293,17945,94468,8.0,3786068,3815,4827.0,3711655982.0,432759,26.0,59.0,48.0,3815,66,628643,1533,75.0,16193,0.65528095,0.34471905,0
2025-07-30T19:17:14.888469,17870,84653,15.0,3936301,3553,4766.0,3897393962.0,429588,62.0,68.0,48.0,3553,68,639964,1596,200.0,15409,0.74591625,0.25408378,0
2025-07-30T19:17:20.059628,17577,81213,8.0,3779654,3559,4119.0,3658023091.0,427639,26.0,67.0,47.0,3559,67,638216,1586,104.0,15242,0.84085274,0.15914726,0
2025-07-30T19:17:25.192032,18179,76137,19.0,3926391,3163,9326.0,7632929553.0,435842,51.0,147.0,95.0,3163,66,627418,1471,136.0,16081,0.7167795,0.28322056,0
2025-07-30T19:17:30.321691,17876,85948,9.0,3791895,3139,4815.0,3721848905.0,437931,26.0,66.0,48.0,3139,69,628070,1556,19.0,16289,0.6602301,0.3397699,0
2025-07-30T19:17:35.453346,17874,78659,10.0,3799146,3764,4795.0,3759944617.0,443650,26.0,68.0,48.0,3764,67,632797,1715,18.0,15246,0.66130936,0.33869067,0
2025-07-30T19:17:40.630867,17886,81360,9.0,3817193,3224,4821.0,3790731837.0,428861,25.0,58.0,46.0,3224,64,627637,1724,20.0,15310,0.8208706,0.17912944,0
2025-07-30T19:17:45.777993,17661,80800,8.0,3848117,3947,4822.0,3771833097.0,434276,27.0,66.0,48.0,3947,67,644190,1430,26.0,15677,0.6999901,0.3000099,0
2025-07-30T19:17:50.909011,18832,84538,12.0,3840562,3283,4807.0,3850598977.0,433321,25.0,76.0,47.0,3283,65,630138,1526,105.0,15890,0.62129855,0.37870148,0
2025-07-30T19:17:56.023880,20404,83607,8.0,3692182,3498,4828.0,3798898456.0,431435,26.0,57.0,47.0,3498,66,635779,1508,83.0,15099,0.80192685,0.19807318,0
2025-07-30T19:18:01.253231,17782,87361,11.0,3843008,3104,4841.0,3714589161.0,432531,26.0,76.0,50.0,3104,73,637899,1581,24.0,15511,0.7500026,0.24999736,0
2025-07-30T19:18:06.400792,17714,84066,12.0,3948298,3214,4799.0,3744273375.0,431933,25.0,76.0,48.0,3214,69,633777,1573,20.0,15464,0.53482276,0.46517724,0
2025-07-30T19:18:11.576262,17594,80012,8.0,4083702,3213,4864.0,4019414841.0,433307,27.0,69.0,47.0,3213,67,636917,1616,21.0,15753,0.6257688,0.3742312,0
2025-07-30T19:18:16.734536,18111,79413,10.0,3776110,3096,4001.0,3611494084.0,438619,25.0,63.0,49.0,3096,67,638617,1392,22.0,15347,0.6408097,0.3591903,0
2025-07-30T19:18:21.868774,19782,79688,11.0,3826824,3884,4491.0,3839939573.0,438528,26.0,80.0,46.0,3884,62,638044,1667,22.0,15529,0.7846202,0.21537976,0
2025-07-30T19:18:27.044326,18139,87133,8.0,3779167,4421,4811.0,3839393640.0,431146,26.0,65.0,47.0,4421,64,631288,1770,21.0,15815,0.9556367,0.04436333,0
2025-07-30T19:18:32.184988,18375,76217,11.0,3687692,3144,4823.0,3782916523.0,434797,26.0,66.0,48.0,3144,65,635937,1660,71.0,15767,0.90533054,0.09466944,0
2025-07-30T19:18:37.307706,17708,103178,10.0,3939156,3149,4797.0,3893914703.0,437870,25.0,58.0,47.0,3149,63,631501,1537,145.0,15849,0.8060824,0.19391757,0
2025-07-30T19:18:42.431793,18503,79260,8.0,3873465,3245,4822.0,3932476808.0,438865,26.0,64.0,48.0,3245,65,636854,1581,120.0,15818,0.79448813,0.20551188,0
2025-07-30T19:18:47.576531,19083,82624,11.0,3726873,2914,4800.0,3702926952.0,428928,26.0,79.0,48.0,2914,71,630774,1629,111.0,15423,0.7806046,0.21939537,0
2025-07-30T19:18:52.725461,18159,84405,8.0,3823082,3202,4826.0,3850068894.0,435573,25.0,76.0,46.0,3202,64,640303,1584,119.0,17145,0.70203084,0.29796916,0
2025-07-30T19:18:57.899218,18263,83505,12.0,4024705,4072,4843.0,4274555841.0,436731,27.0,70.0,49.0,4072,60,651833,1629,88.0,15425,0.80404544,0.19595455,0
2025-07-30T19:19:03.036019,18215,78034,10.0,3926969,3034,4830.0,3800194159.0,434808,25.0,57.0,46.0,3034,74,632455,1497,28.0,16140,0.87004113,0.12995888,0
2025-07-30T19:19:08.176458,17926,79090,8.0,3915256,2971,4866.0,3827844802.0,432363,26.0,88.0,53.0,2971,66,647794,1496,122.0,15649,0.5600593,0.4399407,0
2025-07-30T19:19:13.316072,19454,81665,13.0,3847507,3620,4867.0,3780133196.0,433475,27.0,77.0,50.0,3620,66,643715,1664,115.0,15722,0.74954903,0.25045097,0
2025-07-30T19:19:18.444597,17437,84291,1012.0,3827260,3106,4199.0,3815869348.0,441927,63.0,4134.0,66.0,3106,70,625733,1477,254.0,16393,0.7135401,0.28645995,0
2025-07-30T19:19:23.561783,17615,81766,27.0,3802186,3577,4321.0,3870890851.0,437896,25.0,191.0,151.0,3577,63,629412,1644,216.0,15975,0.75995934,0.24004069,0
2025-07-30T19:19:28.684985,18271,74813,13.0,4153907,3080,4846.0,3984603916.0,428832,64.0,125.0,86.0,3080,71,648103,1604,296.0,15510,0.7096777,0.2903223,0
2025-07-30T19:19:33.831113,17590,80052,10.0,3767349,3268,4811.0,3732664472.0,432783,25.0,98.0,69.0,3268,66,644025,1588,250.0,15378,0.78166795,0.21833207,0
2025-07-30T19:19:39.009021,19536,84813,17.0,3847437,3689,4814.0,3885052215.0,437664,26.0,166.0,123.0,3689,66,629241,1712,15.0,16572,0.69129914,0.30870086,0
2025-07-30T19:19:44.128383,18011,80718,15.0,4075514,2962,4822.0,3868526657.0,427657,26.0,128.0,90.0,2962,64,641907,1555,55.0,15464,0.79616356,0.20383644,0
2025-07-30T19:19:49.257815,18211,78784,18.0,3849136,2942,4819.0,3830567903.0,442560,26.0,153.0,120.0,2942,64,635682,1649,71.0,15853,0.75091827,0.2490817,0
2025-07-30T19:19:54.395443,17766,83374,15.0,4040881,3321,4845.0,3751326942.0,433464,26.0,156.0,97.0,3321,66,631111,1555,90.0,16240,0.68904847,0.31095153,0
2025-07-30T19:19:59.559766,18340,86001,10.0,3863941,4213,4820.0,3834632682.0,453008,25.0,100.0,74.0,4213,65,626501,1625,127.0,15808,0.6690554,0.3309446,0
2025-07-30T19:20:04.711641,19576,82444,15.0,3715008,3478,4848.0,3844816996.0,427245,26.0,135.0,95.0,3478,64,631027,1669,119.0,16294,0.8494781,0.15052187,0
2025-07-30T19:20:09.862038,17334,79681,10.0,3886224,3424,4826.0,3871559688.0,429468,26.0,101.0,70.0,3424,64,629229,1631,108.0,15158,0.8082522,0.19174778,0
2025-07-30T19:20:14.993804,17175,83104,10.0,3844526,3391,4851.0,3826284197.0,443267,26.0,98.0,72.0,3391,64,624936,1559,114.0,16120,0.7044919,0.2955081,0
2025-07-30T19:20:20.159975,17727,101944,21.0,3972480,3186,8515.0,7454169626.0,433174,52.0,196.0,132.0,3186,61,631886,1454,126.0,15384,0.7503742,0.24962577,0
2025-07-30T19:20:25.324398,17182,76045,9.0,3887934,3418,4805.0,3653271479.0,438137,25.0,103.0,63.0,3418,69,624711,1615,109.0,15469,0.8781454,0.12185459,0
2025-07-30T19:20:30.479523,19689,86575,9.0,3738100,3436,4834.0,3891792756.0,436038,26.0,89.0,65.0,3436,64,635296,1656,118.0,15867,0.6768426,0.3231574,0
2025-07-30T19:20:35.611552,17355,80586,11.0,3973057,3105,4811.0,3889225197.0,432073,26.0,105.0,65.0,3105,69,627319,1560,116.0,15315,0.82926834,0.17073168,0
2025-07-30T19:20:40.733584,18067,82960,20.0,3896352,3105,4819.0,3803365635.0,432181,25.0,145.0,57.0,3105,63,637473,1583,84.0,16091,0.6634146,0.33658537,0
2025-07-30T19:20:45.887540,18134,83764,158.0,3852404,4456,4914.0,5086282326.0,424576,70.0,1312.0,721.0,4456,61,629309,2075,617.0,16227,0.78808457,0.21191543,0
2025-07-30T19:20:51.097335,17816,85580,9.0,3737845,3118,4834.0,3711934642.0,432414,26.0,68.0,47.0,3118,69,632060,1525,40.0,15698,0.38877845,0.61122155,1
2025-07-30T19:20:56.250200,18277,81653,8.0,3838542,2976,4837.0,3753617599.0,431475,26.0,65.0,47.0,2976,64,630925,1638,20.0,15736,0.6454228,0.35457715,0
2025-07-30T19:21:01.366830,17686,75652,11.0,3973368,3565,4831.0,3928957641.0,429814,25.0,71.0,48.0,3565,63,632503,1522,96.0,15222,0.7597742,0.24022578,0
2025-07-30T19:21:06.476667,17350,78788,9.0,3716359,3172,4822.0,3840099880.0,434689,27.0,55.0,47.0,3172,57,637331,1611,32.0,15923,0.7545687,0.24543132,0
2025-07-30T19:21:11.619017,17949,79550,8.0,3843009,3559,4751.0,3854550701.0,434011,25.0,67.0,48.0,3559,64,630156,1900,26.0,15839,0.8907408,0.109259196,0
2025-07-30T19:21:16.813601,18169,85307,1027.0,3964290,4019,4364.0,4004274364.0,430022,72.0,4300.0,139.0,4019,66,626444,1767,713.0,16248,0.86751735,0.13248262,0
2025-07-30T19:21:21.945849,16840,81102,27.0,3889983,3822,4414.0,3879003769.0,429925,25.0,183.0,151.0,3822,65,640860,1565,21.0,15725,0.5770051,0.4229949,0
2025-07-30T19:21:27.081126,18959,83899,13.0,3912006,3518,4850.0,4026619586.0,438545,71.0,136.0,88.0,3518,71,645331,1583,190.0,15695,0.6241995,0.3758005,0
2025-07-30T19:21:32.275940,17645,76229,12.0,4095001,3184,4829.0,3814725143.0,426007,26.0,113.0,70.0,3184,64,630136,1545,18.0,16049,0.7630645,0.23693551,0
2025-07-30T19:21:37.442447,19869,77092,18.0,3793994,3628,4829.0,3802041454.0,430706,26.0,160.0,122.0,3628,73,637007,1703,584.0,15853,0.6861497,0.31385025,0
2025-07-30T19:21:42.575803,23817,84408,14.0,3777724,3329,4839.0,3979469777.0,432387,26.0,129.0,91.0,3329,67,647014,1509,20.0,15835,0.69428724,0.30571276,0
2025-07-30T19:21:47.702273,17775,83256,18.0,3849632,3275,4829.0,4008555423.0,434415,26.0,161.0,119.0,3275,63,634484,1537,26.0,15636,0.88362837,0.11637163,0
2025-07-30T19:21:52.825348,18127,80161,13.0,3801064,3194,4839.0,3874796584.0,432601,26.0,145.0,97.0,3194,64,634290,1551,120.0,15538,0.73184323,0.26815677,0
2025-07-30T19:21:57.955356,18094,83809,11.0,4018246,5363,4843.0,3771849280.0,426584,26.0,109.0,75.0,5363,61,635281,1575,19.0,15494,0.82322794,0.17677206,0
2025-07-30T19:22:03.071930,20623,81342,14.0,3785754,3362,4837.0,3880735631.0,447438,25.0,132.0,94.0,3362,71,651026,1561,20.0,15918,0.9179959,0.082004085,0
2025-07-30T19:22:08.203603,18068,86255,10.0,3722521,3198,4817.0,3772386541.0,427750,26.0,104.0,71.0,3198,66,633341,1415,99.0,15358,0.75796986,0.24203014,0
2025-07-30T19:22:13.333335,18326,80672,12.0,3888721,3607,4527.0,3782565801.0,439818,25.0,104.0,72.0,3607,62,628778,1511,69.0,15613,0.68837786,0.3116221,0
2025-07-30T19:22:18.477126,17630,76231,8.0,3953023,3183,4003.0,3638606932.0,434897,26.0,81.0,64.0,3183,67,631801,1512,25.0,15993,0.687292,0.31270805,0
2025-07-30T19:22:23.602994,18230,85134,10.0,3830570,3093,4818.0,3826573575.0,436312,26.0,110.0,66.0,3093,63,644411,1642,110.0,16308,0.6851258,0.3148742,0
2025-07-30T19:22:28.741865,18469,79177,9.0,3848207,3137,4848.0,3847418113.0,437507,26.0,87.0,62.0,3137,60,631896,1682,31.0,15813,0.81997,0.18003002,0
2025-07-30T19:22:33.877891,17613,79236,8.0,3847351,4638,4812.0,3727529636.0,426547,25.0,99.0,65.0,4638,67,626614,1546,90.0,15981,0.7512349,0.24876511,0
2025-07-30T19:22:39.023203,17727,78064,14.0,3958937,2964,4819.0,3781644842.0,436692,26.0,109.0,67.0,2964,66,639776,1546,20.0,15903,0.53808177,0.46191823,0
2025-07-30T19:22:44.149183,17877,89673,13.0,4125204,3105,4827.0,3881796296.0,430380,26.0,89.0,58.0,3105,68,632478,1532,22.0,16933,0.5098597,0.49014035,0
2025-07-30T19:22:49.264010,17725,82596,165.0,3964856,2966,4912.0,4971655777.0,433166,70.0,1405.0,716.0,2966,68,625890,1763,242.0,16355,0.4468906,0.5531094,1
2025-07-30T19:22:54.432331,28981,82539,10.0,3810802,3459,4807.0,3716122555.0,433345,25.0,69.0,48.0,3459,67,624682,1658,19.0,15359,0.84429646,0.15570353,0
2025-07-30T19:22:59.570170,21800,79410,10.0,3705089,3357,4851.0,3787524502.0,430605,26.0,59.0,47.0,3357,66,807636,1588,28.0,15194,0.9866585,0.013341481,0
2025-07-30T19:23:04.705015,18612,83184,8.0,4032056,3083,4830.0,3889278219.0,433731,26.0,68.0,47.0,3083,68,636046,1489,459.0,15607,0.9281886,0.071811385,0
2025-07-30T19:23:09.841410,18240,80247,13.0,3721689,3468,4821.0,3752359480.0,429191,26.0,80.0,48.0,3468,66,635275,1620,22.0,16613,0.6128366,0.38716343,0
2025-07-30T19:23:14.967487,17271,84588,8.0,3779878,3240,4519.0,3694310362.0,439858,25.0,57.0,47.0,3240,78,619620,1567,29.0,15333,0.57977825,0.42022175,0
2025-07-30T19:23:20.123488,18943,89518,1024.0,3821632,3588,4140.0,4205992357.0,425433,71.0,4300.0,141.0,3588,70,625681,1697,1117.0,16320,0.30232716,0.69767284,1
2025-07-30T19:23:25.294091,17488,78512,42.0,4013829,3062,9708.0,7808507199.0,440545,97.0,308.0,237.0,3062,69,636996,1642,248.0,15423,0.64815044,0.3518496,0
2025-07-30T19:23:30.446418,17677,82390,10.0,3754042,3096,4825.0,3731835222.0,436886,26.0,105.0,70.0,3096,68,640751,1556,9.0,15250,0.78336537,0.21663463,0
2025-07-30T19:23:35.599902,17642,80265,19.0,4095137,3359,4817.0,3920236737.0,439424,25.0,163.0,121.0,3359,64,629031,1606,358.0,16300,0.7212,0.2788,0
2025-07-30T19:23:40.786891,18422,89456,12.0,3696042,3447,4833.0,3837000485.0,449455,26.0,130.0,90.0,3447,62,630305,1566,22.0,15784,0.6775539,0.3224461,0
2025-07-30T19:23:45.929835,18446,80205,22.0,3717666,3123,4823.0,3845460433.0,430275,26.0,172.0,122.0,3123,66,645654,1550,115.0,15361,0.80756295,0.19243708,0
2025-07-30T19:23:51.031775,18426,75365,14.0,3800718,5775,4840.0,3889512833.0,447513,26.0,144.0,95.0,5775,70,631702,1788,42.0,15891,0.75612056,0.24387945,0
2025-07-30T19:23:56.194546,17123,78686,9.0,3810338,4722,4830.0,3784025355.0,437916,25.0,104.0,73.0,4722,76,625473,1608,118.0,16770,0.7049579,0.2950421,0
2025-07-30T19:24:01.341238,19196,79933,16.0,3891656,3478,4845.0,3808470703.0,437935,26.0,144.0,95.0,3478,67,637459,1690,23.0,16431,0.40729004,0.59270996,1
2025-07-30T19:24:06.467400,17880,87022,10.0,3793460,3671,4876.0,3952075476.0,434996,26.0,113.0,73.0,3671,67,643071,1638,114.0,15740,0.76548743,0.2345126,0
2025-07-30T19:24:11.587440,18027,83241,11.0,3762521,3215,4137.0,3697688483.0,428321,25.0,105.0,74.0,3215,61,634159,1477,25.0,16645,0.68665934,0.31334066,0
2025-07-30T19:24:16.716517,17710,88561,9.0,3715160,3241,4416.0,3751712340.0,434536,26.0,99.0,64.0,3241,67,627069,1447,22.0,15791,0.636521,0.363479,0
2025-07-30T19:24:21.877466,18374,85471,8.0,4082534,3246,4828.0,3905828618.0,429472,26.0,101.0,65.0,3246,69,637821,1556,132.0,15527,0.6557759,0.34422407,0
2025-07-30T19:24:27.056868,20923,80043,10.0,3988116,3991,4814.0,3634632899.0,429464,26.0,90.0,65.0,3991,69,631626,1620,28.0,15502,0.7828591,0.21714093,0
2025-07-30T19:24:32.227743,17895,85011,9.0,3983394,3421,4814.0,3832219065.0,430308,26.0,82.0,64.0,3421,63,636643,1627,28.0,15409,0.8559001,0.14409989,0
2025-07-30T19:24:37.359570,17371,77914,9.0,3761777,3193,4826.0,3907282407.0,431715,26.0,96.0,64.0,3193,65,639113,1566,126.0,15919,0.75879914,0.24120085,0
2025-07-30T19:24:42.493006,16995,80120,13.0,4055672,3103,4820.0,3962680632.0,433172,25.0,89.0,58.0,3103,62,630588,1528,28.0,16140,0.5999963,0.40000367,0
2025-07-30T19:24:47.635525,17876,83262,167.0,3864118,4321,4912.0,4893017161.0,432663,70.0,1318.0,719.0,4321,70,641457,1720,232.0,15381,0.68025273,0.31974727,0
2025-07-30T19:24:52.901023,20607,79232,10.0,3808322,3474,4945.0,3901144233.0,440109,26.0,109.0,51.0,3474,57,635915,1761,42.0,15952,0.8417719,0.1582281,0
2025-07-30T19:24:58.049426,17101,87140,14.0,3756270,3542,4835.0,4144031368.0,435203,25.0,68.0,48.0,3542,67,636592,1626,23.0,16064,0.90135723,0.098642744,0
2025-07-30T19:25:03.178232,17862,80256,8.0,3857971,4927,4839.0,3991493368.0,432165,26.0,63.0,47.0,4927,65,630150,1772,18.0,15417,0.85337824,0.14662176,0
2025-07-30T19:25:08.347495,17265,81024,11.0,3861583,3250,4808.0,3732579136.0,441886,26.0,66.0,49.0,3250,69,621776,1655,430.0,15164,0.91547805,0.08452194,0
2025-07-30T19:25:13.500867,17564,82580,9.0,3771098,3220,4278.0,3724656386.0,442324,26.0,74.0,47.0,3220,64,635794,1605,78.0,17036,0.5444248,0.45557523,0
2025-07-30T19:25:18.634949,18362,86912,1022.0,4026844,3775,4398.0,4301764715.0,433152,72.0,4292.0,140.0,3775,64,685211,1638,708.0,15564,0.693244,0.30675605,0
2025-07-30T19:25:23.794154,18670,78242,12.0,3680994,3075,4839.0,3862988171.0,428464,25.0,84.0,68.0,3075,64,640101,1502,24.0,16322,0.7837944,0.2162056,0
2025-07-30T19:25:28.966407,17042,81648,26.0,3814207,3221,4831.0,3899827540.0,425128,26.0,168.0,136.0,3221,63,629755,1520,32.0,15652,0.64325774,0.35674223,0
2025-07-30T19:25:34.157730,17924,86469,11.0,4189172,3008,4847.0,3957516758.0,436580,71.0,125.0,83.0,3008,66,627394,1615,177.0,15358,0.70338535,0.29661468,0
2025-07-30T19:25:39.294470,17492,80529,12.0,3860208,3012,4833.0,3834806667.0,432614,26.0,120.0,68.0,3012,63,630926,1500,18.0,16605,0.7884903,0.21150967,0
2025-07-30T19:25:44.419944,18897,80226,17.0,3884661,3651,4830.0,4027902246.0,433009,26.0,157.0,122.0,3651,68,636993,1647,533.0,15416,0.7403453,0.2596547,0
2025-07-30T19:25:49.601210,17722,81276,14.0,3993842,3083,4821.0,3750118244.0,429540,26.0,136.0,90.0,3083,66,638372,1576,21.0,15924,0.5409423,0.45905772,0
2025-07-30T19:25:54.728294,18033,84201,18.0,3734996,3156,4825.0,3843661689.0,436796,25.0,165.0,120.0,3156,67,630855,1677,55.0,16392,0.61294854,0.38705143,0
2025-07-30T19:25:59.857386,17518,85592,13.0,3673082,4429,4821.0,3961626903.0,437475,26.0,142.0,97.0,4429,66,636304,1821,25.0,15757,0.74553514,0.2544649,0
2025-07-30T19:26:04.980273,18010,78487,14.0,3846758,3215,4843.0,3711189779.0,433011,26.0,120.0,77.0,3215,65,632077,1587,28.0,15281,0.8425342,0.15746585,0
2025-07-30T19:26:10.128740,20242,81237,23.0,3847323,3779,8844.0,7602961276.0,428077,51.0,240.0,164.0,3779,65,635403,1659,43.0,16333,0.7446358,0.25536418,0
2025-07-30T19:26:15.255634,18735,86332,12.0,3746334,7802,4500.0,3732196595.0,432407,26.0,95.0,73.0,7802,70,631847,1863,21.0,16163,0.9656195,0.034380477,0
2025-07-30T19:26:20.389275,17972,79232,10.0,3971225,3436,4829.0,3850207857.0,441641,26.0,89.0,67.0,3436,64,623659,1679,155.0,15215,0.9472248,0.05277523,0
2025-07-30T19:26:25.539894,17531,82652,8.0,3943278,3134,4822.0,3841536627.0,430414,26.0,94.0,64.0,3134,64,630224,1797,24.0,16354,0.83739597,0.16260402,0
2025-07-30T19:26:30.799240,17963,82145,11.0,4107666,3261,4811.0,3688783656.0,426368,25.0,96.0,64.0,3261,70,632539,1559,117.0,14991,0.80125797,0.19874202,0
2025-07-30T19:26:35.925352,17801,84581,9.0,3721117,2905,4819.0,3897212678.0,442089,26.0,82.0,63.0,2905,66,630995,1594,103.0,15274,0.6871773,0.3128227,0
2025-07-30T19:26:41.046611,18512,84396,10.0,4295239,3182,4826.0,4150850690.0,431384,26.0,94.0,64.0,3182,68,636314,1604,90.0,15842,0.76407224,0.23592776,0
2025-07-30T19:26:46.164703,16619,84811,173.0,4690429,3157,4899.0,4986629108.0,431965,70.0,1447.0,731.0,3157,66,644975,1763,598.0,16124,0.6292677,0.37073234,0
2025-07-30T19:26:51.316926,18280,82953,8.0,4017517,2986,4839.0,3811108761.0,435966,25.0,74.0,48.0,2986,65,640961,1471,71.0,15481,0.25847834,0.74152166,1
2025-07-30T19:26:56.481804,19456,82836,10.0,3740673,3359,4836.0,3795343898.0,434872,26.0,65.0,47.0,3359,60,639133,1602,145.0,15602,0.826947,0.17305304,0
2025-07-30T19:27:01.633689,17464,75605,10.0,3864396,3139,4843.0,3721246752.0,436498,26.0,55.0,47.0,3139,61,629098,1396,18.0,16330,0.7722323,0.22776774,0
2025-07-30T19:27:06.762096,18221,77998,9.0,3831442,4369,4424.0,3753426487.0,425471,25.0,67.0,47.0,4369,66,633629,1790,22.0,15371,0.7025175,0.2974825,0
2025-07-30T19:27:11.912604,17747,79556,13.0,3977211,3402,4113.0,3756722278.0,436639,26.0,73.0,50.0,3402,60,654904,1718,97.0,15970,0.9316184,0.06838163,0
2025-07-30T19:27:17.046833,20571,78219,1023.0,3939341,2508,4966.0,4168395793.0,433308,72.0,4305.0,139.0,2508,65,631196,1685,682.0,15576,0.93731475,0.06268528,0
2025-07-30T19:27:22.158704,21020,91977,8.0,3784897,3765,4847.0,3826993560.0,435945,26.0,59.0,48.0,3765,68,640581,1664,18.0,17941,0.7983153,0.20168473,0
2025-07-30T19:27:27.320918,17722,81859,30.0,3737381,3186,4850.0,4046941683.0,436536,25.0,194.0,152.0,3186,63,635141,1523,55.0,15566,0.75611484,0.24388516,0
2025-07-30T19:27:32.477418,17901,86505,11.0,3779522,3185,4848.0,3830040437.0,441822,71.0,121.0,84.0,3185,64,641232,1567,203.0,15978,0.7017132,0.2982868,0
2025-07-30T19:27:37.612279,18486,79142,11.0,3968985,5409,4821.0,3853606485.0,431283,26.0,110.0,69.0,5409,68,642115,1607,21.0,15664,0.8847091,0.11529088,0
2025-07-30T19:27:42.744677,20479,80404,18.0,3718394,4385,4809.0,3853159235.0,438682,25.0,154.0,122.0,4385,70,626877,1916,26.0,15425,0.92371815,0.07628183,0
2025-07-30T19:27:47.878999,17061,84512,12.0,3782261,3256,4815.0,3841443184.0,437854,26.0,130.0,90.0,3256,65,623128,1530,343.0,16314,0.9102884,0.08971163,0
2025-07-30T19:27:53.034196,17678,80893,19.0,4026342,3076,4833.0,3788987090.0,438075,26.0,176.0,121.0,3076,66,624791,1635,256.0,16033,0.5791105,0.42088947,0
2025-07-30T19:27:58.158159,17781,78283,14.0,3774713,3179,4827.0,3809657806.0,433187,26.0,135.0,95.0,3179,64,640424,1650,20.0,15941,0.6153463,0.38465372,0
2025-07-30T19:28:03.286937,19394,81336,9.0,4097016,3131,4845.0,3884455143.0,439569,25.0,115.0,74.0,3131,66,625687,1817,61.0,15931,0.8088249,0.19117513,0
2025-07-30T19:28:08.419796,18146,84531,17.0,3747972,3505,4406.0,3641449857.0,433978,26.0,139.0,95.0,3505,62,637128,1624,22.0,15300,0.8920391,0.10796086,0
2025-07-30T19:28:13.582113,17876,86216,8.0,3989150,3302,4133.0,3783989654.0,433855,26.0,88.0,67.0,3302,71,641775,1556,109.0,15877,0.7726591,0.22734089,0
2025-07-30T19:28:18.742168,18306,74755,12.0,3796108,3366,4818.0,3848909460.0,430287,26.0,106.0,73.0,3366,66,632762,1464,112.0,15307,0.6494479,0.35055205,0
2025-07-30T19:28:23.878122,17900,78068,13.0,3782615,3076,4811.0,3831818459.0,438180,25.0,97.0,65.0,3076,63,627927,1629,116.0,16096,0.6914316,0.30856842,0
2025-07-30T19:28:29.005281,17490,78789,8.0,3641769,3109,4811.0,3766734637.0,444326,26.0,85.0,63.0,3109,66,643958,1508,94.0,15619,0.6833171,0.31668288,0
2025-07-30T19:28:34.165828,19462,78293,10.0,3743728,4880,4817.0,3761996152.0,434376,26.0,97.0,66.0,4880,64,631829,1826,84.0,15398,0.8067399,0.19326004,0
2025-07-30T19:28:39.307891,18349,81582,10.0,3934855,3105,4819.0,3872074441.0,435764,26.0,92.0,63.0,3105,66,645137,1531,22.0,15668,0.9002812,0.09971884,0
2025-07-30T19:28:44.442507,17923,83727,8.0,3752744,3314,4800.0,3975243400.0,431300,25.0,91.0,65.0,3314,63,637980,1514,20.0,15748,0.6866466,0.31335342,0
2025-07-30T19:28:49.562434,20680,83734,169.0,3737157,3223,4913.0,4947532801.0,437553,70.0,1313.0,725.0,3223,63,677173,1556,202.0,15699,0.7938903,0.2061097,0
2025-07-30T19:28:54.688341,18147,81453,11.0,3728900,3003,4815.0,3684654620.0,429690,26.0,87.0,46.0,3003,61,633783,1495,35.0,15223,0.7164311,0.28356892,0
2025-07-30T19:28:59.874767,18381,86845,8.0,3851900,3565,4829.0,3778137742.0,431649,25.0,64.0,48.0,3565,68,655163,1726,24.0,16461,0.73537827,0.26462173,0
2025-07-30T19:29:05.047660,18131,78658,11.0,3864704,4909,4838.0,3749185933.0,429323,26.0,64.0,48.0,4909,72,633784,1876,19.0,15442,0.85894793,0.14105205,0
2025-07-30T19:29:10.163143,17610,78761,19.0,3822559,3574,8666.0,7539706876.0,434685,51.0,142.0,100.0,3574,61,644107,1462,491.0,15394,0.85142046,0.14857954,0
2025-07-30T19:29:15.296817,16768,78765,19.0,4029675,3050,4848.0,4009073596.0,434755,72.0,204.0,119.0,3050,65,634764,1522,631.0,17613,0.6039002,0.3960998,0
2025-07-30T19:29:20.440192,18334,83742,9.0,4007212,2953,4811.0,3817194777.0,454389,25.0,67.0,49.0,2953,67,648868,1499,65.0,15673,0.62012285,0.37987715,0
2025-07-30T19:29:25.614709,17575,86305,13.0,3782025,3116,4830.0,3949404408.0,433531,26.0,79.0,49.0,3116,69,627685,1576,420.0,15729,0.7522966,0.24770339,0
2025-07-30T19:29:30.774714,18663,81103,9.0,3834687,3353,4827.0,3845783446.0,437294,26.0,62.0,46.0,3353,67,651061,1580,56.0,15405,0.64383054,0.35616943,0
2025-07-30T19:29:35.894341,18169,84997,9.0,4190070,3107,4833.0,3843962126.0,431204,26.0,65.0,48.0,3107,68,631139,1555,112.0,16012,0.73675525,0.26324472,0
2025-07-30T19:29:41.032179,18171,82005,10.0,4465612,3501,4829.0,3842727719.0,434435,26.0,61.0,48.0,3501,68,656644,1815,20.0,15881,0.75318694,0.24681304,0
2025-07-30T19:29:46.178313,17340,88395,9.0,3764028,2829,4823.0,3807413979.0,439700,26.0,72.0,47.0,2829,69,630517,1846,23.0,15478,0.84166574,0.15833426,0
2025-07-30T19:29:51.320614,17654,81624,8.0,3836066,3116,4833.0,3777858082.0,430414,25.0,90.0,47.0,3116,66,624781,1506,22.0,16394,0.6233865,0.37661347,0
2025-07-30T19:29:56.449618,17176,82075,11.0,3750513,4512,4841.0,3805872134.0,433639,26.0,71.0,47.0,4512,65,619593,1620,20.0,15381,0.5985821,0.4014179,0
2025-07-30T19:30:01.579547,17738,80957,9.0,3847915,3108,4843.0,3755889976.0,434640,26.0,55.0,47.0,3108,67,635332,1503,22.0,15728,0.6952861,0.3047139,0
2025-07-30T19:30:06.682774,17568,77716,11.0,3855551,3351,4629.0,3768392213.0,434358,26.0,75.0,48.0,3351,68,628706,1620,108.0,15594,0.6354817,0.36451825,0
2025-07-30T19:30:11.833804,21212,83436,13.0,4030528,3646,4211.0,3665904909.0,435930,69.0,60.0,47.0,3646,66,640201,1641,49.0,16128,0.7620041,0.23799594,0
2025-07-30T19:30:17.000584,17807,82775,8.0,4009050,4032,4557.0,3676453842.0,434453,25.0,63.0,47.0,4032,67,643921,1522,18.0,15794,0.9048932,0.09510677,0
2025-07-30T19:30:22.126674,18347,81235,11.0,4208989,3306,4813.0,3879954640.0,428325,26.0,68.0,48.0,3306,67,644075,1516,136.0,15990,0.6458375,0.3541625,0
2025-07-30T19:30:27.253159,17642,83376,9.0,4140048,3020,4825.0,3840189185.0,446463,26.0,73.0,47.0,3020,68,633252,1512,22.0,15334,0.66136473,0.33863527,0
2025-07-30T19:30:32.417242,20570,81672,8.0,3727933,3752,4813.0,3631959325.0,441261,25.0,71.0,48.0,3752,64,645790,1554,87.0,15593,0.7648553,0.23514466,0
2025-07-30T19:30:37.550602,17746,88885,14.0,3826663,2822,4830.0,3921882477.0,435351,26.0,78.0,50.0,2822,61,636539,1696,90.0,15675,0.8853656,0.11463441,0
2025-07-30T19:30:42.674054,18101,80384,9.0,3785542,3481,4828.0,3897390008.0,428648,26.0,63.0,47.0,3481,67,634458,1545,106.0,15621,0.8099314,0.1900686,0
2025-07-30T19:30:47.826583,17529,81570,8.0,3935421,3304,4824.0,3840584440.0,441515,26.0,59.0,47.0,3304,69,631285,1438,91.0,15745,0.60263157,0.39736843,0
2025-07-30T19:30:52.966893,18775,75120,11.0,3956409,3028,4841.0,3715178526.0,437129,26.0,73.0,48.0,3028,79,632726,1597,18.0,15508,0.59979826,0.40020174,0
2025-07-30T19:30:58.082868,20574,82436,10.0,3955308,3959,4846.0,4249839235.0,440528,26.0,67.0,47.0,3959,63,654601,1543,90.0,15127,0.7899398,0.21006018,0
2025-07-30T19:31:03.217510,17472,83276,10.0,3720517,3118,4851.0,3776805385.0,447636,26.0,71.0,49.0,3118,64,632336,1537,94.0,15750,0.86190134,0.13809866,0
2025-07-30T19:31:08.361828,17641,76084,11.0,3814165,3345,4551.0,3762679894.0,424764,64.0,58.0,47.0,3345,62,624422,1632,202.0,15585,0.77703655,0.22296347,0
2025-07-30T19:31:13.493029,17556,83893,8.0,3994921,3054,4005.0,3696075101.0,439367,25.0,65.0,47.0,3054,69,622071,1583,29.0,15648,0.9081762,0.09182384,0
2025-07-30T19:31:18.646292,17833,75942,10.0,3850410,3295,4831.0,3788708823.0,431177,26.0,68.0,47.0,3295,65,627362,1540,17.0,17574,0.56337047,0.43662953,0
2025-07-30T19:31:23.820399,18159,81920,9.0,3831998,3462,4837.0,3759495552.0,441165,26.0,57.0,47.0,3462,72,660772,1575,18.0,15253,0.5220438,0.47795618,0
2025-07-30T19:31:29.011659,18294,85806,8.0,4027670,3196,4831.0,3981134378.0,434864,26.0,74.0,48.0,3196,64,637528,1549,22.0,15632,0.68315655,0.31684345,0
2025-07-30T19:31:34.147237,17922,85140,11.0,3905782,3217,4827.0,3843463813.0,444335,26.0,65.0,48.0,3217,63,634799,1513,100.0,15938,0.7832329,0.21676704,0
2025-07-30T19:31:39.286466,17994,96006,9.0,3735838,3434,4813.0,3889913178.0,435192,25.0,60.0,47.0,3434,65,636040,1528,20.0,15843,0.73139083,0.26860917,0
2025-07-30T19:31:44.447078,17763,89484,10.0,3805280,3211,4832.0,3760860032.0,431230,26.0,73.0,50.0,3211,62,629179,1523,118.0,15750,0.7489346,0.25106534,0
2025-07-30T19:31:49.585254,17345,80261,12.0,3849705,3538,4823.0,3848213254.0,430859,26.0,71.0,48.0,3538,66,625649,1564,24.0,15454,0.70245093,0.29754907,0
2025-07-30T19:31:54.710660,18027,82206,8.0,3940486,3048,4842.0,3863316606.0,440502,26.0,66.0,46.0,3048,65,639805,1602,87.0,14959,0.73146564,0.26853436,0
2025-07-30T19:31:59.851807,17779,84231,10.0,3761772,3249,4826.0,3683871466.0,430176,25.0,68.0,49.0,3249,66,638978,1585,81.0,15925,0.7482393,0.2517607,0
2025-07-30T19:32:05.020295,18007,77887,9.0,3979170,3255,4847.0,3814921003.0,436665,26.0,68.0,47.0,3255,63,631321,1516,20.0,15676,0.6392866,0.36071342,0
2025-07-30T19:32:10.157216,18507,79314,19.0,3890842,3120,8648.0,7578456799.0,429488,52.0,142.0,96.0,3120,62,649419,1705,45.0,15558,0.77978456,0.22021547,0
2025-07-30T19:32:15.289556,19263,76160,11.0,3866574,3642,4719.0,3637659099.0,430670,26.0,61.0,47.0,3642,70,649427,1595,20.0,15851,0.8545071,0.14549293,0
2025-07-30T19:32:20.459100,17811,84080,8.0,3896719,3463,4808.0,3940433388.0,434952,26.0,66.0,48.0,3463,68,634846,1495,22.0,15770,0.6315056,0.3684944,0
2025-07-30T19:32:25.571456,17861,79192,11.0,3808902,3108,4849.0,3730533872.0,432028,25.0,73.0,48.0,3108,63,637734,1579,130.0,16134,0.66087365,0.33912632,0
2025-07-30T19:32:30.709168,18574,77675,9.0,3872968,3133,4829.0,3833674706.0,431761,26.0,59.0,47.0,3133,69,633540,1549,24.0,16193,0.63304436,0.36695564,0
2025-07-30T19:32:35.834384,19666,82680,10.0,3886425,3629,4807.0,3699831898.0,432984,25.0,70.0,49.0,3629,67,622695,1619,20.0,15927,0.6926255,0.30737445,0
2025-07-30T19:32:40.980337,17824,85812,10.0,3780991,3241,4817.0,3779596504.0,433911,26.0,57.0,46.0,3241,69,640585,1441,23.0,15903,0.6668699,0.3331301,0
2025-07-30T19:32:46.121066,17150,81312,8.0,4102377,3393,4843.0,3840429475.0,432412,27.0,63.0,48.0,3393,72,623955,1638,28.0,15819,0.5429386,0.4570614,0
2025-07-30T19:32:51.266766,15940,79116,10.0,3972966,3274,4818.0,3787187090.0,429036,25.0,79.0,49.0,3274,76,648981,1603,26.0,16432,0.40018797,0.59981203,1
2025-07-30T19:32:56.410834,18838,77132,11.0,3950388,3220,4835.0,3844997398.0,427982,26.0,83.0,47.0,3220,68,635049,1502,21.0,15379,0.30381036,0.69618964,1
2025-07-30T19:33:01.546251,18988,82041,8.0,3791821,3542,4843.0,3752406818.0,431599,26.0,63.0,47.0,3542,63,635857,1591,114.0,15518,0.77467227,0.22532775,0
2025-07-30T19:33:06.695722,18027,86004,9.0,3810717,3257,4551.0,3704118007.0,432204,25.0,66.0,48.0,3257,68,634966,1530,44.0,16084,0.7254482,0.2745518,0
2025-07-30T19:33:11.828727,17557,78548,10.0,3866414,3037,4063.0,3690417612.0,433432,26.0,65.0,47.0,3037,66,632985,1455,95.0,16011,0.5703254,0.4296746,0
2025-07-30T19:33:16.998102,17822,82548,8.0,3958063,3183,4746.0,3786594687.0,424693,26.0,66.0,48.0,3183,65,628896,1621,28.0,15844,0.64682853,0.3531715,0
2025-07-30T19:33:22.124284,17606,79433,11.0,3524694,2876,4795.0,3745039915.0,431069,25.0,68.0,47.0,2876,63,641330,1760,111.0,15809,0.776029,0.22397098,0
2025-07-30T19:33:27.263038,20100,85243,8.0,3855774,4506,4811.0,3949450678.0,434492,26.0,59.0,47.0,4506,62,629096,1555,104.0,15725,0.8651158,0.1348842,0
2025-07-30T19:33:32.406320,17511,78088,10.0,3931977,3278,4827.0,3681870387.0,432409,26.0,71.0,49.0,3278,64,632653,1550,24.0,15353,0.8713212,0.12867877,0
2025-07-30T19:33:37.546771,18521,75601,10.0,4722196,3109,4799.0,3770538207.0,435738,25.0,58.0,47.0,3109,63,637903,1751,100.0,15675,0.8099267,0.1900733,0
2025-07-30T19:33:42.679851,17953,77801,9.0,4037353,3169,4811.0,3777452446.0,442628,25.0,63.0,48.0,3169,71,636472,1582,94.0,15556,0.84298205,0.15701793,0
2025-07-30T19:33:47.804276,20802,81885,10.0,3720926,3900,4824.0,3753725589.0,429063,26.0,78.0,48.0,3900,65,633585,1610,104.0,15702,0.7500088,0.24999115,0
2025-07-30T19:33:52.937048,17948,83671,9.0,3798782,3071,4832.0,3771399343.0,439853,26.0,65.0,47.0,3071,64,633481,1616,113.0,16250,0.8388691,0.16113092,0
2025-07-30T19:33:58.058635,17553,76980,8.0,4352003,4669,4830.0,3819714526.0,442033,25.0,69.0,48.0,4669,63,640198,1761,26.0,16188,0.79671085,0.20328914,0
2025-07-30T19:34:03.189001,17491,80380,14.0,4097707,4978,4851.0,3824985375.0,434658,26.0,75.0,50.0,4978,63,631759,1619,129.0,15853,0.77793026,0.22206971,0
2025-07-30T19:34:08.334709,17840,81048,9.0,3939667,3112,4559.0,3706910108.0,432167,26.0,81.0,52.0,3112,69,641582,1493,113.0,15747,0.7182807,0.28171936,0
2025-07-30T19:34:13.468448,19483,78881,9.0,4018173,3815,4055.0,3678294550.0,428560,26.0,62.0,48.0,3815,66,637014,1532,27.0,15654,0.64260525,0.35739475,0
2025-07-30T19:34:18.598414,17075,81385,13.0,3777069,3164,4800.0,3754223038.0,428432,25.0,73.0,48.0,3164,66,629943,1504,32.0,15641,0.72359526,0.2764047,0
2025-07-30T19:34:23.716706,17863,98408,10.0,3943045,3534,4835.0,3810293203.0,427945,26.0,66.0,47.0,3534,64,628212,1641,131.0,15327,0.7024994,0.29750064,0
2025-07-30T19:34:28.846577,18406,92592,10.0,3961614,3187,4817.0,3746347066.0,431550,25.0,72.0,48.0,3187,66,639633,1575,20.0,15756,0.8088606,0.19113939,0
2025-07-30T19:34:33.997040,20494,93620,10.0,3834480,3790,4802.0,3714853623.0,434786,25.0,63.0,47.0,3790,71,633540,1637,20.0,15553,0.732589,0.267411,0
2025-07-30T19:34:39.117418,18882,83930,9.0,3804014,3373,4851.0,3864089555.0,434832,27.0,67.0,48.0,3373,71,633134,1620,20.0,15710,0.80365574,0.19634424,0
2025-07-30T19:34:44.251867,18945,78947,11.0,3834889,2899,4822.0,3890153870.0,434700,26.0,69.0,47.0,2899,70,642245,1557,18.0,15902,0.71009743,0.28990254,0
2025-07-30T19:34:49.450516,17718,79406,10.0,3966753,3513,4801.0,3674242698.0,436111,25.0,59.0,47.0,3513,66,639530,1565,18.0,15479,0.6914471,0.30855292,0
2025-07-30T19:34:54.579584,17553,81423,8.0,3988049,3334,4939.0,3900987402.0,434882,26.0,93.0,49.0,3334,66,631361,1464,125.0,15254,0.6494733,0.35052672,0
2025-07-30T19:34:59.713457,19979,86132,11.0,3976444,3700,4832.0,3893736070.0,441110,26.0,62.0,48.0,3700,66,634269,1638,56.0,15870,0.7444533,0.2555467,0
2025-07-30T19:35:04.914350,19571,88112,9.0,3756143,3426,4836.0,3743985731.0,436590,26.0,60.0,46.0,3426,62,630182,1472,86.0,15845,0.8920282,0.107971765,0
2025-07-30T19:35:10.073211,18146,76992,10.0,3657848,3090,4509.0,3780069818.0,434238,26.0,73.0,50.0,3090,65,639666,1328,26.0,15805,0.70504093,0.29495907,0
2025-07-30T19:35:15.208698,17649,76873,22.0,3897982,3339,8831.0,7501078429.0,438064,51.0,149.0,95.0,3339,65,661455,1587,227.0,15382,0.72885674,0.27114326,0
2025-07-30T19:35:20.342218,17701,81000,10.0,3760586,3290,4819.0,3792224751.0,446233,26.0,97.0,48.0,3290,66,633964,1631,102.0,16106,0.7870446,0.21295543,0
2025-07-30T19:35:25.487692,18171,80955,10.0,3882101,4747,4799.0,3781774560.0,428202,25.0,64.0,47.0,4747,69,638872,1842,112.0,15731,0.78303766,0.21696232,0
2025-07-30T19:35:30.648760,18303,84036,9.0,3778864,4653,4815.0,3844682533.0,429784,26.0,81.0,47.0,4653,63,630411,1640,85.0,15358,0.87254494,0.12745506,0
2025-07-30T19:35:35.769986,18148,79769,10.0,4368371,3267,4817.0,3818744351.0,432554,26.0,67.0,47.0,3267,70,632370,1576,28.0,15653,0.85747623,0.14252375,0
2025-07-30T19:35:40.900692,17633,84717,10.0,3801539,3068,4801.0,3759708234.0,433538,25.0,56.0,47.0,3068,64,643391,1567,88.0,15804,0.6710464,0.3289536,0
2025-07-30T19:35:46.023175,20918,78412,9.0,3910795,3606,4803.0,3768358313.0,432369,26.0,73.0,47.0,3606,65,639259,1694,91.0,15318,0.83651894,0.16348106,0
2025-07-30T19:35:51.127890,18607,80598,11.0,3805492,3220,4829.0,3877175863.0,441296,26.0,74.0,48.0,3220,69,642659,1498,105.0,15517,0.8644798,0.1355202,0
2025-07-30T19:35:56.246584,17029,79472,8.0,3862858,3310,4825.0,3862744223.0,432910,26.0,52.0,47.0,3310,63,623092,1593,80.0,16315,0.65910727,0.34089273,0
2025-07-30T19:36:01.381464,18280,77876,11.0,3912467,3292,4820.0,3810526871.0,435601,26.0,76.0,49.0,3292,67,641974,1563,20.0,15395,0.6585001,0.3414999,0
2025-07-30T19:36:06.533801,18171,76477,9.0,3749639,3224,4725.0,3741071971.0,430856,26.0,62.0,47.0,3224,67,628369,1532,99.0,16940,0.6072489,0.3927511,0
2025-07-30T19:36:11.655284,19122,81820,9.0,3699061,3847,4018.0,3605736492.0,426065,25.0,68.0,48.0,3847,61,636566,1710,93.0,15855,0.6915586,0.3084414,0
2025-07-30T19:36:16.794583,17460,87417,11.0,3842774,4600,4592.0,3797959937.0,436195,26.0,74.0,49.0,4600,76,642844,1850,17.0,15663,0.9467988,0.053201225,0
2025-07-30T19:36:21.932559,18202,79164,13.0,3757012,3226,4809.0,3692251967.0,436024,26.0,72.0,51.0,3226,65,633450,1564,20.0,15422,0.732223,0.26777703,0
2025-07-30T19:36:27.068068,18015,93198,8.0,4034608,3140,4785.0,3729465342.0,426876,25.0,61.0,47.0,3140,64,633679,1720,18.0,15638,0.7776258,0.22237417,0
2025-07-30T19:36:32.183015,17174,81496,11.0,3768425,3097,4823.0,3866285175.0,431567,26.0,68.0,49.0,3097,67,642617,1490,22.0,15546,0.7084382,0.29156178,0
2025-07-30T19:36:37.321597,17992,83796,10.0,3783014,4155,4793.0,3735660724.0,425435,26.0,63.0,47.0,4155,62,636446,1764,18.0,15683,0.7136208,0.2863792,0
2025-07-30T19:36:42.494382,17795,80948,9.0,3676693,3141,4813.0,3735822070.0,441288,25.0,66.0,48.0,3141,68,634676,1551,138.0,15969,0.85599566,0.14400433,0
2025-07-30T19:36:47.620299,17480,78281,12.0,3826972,4205,4809.0,3885056758.0,432637,26.0,69.0,48.0,4205,61,633348,1573,22.0,15733,0.62404585,0.37595418,0
2025-07-30T19:36:52.755266,17861,82905,8.0,3971294,3383,4817.0,3820847263.0,430905,26.0,66.0,47.0,3383,77,643738,1641,103.0,15385,0.73814464,0.2618554,0
2025-07-30T19:36:57.890417,17913,97856,12.0,3820298,3410,4830.0,4247362177.0,433374,26.0,79.0,49.0,3410,66,652244,1508,99.0,16051,0.5690765,0.43092352,0
2025-07-30T19:37:03.051506,20133,92561,10.0,3850743,3582,4823.0,3827627653.0,434826,26.0,69.0,47.0,3582,70,634670,1690,26.0,15696,0.8155751,0.18442488,0
2025-07-30T19:37:08.208428,18129,83157,8.0,3763045,3391,4677.0,3811191718.0,432263,25.0,62.0,48.0,3391,68,643598,1587,22.0,15550,0.8040673,0.19593267,0
2025-07-30T19:37:13.350262,18604,81925,11.0,3787997,3277,4194.0,3621101461.0,432173,26.0,71.0,47.0,3277,63,637894,1503,20.0,15353,0.7142758,0.28572422,0
2025-07-30T19:37:18.477635,17462,77139,10.0,3895491,3297,4462.0,3826572780.0,431967,26.0,68.0,46.0,3297,62,633788,1646,20.0,16083,0.7748543,0.22514573,0
2025-07-30T19:37:23.610902,19428,81591,8.0,4063565,3499,4802.0,3793703494.0,432126,25.0,64.0,48.0,3499,62,640830,1654,94.0,16560,0.83183825,0.16816173,0
2025-07-30T19:37:28.748284,18258,86073,13.0,3808758,3331,4835.0,3861532321.0,428795,26.0,82.0,49.0,3331,67,636015,1559,116.0,15223,0.8378049,0.16219507,0
2025-07-30T19:37:33.898139,17292,80753,10.0,3907793,3127,4825.0,3759246998.0,434729,27.0,64.0,46.0,3127,66,631053,1636,99.0,15816,0.7281705,0.27182952,0
2025-07-30T19:37:39.054805,18540,80631,8.0,3788978,3333,4815.0,3820414548.0,444887,25.0,66.0,48.0,3333,65,642492,1659,20.0,16030,0.7063812,0.29361877,0
2025-07-30T19:37:44.174890,18690,82380,12.0,3990171,3205,4814.0,3780316712.0,431537,26.0,69.0,48.0,3205,65,628021,1501,92.0,15655,0.7800769,0.2199231,0
2025-07-30T19:37:49.334642,20203,77388,11.0,3816395,3906,4804.0,3689919530.0,439909,26.0,77.0,46.0,3906,64,630826,1640,80.0,15708,0.8092234,0.19077657,0
2025-07-30T19:37:54.476106,18549,83475,10.0,3842421,3401,4827.0,3862564895.0,439047,25.0,92.0,49.0,3401,69,640354,1637,18.0,16583,0.79007936,0.20992061,0
2025-07-30T19:37:59.607460,18040,79265,9.0,3836047,4039,4832.0,3831767843.0,432189,26.0,60.0,47.0,4039,66,643885,1624,22.0,15372,0.6998107,0.30018932,0
2025-07-30T19:38:04.757277,18355,84548,9.0,3841645,3145,4839.0,3803939531.0,428483,26.0,67.0,48.0,3145,66,639408,1570,24.0,15940,0.7075951,0.29240492,0
2025-07-30T19:38:09.901229,17402,79492,10.0,4031119,3098,4815.0,3762182103.0,434028,26.0,70.0,48.0,3098,67,640566,1560,22.0,15612,0.66195977,0.33804026,0
2025-07-30T19:38:15.048659,18071,74876,10.0,4284102,3002,4183.0,3724208756.0,432465,26.0,61.0,47.0,3002,67,628528,1616,25.0,15320,0.67691165,0.32308835,0
2025-07-30T19:38:20.191057,18280,88979,20.0,4207735,3148,9160.0,7397108649.0,438581,52.0,138.0,95.0,3148,66,632113,1574,138.0,15729,0.81552017,0.18447983,0
2025-07-30T19:38:25.330755,17250,77316,8.0,4045215,3295,4829.0,3681230404.0,435920,26.0,52.0,47.0,3295,68,637476,1577,88.0,14893,0.85855365,0.14144634,0
2025-07-30T19:38:30.434401,16899,80036,11.0,3940040,3042,4805.0,3755466196.0,431507,25.0,80.0,49.0,3042,62,627472,1725,82.0,14968,0.74559784,0.2544022,0
2025-07-30T19:38:35.574074,17880,81361,12.0,3816789,3125,4812.0,3825050832.0,431585,26.0,83.0,47.0,3125,66,627003,1499,90.0,15887,0.7533107,0.24668929,0
2025-07-30T19:38:40.717998,17182,82186,9.0,3850182,3997,4823.0,3846730055.0,438735,26.0,62.0,47.0,3997,67,628991,1697,106.0,15999,0.65652657,0.34347343,0
2025-07-30T19:38:45.903883,16877,84256,12.0,3725070,3154,4809.0,3713410391.0,439488,26.0,72.0,49.0,3154,65,621564,1452,18.0,15545,0.60094297,0.39905703,0
2025-07-30T19:38:51.050561,17943,78713,9.0,3767057,4714,4839.0,3840570732.0,437228,26.0,71.0,46.0,4714,64,628678,1773,129.0,15576,0.6972522,0.3027478,0
2025-07-30T19:38:56.190812,17938,79321,8.0,3785335,3203,4817.0,3708242525.0,432592,25.0,62.0,48.0,3203,65,639739,1525,20.0,15935,0.79025644,0.20974357,0
2025-07-30T19:39:01.349090,18482,80802,11.0,3793391,3103,4845.0,3826223784.0,436080,26.0,69.0,48.0,3103,66,650091,1622,23.0,17155,0.5915345,0.40846547,0
2025-07-30T19:39:06.517260,20172,76621,9.0,3830609,3807,4855.0,3742033901.0,427166,26.0,69.0,52.0,3807,65,629138,1698,25.0,16274,0.72789156,0.27210844,0
2025-07-30T19:39:11.626290,18310,81233,9.0,3819324,3190,4221.0,3641304713.0,441819,25.0,70.0,48.0,3190,65,641028,1534,21.0,15679,0.78750354,0.21249646,0
2025-07-30T19:39:16.747621,17369,81312,12.0,4029950,3068,4295.0,3812435163.0,436295,26.0,71.0,48.0,3068,71,630610,1614,26.0,16023,0.689191,0.31080905,0
2025-07-30T19:39:21.905125,23219,75721,10.0,3839809,3248,4822.0,3881781567.0,429251,26.0,67.0,47.0,3248,64,643718,1527,111.0,15586,0.81081194,0.18918806,0
2025-07-30T19:39:27.028515,19569,83517,10.0,3793180,3429,4800.0,3830058103.0,441292,26.0,76.0,49.0,3429,64,630373,1497,40.0,15753,0.9056273,0.09437268,0
2025-07-30T19:39:32.146930,20878,87529,10.0,3687683,3329,4811.0,3832076699.0,442010,26.0,59.0,47.0,3329,66,649323,1695,102.0,15902,0.87261474,0.12738529,0
2025-07-30T19:39:37.282048,16804,81850,8.0,4002247,3081,4801.0,3776519604.0,449175,26.0,62.0,48.0,3081,65,639287,1615,94.0,14958,0.8858733,0.11412666,0
2025-07-30T19:39:42.457582,16899,82236,11.0,4107971,3345,4809.0,3718113932.0,433659,26.0,69.0,49.0,3345,64,645859,1562,20.0,15617,0.6993716,0.30062845,0
2025-07-30T19:39:47.586285,17743,78833,13.0,4105219,3206,4789.0,3826386250.0,431348,25.0,76.0,48.0,3206,64,641199,1562,91.0,14912,0.7175733,0.28242674,0
2025-07-30T19:39:52.712566,19606,75774,8.0,3833380,3894,4803.0,3821415645.0,442307,27.0,73.0,47.0,3894,63,627004,1573,88.0,15781,0.7871843,0.2128157,0
2025-07-30T19:39:57.886918,22601,82372,10.0,3868687,3392,4829.0,3777862306.0,424136,25.0,62.0,48.0,3392,64,659955,1583,102.0,15503,0.9085279,0.091472074,0
2025-07-30T19:40:03.048096,17542,80077,10.0,3891787,3874,4838.0,3730143931.0,429875,26.0,66.0,47.0,3874,71,638872,1558,86.0,15250,0.8700055,0.1299945,0
2025-07-30T19:40:08.174021,18631,82237,8.0,3758311,3205,4809.0,3799078543.0,433556,26.0,63.0,48.0,3205,65,631340,1633,24.0,15531,0.6204691,0.37953088,0
2025-07-30T19:40:13.324375,16660,94453,12.0,4099501,3277,4303.0,3751378388.0,439181,25.0,70.0,48.0,3277,69,647410,1575,87.0,15634,0.7211627,0.2788373,0
2025-07-30T19:40:18.453077,17578,80228,9.0,3829836,3263,4224.0,3625392591.0,430791,26.0,76.0,47.0,3263,67,635820,1553,92.0,15874,0.5721764,0.4278236,0
2025-07-30T19:40:23.600513,17257,85900,10.0,3747864,3199,4818.0,3865189626.0,436041,26.0,71.0,49.0,3199,67,623112,1682,95.0,15378,0.6917316,0.3082684,0
2025-07-30T19:40:28.733149,19606,81235,9.0,3813786,3211,4801.0,3819071509.0,440496,25.0,63.0,47.0,3211,61,631151,1559,96.0,15561,0.8309252,0.16907474,0
2025-07-30T19:40:33.923750,17979,77875,9.0,3987894,3292,4833.0,3724398349.0,432233,27.0,66.0,48.0,3292,69,631749,1572,25.0,15310,0.8110761,0.18892391,0
2025-07-30T19:40:39.049934,16527,81929,10.0,3892333,3051,4801.0,3820300042.0,438625,25.0,63.0,48.0,3051,64,632812,1551,98.0,15673,0.64040303,0.35959694,0
2025-07-30T19:40:44.200011,17758,81172,10.0,3810824,3697,4809.0,3904680915.0,433601,26.0,63.0,47.0,3697,65,634254,1507,26.0,15617,0.6060798,0.3939202,0
2025-07-30T19:40:49.333673,17840,84328,9.0,3997174,3232,4810.0,3757990953.0,433838,26.0,84.0,47.0,3232,63,630717,1617,24.0,15080,0.74330705,0.25669295,0
2025-07-30T19:40:54.464244,17478,83101,14.0,3781430,3223,4817.0,3847313081.0,430695,26.0,97.0,50.0,3223,66,638732,1517,22.0,16055,0.7030259,0.29697412,0
2025-07-30T19:40:59.599459,17768,76375,9.0,3764384,3012,4816.0,3722510945.0,435617,25.0,62.0,47.0,3012,66,631109,1593,18.0,15732,0.601545,0.39845502,0
2025-07-30T19:41:04.767587,17526,78572,9.0,3967218,3022,4836.0,3799899064.0,429943,26.0,66.0,48.0,3022,68,630761,1493,18.0,15877,0.571869,0.42813098,0
2025-07-30T19:41:09.910836,19860,85988,11.0,3936231,3966,4813.0,3787526270.0,434963,26.0,63.0,48.0,3966,61,629477,1717,110.0,16025,0.7692793,0.23072071,0
2025-07-30T19:41:15.049762,17759,82664,9.0,3787194,6372,4426.0,3927553200.0,448762,26.0,61.0,47.0,6372,67,629143,1753,99.0,15996,0.96747637,0.032523654,0
2025-07-30T19:41:20.193029,18183,81450,21.0,3942625,3250,8898.0,7436757779.0,429785,50.0,132.0,96.0,3250,65,632682,1844,192.0,15233,0.9539493,0.04605073,0
2025-07-30T19:41:25.318595,17659,82037,8.0,3887054,3279,4836.0,3772691413.0,442791,27.0,63.0,48.0,3279,65,660087,1578,27.0,16158,0.885947,0.11405299,0
2025-07-30T19:41:30.417744,16965,75677,11.0,3722679,3644,4809.0,3810681119.0,424555,25.0,76.0,48.0,3644,65,629601,1761,86.0,15629,0.7045517,0.29544827,0
2025-07-30T19:41:35.550410,19467,83732,9.0,3796255,3724,4807.0,3828225277.0,432392,26.0,55.0,47.0,3724,67,634438,1644,80.0,15585,0.74334794,0.25665206,0
2025-07-30T19:41:40.681632,18519,85820,9.0,3759579,3142,4823.0,3725488127.0,430827,26.0,72.0,48.0,3142,64,630172,1599,20.0,15768,0.81764483,0.18235517,0
2025-07-30T19:41:45.819917,18063,82395,12.0,4182783,3061,4792.0,3773009553.0,428893,26.0,71.0,48.0,3061,63,638104,1620,96.0,15901,0.7935095,0.20649049,0
2025-07-30T19:41:50.964766,17189,81349,8.0,3941280,3115,4840.0,3742283492.0,435895,26.0,75.0,47.0,3115,68,631191,1623,98.0,16034,0.73209614,0.26790386,0
2025-07-30T19:41:56.097404,18471,84069,10.0,3774182,3440,4834.0,3806110032.0,434289,26.0,73.0,49.0,3440,69,643510,1526,21.0,15440,0.5760524,0.4239476,0
2025-07-30T19:42:01.253053,17767,78148,13.0,3769852,3049,4830.0,3829774095.0,427279,25.0,74.0,48.0,3049,67,623174,1385,114.0,15529,0.622398,0.37760195,0
2025-07-30T19:42:06.419940,17792,83854,8.0,3893336,4344,4815.0,3721714851.0,437633,26.0,58.0,47.0,4344,67,621123,1672,96.0,15828,0.62357366,0.37642637,0
2025-07-30T19:42:11.537593,17786,77656,11.0,3784955,3322,4459.0,3798056421.0,431133,26.0,71.0,49.0,3322,77,637384,1738,101.0,15584,0.75287926,0.24712075,0
2025-07-30T19:42:16.663397,18339,82984,10.0,3751091,3304,4419.0,3695065544.0,427873,25.0,64.0,47.0,3304,68,646571,1590,26.0,16085,0.60997105,0.39002895,0
2025-07-30T19:42:21.833052,20123,88555,8.0,3745314,6345,4467.0,3866441193.0,442671,26.0,64.0,48.0,6345,64,632046,1759,28.0,15504,0.9397436,0.060256425,0
2025-07-30T19:42:26.993832,18132,75911,10.0,3926653,3104,4841.0,3714494065.0,427723,26.0,82.0,48.0,3104,62,631077,1540,24.0,15639,0.9676668,0.0323332,0
2025-07-30T19:42:32.108875,17659,74784,10.0,3909986,2673,4819.0,3962785241.0,428758,26.0,66.0,47.0,2673,67,643935,1879,33.0,16553,0.7400951,0.25990492,0
2025-07-30T19:42:37.239499,18001,81127,9.0,4131328,4563,4798.0,3818783058.0,431169,25.0,63.0,48.0,4563,81,635320,1600,53.0,15327,0.74241287,0.25758713,0
2025-07-30T19:42:42.365816,18449,84067,11.0,3799816,3748,4801.0,3765986999.0,430918,26.0,69.0,48.0,3748,68,656788,1590,104.0,15045,0.57359666,0.42640334,0
2025-07-30T19:42:47.487542,19591,84240,10.0,3713599,3485,4828.0,3819069449.0,437296,26.0,72.0,47.0,3485,69,636153,1614,18.0,15833,0.7483795,0.25162047,0
2025-07-30T19:42:52.632970,17363,77024,10.0,3738594,3139,4813.0,3841978963.0,437615,27.0,80.0,49.0,3139,63,631482,1557,20.0,16452,0.6937939,0.30620614,0
2025-07-30T19:42:57.842904,17352,80724,12.0,4461264,3192,4828.0,4131684170.0,434324,25.0,61.0,47.0,3192,67,626020,1511,18.0,15457,0.6180413,0.38195872,0
2025-07-30T19:43:02.994027,17952,79864,9.0,3912402,3052,4833.0,3838665354.0,433590,26.0,64.0,48.0,3052,66,637476,1582,22.0,15032,0.6934142,0.30658576,0
2025-07-30T19:43:08.127572,19030,80328,10.0,3759692,3667,4807.0,3870006465.0,431470,26.0,68.0,48.0,3667,72,629689,1624,20.0,15591,0.724599,0.27540097,0
2025-07-30T19:43:13.255273,18586,87504,12.0,3757695,2957,4506.0,3718278832.0,430452,25.0,72.0,48.0,2957,63,647627,1425,53.0,16193,0.69689894,0.30310106,0
2025-07-30T19:43:18.406621,17535,81412,12.0,3791128,4083,4064.0,3633726735.0,433273,25.0,77.0,47.0,4083,66,624485,1616,118.0,15505,0.72791195,0.27208808,0
2025-07-30T19:43:23.533456,17472,80805,11.0,3946678,3016,4736.0,3730131067.0,470417,26.0,66.0,49.0,3016,64,631021,1476,25.0,15098,0.7597731,0.24022692,0
2025-07-30T19:43:28.673170,21337,82913,10.0,3781860,3424,4813.0,3865160915.0,430537,26.0,60.0,47.0,3424,64,623491,1487,35.0,16328,0.7604691,0.23953089,0
2025-07-30T19:43:33.805852,19560,85464,9.0,3882365,3793,4802.0,3783016015.0,430253,25.0,79.0,48.0,3793,64,635323,1525,26.0,15385,0.85650057,0.14349942,0
2025-07-30T19:43:38.947930,18430,81821,11.0,3929883,3131,4809.0,3712121639.0,436426,27.0,71.0,47.0,3131,73,643794,1576,29.0,15756,0.7720521,0.2279479,0
2025-07-30T19:43:44.074356,18117,80287,8.0,3791188,3441,4808.0,3828298111.0,432481,25.0,52.0,47.0,3441,65,635121,1561,28.0,16912,0.5641235,0.43587646,0
2025-07-30T19:43:49.222645,16999,78717,12.0,3765460,4184,4816.0,3777043706.0,440382,26.0,78.0,49.0,4184,67,629416,1584,46.0,15855,0.5596534,0.44034663,0
2025-07-30T19:43:54.376481,17440,78505,9.0,3782574,3197,4818.0,3793074072.0,444269,26.0,70.0,47.0,3197,67,627257,1546,98.0,15537,0.56255007,0.4374499,0
2025-07-30T19:43:59.502758,18464,84422,8.0,3719411,4483,4820.0,3837958289.0,428132,26.0,60.0,48.0,4483,66,647066,1952,55.0,15889,0.8087683,0.19123171,0
2025-07-30T19:44:04.638141,19802,88544,11.0,3890131,3606,4825.0,3876118338.0,430777,26.0,70.0,48.0,3606,74,629681,1593,23.0,15729,0.9164195,0.083580464,0
2025-07-30T19:44:09.788877,17774,82760,9.0,4154833,3231,4853.0,3741156579.0,432396,26.0,70.0,52.0,3231,68,629757,1486,32.0,16028,0.6579621,0.34203792,0
2025-07-30T19:44:14.914729,18157,79180,8.0,3822299,3358,4647.0,3839316026.0,435256,26.0,66.0,48.0,3358,68,635221,1531,27.0,15951,0.5347836,0.46521643,0
2025-07-30T19:44:20.042535,11572,79875,15.0,3820538,3036,4029.0,3637388841.0,438349,25.0,78.0,50.0,3036,66,634305,1701,26.0,15835,0.5015429,0.4984571,0
2025-07-30T19:44:25.249476,19260,80878,17.0,3854712,3712,9407.0,7494603352.0,428949,51.0,127.0,95.0,3712,65,633702,1537,72.0,15892,0.35271645,0.64728355,1
2025-07-30T19:44:30.357005,17528,89980,11.0,3879793,5142,4801.0,3713827948.0,432937,26.0,63.0,48.0,5142,65,630815,1887,112.0,15691,0.93102694,0.068973094,0
2025-07-30T19:44:35.495242,18163,79657,8.0,3879493,3114,4776.0,3828300821.0,428098,25.0,66.0,47.0,3114,65,628381,1701,26.0,15582,0.8350705,0.16492954,0
2025-07-30T19:44:40.646284,18509,78674,10.0,3996853,3039,4814.0,3883234089.0,434100,26.0,71.0,48.0,3039,64,653779,1491,31.0,15822,0.7535697,0.24643028,0
2025-07-30T19:44:45.778236,17506,87101,10.0,3825122,3163,4815.0,3752861902.0,429516,26.0,61.0,47.0,3163,66,634087,1653,19.0,15362,0.73274195,0.26725808,0
2025-07-30T19:44:51.069003,17791,82273,10.0,3849218,3106,4916.0,3928915754.0,433582,26.0,107.0,49.0,3106,63,634714,1478,38.0,16425,0.6530055,0.34699455,0
2025-07-30T19:44:56.221005,18092,81741,10.0,3859637,4768,4843.0,3727819560.0,445267,26.0,66.0,47.0,4768,66,632290,1831,18.0,16427,0.73387766,0.2661223,0
2025-07-30T19:45:01.338752,17545,84514,10.0,3850473,4799,4818.0,4060653130.0,443910,25.0,57.0,47.0,4799,67,633237,1700,157.0,15873,0.8442696,0.15573044,0
2025-07-30T19:45:06.479356,17648,81828,8.0,3828972,2920,4805.0,3852003759.0,432645,26.0,74.0,48.0,2920,68,625843,1598,20.0,15957,0.7276906,0.27230942,0
2025-07-30T19:45:11.624759,20840,82987,11.0,4275330,3552,4613.0,3732974455.0,439795,26.0,74.0,48.0,3552,64,628409,1702,25.0,15457,0.81877077,0.18122925,0
2025-07-30T19:45:16.755030,17675,82169,9.0,3787053,3220,4126.0,3576281534.0,432568,25.0,57.0,47.0,3220,66,638205,1587,24.0,15356,0.8999602,0.10003978,0
2025-07-30T19:45:21.926751,17767,76588,10.0,3855609,3075,4571.0,3792397563.0,428674,26.0,75.0,50.0,3075,69,630694,1575,20.0,15530,0.6909226,0.30907738,0
2025-07-30T19:45:27.056319,17744,75856,11.0,3889547,3021,4808.0,3757793639.0,438809,27.0,68.0,48.0,3021,70,629799,1497,21.0,15804,0.58066416,0.41933587,0
2025-07-30T19:45:32.165008,17311,82028,9.0,3994520,3096,4780.0,3932391981.0,433159,25.0,64.0,47.0,3096,60,656766,1688,110.0,15473,0.71171975,0.28828028,0
2025-07-30T19:45:37.318402,18883,113722,10.0,3877632,3687,4833.0,3864521991.0,437598,26.0,65.0,49.0,3687,63,631129,1688,54.0,15636,0.94132465,0.058675367,0
2025-07-30T19:45:42.445300,17762,81293,9.0,3834917,3208,4802.0,3740142543.0,446750,26.0,65.0,47.0,3208,64,641993,1466,22.0,15441,0.84821576,0.15178424,0
2025-07-30T19:45:47.569732,17884,79137,9.0,3791938,3086,4799.0,3820262550.0,437329,26.0,65.0,48.0,3086,68,647046,1479,23.0,16154,0.58751583,0.41248414,0
2025-07-30T19:45:52.728396,17428,77273,10.0,3984868,3221,4801.0,3787383065.0,447215,26.0,91.0,48.0,3221,67,630574,1386,24.0,15922,0.50123644,0.4987636,0
2025-07-30T19:45:57.860741,17141,81325,9.0,3863743,3307,4810.0,3729901205.0,452441,26.0,54.0,47.0,3307,71,622546,1541,25.0,15606,0.50323343,0.49676657,0
2025-07-30T19:46:02.967513,20401,91809,8.0,3835833,3903,4831.0,3819348160.0,440424,26.0,63.0,48.0,3903,62,634617,1663,110.0,15617,0.77594715,0.22405285,0
2025-07-30T19:46:08.089374,18951,84824,11.0,4063517,3352,4803.0,3767153504.0,433300,26.0,70.0,48.0,3352,63,638091,1554,30.0,15324,0.933897,0.066102974,0
2025-07-30T19:46:13.225704,17380,83192,8.0,3725530,3075,4821.0,3689210529.0,428423,25.0,52.0,47.0,3075,72,622645,1506,50.0,15676,0.7045486,0.2954514,0
2025-07-30T19:46:18.351230,17432,84823,11.0,3984076,3032,4098.0,3659033223.0,443086,26.0,89.0,48.0,3032,66,623386,1465,22.0,15539,0.47835928,0.5216407,1
2025-07-30T19:46:23.483814,18181,79601,10.0,4726251,2992,4393.0,3773082246.0,431442,26.0,67.0,50.0,2992,70,624711,1538,18.0,15997,0.64916706,0.35083294,0
2025-07-30T19:46:28.601957,17931,86117,8.0,3797406,3121,4782.0,3684402401.0,435611,25.0,62.0,48.0,3121,61,622252,1490,22.0,15705,0.6847928,0.31520718,0
2025-07-30T19:46:33.732416,17941,81793,10.0,3719183,3095,4817.0,3796672210.0,429257,26.0,69.0,49.0,3095,61,626907,1484,22.0,15494,0.7441453,0.2558547,0
2025-07-30T19:46:38.881507,17505,81001,12.0,3884924,3271,4803.0,3781031327.0,432806,26.0,72.0,48.0,3271,66,626825,1539,110.0,15645,0.7150016,0.2849984,0
2025-07-30T19:46:44.006285,17747,82747,8.0,4096991,3227,4798.0,3828060347.0,435071,25.0,62.0,47.0,3227,65,636702,1566,100.0,15536,0.6831087,0.31689134,0
2025-07-30T19:46:49.139193,17771,80922,11.0,3671401,3704,4826.0,3861210660.0,428450,27.0,82.0,49.0,3704,64,642633,1674,25.0,15652,0.7358781,0.26412186,0
2025-07-30T19:46:54.421281,17956,83953,9.0,3855900,3243,4811.0,3799942585.0,436727,26.0,72.0,47.0,3243,68,630739,1612,89.0,15445,0.77921474,0.22078523,0
2025-07-30T19:46:59.572883,18872,99976,8.0,3829566,3168,4823.0,3717609088.0,434905,25.0,66.0,47.0,3168,63,635552,1617,86.0,15893,0.7948318,0.20516817,0
2025-07-30T19:47:04.703141,17509,80556,11.0,3959525,3240,4838.0,4034737071.0,442369,26.0,66.0,47.0,3240,61,627804,1516,102.0,16330,0.7665268,0.2334732,0
2025-07-30T19:47:09.837404,18595,77715,9.0,4055278,3275,4809.0,3801285660.0,430655,26.0,57.0,47.0,3275,67,644447,1763,30.0,15854,0.79415816,0.20584184,0
2025-07-30T19:47:14.956585,17377,76888,10.0,3775327,3028,4861.0,3866045440.0,427599,26.0,71.0,49.0,3028,64,628847,1573,125.0,15836,0.7710264,0.22897361,0
2025-07-30T19:47:20.124310,19073,84733,10.0,3935744,3564,4315.0,3615200518.0,427468,26.0,58.0,47.0,3564,65,625662,1681,24.0,15953,0.7203752,0.27962485,0
2025-07-30T19:47:25.242277,18019,78993,18.0,3744646,3148,9015.0,7494008357.0,434957,51.0,129.0,95.0,3148,65,641023,1605,176.0,15862,0.84849,0.15150997,0
2025-07-30T19:47:30.378111,18405,85349,9.0,3867296,3215,4810.0,3824784801.0,429841,26.0,57.0,47.0,3215,64,633074,1510,110.0,15415,0.8233106,0.1766894,0
2025-07-30T19:47:35.571510,17875,80849,8.0,4064586,2611,4804.0,3700603187.0,437391,25.0,70.0,48.0,2611,70,634495,1631,101.0,15759,0.74757683,0.25242317,0
2025-07-30T19:47:40.704306,19802,80442,13.0,3913759,3701,4825.0,3851170172.0,428625,26.0,81.0,50.0,3701,77,627995,1604,20.0,15510,0.6890589,0.3109411,0
2025-07-30T19:47:45.833076,17802,79070,10.0,3743420,3047,4813.0,3930783847.0,441925,26.0,67.0,47.0,3047,69,632241,1611,82.0,15585,0.74818105,0.25181895,0
2025-07-30T19:47:50.961541,17762,80592,9.0,3888829,3124,4810.0,3810746301.0,432527,25.0,73.0,48.0,3124,66,644778,1663,85.0,15641,0.72168696,0.278313,0
2025-07-30T19:47:56.125859,17675,83434,11.0,3829767,3246,4841.0,3777775008.0,431136,26.0,80.0,47.0,3246,64,631371,1555,124.0,15444,0.74855787,0.25144213,0
2025-07-30T19:48:01.249492,19670,81398,8.0,3685326,4001,4821.0,3808611527.0,441196,26.0,56.0,47.0,4001,69,629212,1778,18.0,15020,0.831992,0.16800804,0
2025-07-30T19:48:06.383389,17684,83100,11.0,3787388,3219,4816.0,3785948613.0,426857,26.0,71.0,49.0,3219,66,647216,1505,104.0,15844,0.8515449,0.1484551,0
2025-07-30T19:48:11.520579,18375,77433,9.0,3837344,3375,4857.0,3714731605.0,437331,25.0,58.0,47.0,3375,68,631514,1556,27.0,15755,0.6095537,0.39044628,0
2025-07-30T19:48:16.664640,18091,79637,10.0,3898082,2980,4269.0,3741605744.0,434304,26.0,61.0,48.0,2980,66,638815,1531,90.0,14850,0.6964865,0.30351356,0
2025-07-30T19:48:21.798364,18425,84772,10.0,3755270,3395,4244.0,3748452996.0,436281,26.0,79.0,48.0,3395,66,632954,1468,84.0,15763,0.72897136,0.27102864,0
2025-07-30T19:48:26.960141,19835,83886,9.0,3779152,3789,4813.0,3700147919.0,434145,26.0,55.0,47.0,3789,66,626457,1654,116.0,15702,0.80832237,0.19167762,0
2025-07-30T19:48:32.099752,17538,82772,8.0,3679674,4914,4811.0,3716724338.0,422136,25.0,64.0,48.0,4914,64,632994,1484,24.0,15479,0.81854373,0.18145627,0
2025-07-30T19:48:37.204592,17941,75349,11.0,3828132,3117,4825.0,3855568768.0,435897,26.0,64.0,48.0,3117,68,632469,1660,114.0,16010,0.729947,0.27005303,0
2025-07-30T19:48:42.370329,18111,82488,8.0,3991225,3317,4825.0,3781239216.0,428655,26.0,54.0,47.0,3317,62,639061,1575,26.0,15613,0.70400727,0.2959927,0
2025-07-30T19:48:47.512140,18087,73056,13.0,3798224,3124,4807.0,3747148962.0,431445,25.0,86.0,50.0,3124,60,629016,1637,98.0,16633,0.77215075,0.22784926,0
2025-07-30T19:48:52.639457,20238,85388,11.0,3802362,3540,4830.0,3911506898.0,443606,26.0,84.0,48.0,3540,63,630178,1668,142.0,16233,0.8154127,0.18458728,0
2025-07-30T19:48:57.775934,17835,78801,11.0,3702463,3460,4842.0,4216863366.0,441033,26.0,64.0,47.0,3460,64,632796,1753,21.0,15687,0.9048077,0.09519229,0
2025-07-30T19:49:02.931335,17701,84615,8.0,3922786,3047,4847.0,3741031753.0,441564,26.0,60.0,47.0,3047,62,636690,1473,19.0,15999,0.82401997,0.17598002,0
2025-07-30T19:49:08.108582,17935,79480,11.0,3799534,3466,4865.0,3850305295.0,432959,26.0,77.0,53.0,3466,67,640098,1497,20.0,15914,0.616331,0.38366905,0
2025-07-30T19:49:13.548971,17186,80246,9.0,3958305,2907,4859.0,3832048340.0,435354,26.0,67.0,47.0,2907,59,631489,1609,21.0,15312,0.6815718,0.31842822,0
2025-07-30T19:49:18.839480,19742,101657,11.0,3676513,3588,4289.0,5981071011.0,431451,24.0,254181.0,48.0,3588,65,632266,1616,24.0,16337,0.6330714,0.3669286,0
2025-07-30T19:49:24.075461,24206,88360,7.0,4116391,4131,4161.0,8362078427.0,1124756,24.0,490955.0,34.0,4131,63,1609825,1688,104.0,15737,0.3114776,0.6885224,1
2025-07-30T19:49:29.491174,22871,89041,9.0,4162517,3846,4781.0,9578941802.0,439418,23.0,516638.0,47.0,3846,68,1554029,1703,114.0,16277,0.09636116,0.90363884,1
2025-07-30T19:49:34.902183,21758,92285,9.0,4040939,4343,4785.0,8938942393.0,441813,23.0,527305.0,43.0,4343,71,631570,1750,22.0,16487,0.09026247,0.9097375,1
2025-07-30T19:49:40.450146,18184,97366,10.0,4120003,4357,4769.0,8949124714.0,1176842,22.0,511382.0,45.0,4357,69,630718,1580,80.0,16266,0.06455219,0.9354478,1
2025-07-30T19:49:45.676773,19808,90832,19.0,8743816,4189,9585.0,17983709318.0,1127928,47.0,1046776.0,92.0,4189,68,633596,1702,133.0,16494,0.05741775,0.94258225,1
2025-07-30T19:49:51.301599,23996,90369,8.0,4323865,4546,4793.0,9024027293.0,1057337,24.0,517411.0,43.0,4546,66,1246187,1718,17.0,25083,0.0066305995,0.9933694,1
2025-07-30T19:49:56.645308,21164,92267,12.0,4036724,5150,3979.0,8571438893.0,1150950,24.0,510401.0,49.0,5150,63,640733,1731,24.0,15726,0.0075134635,0.99248654,1
2025-07-30T19:50:02.020164,20998,89364,13.0,4074501,4358,4496.0,9044475047.0,1020786,23.0,532001.0,48.0,4358,64,635770,1692,21.0,16138,0.17664748,0.8233525,1
2025-07-30T19:50:07.940532,21284,89106,8.0,4012758,4349,4778.0,9038187922.0,433429,24.0,527367.0,39.0,4349,167,632929,1829,22.0,15654,0.06040466,0.93959534,1
2025-07-30T19:50:13.425724,21210,98956,11.0,7689994,3907,4856.0,8757266728.0,459051,25.0,461900.0,48.0,3907,67,680060,1689,103.0,15370,0.0048589706,0.995141,1
2025-07-30T19:50:18.823432,24337,101111,11.0,9168068,4619,4767.0,8751344857.0,441149,23.0,491307.0,45.0,4619,67,1626142,1724,102.0,15856,0.0020184517,0.99798155,1
2025-07-30T19:50:24.965279,21515,95483,8.0,4116263,3867,4228.0,9064814769.0,440302,24.0,518938.0,48.0,3867,68,638364,1714,24.0,15539,0.003289342,0.99671066,1
2025-07-30T19:50:30.645869,21762,87784,17.0,8897619,4707,4211.0,8985828935.0,435164,23.0,547571.0,50.0,4707,64,650303,1796,24.0,15155,0.045308232,0.95469177,1
2025-07-30T19:50:36.128217,22951,89505,25.0,4005862,4242,9553.0,18011257067.0,562404,47.0,1068348.0,83.0,4242,66,1594972,1501,48.0,15768,0.01855594,0.98144406,1
2025-07-30T19:50:41.793315,18845,90836,7.0,8959185,3977,4777.0,8990523547.0,437613,23.0,528060.0,38.0,3977,63,674994,1658,38.0,22969,0.0076500177,0.99235,1
2025-07-30T19:50:47.282043,24263,99865,8.0,8877031,3589,4780.0,9136011095.0,1136502,23.0,533711.0,46.0,3589,63,1626073,2180,18.0,24705,0.0013605952,0.9986394,1
2025-07-30T19:50:52.741723,22076,86516,12.0,4279100,3790,4778.0,9030273363.0,451304,23.0,518898.0,41.0,3790,65,648618,1738,100.0,25586,0.0035911202,0.9964089,1
2025-07-30T19:50:58.391946,24751,89855,9.0,8691029,4200,4773.0,9206967567.0,446291,22.0,532597.0,42.0,4200,68,1604294,1697,40.0,25117,0.0021657348,0.99783427,1
2025-07-30T19:51:03.584941,20482,88880,6.0,4200281,4039,4197.0,9130348505.0,441748,22.0,526341.0,45.0,4039,64,631085,1647,25.0,26574,0.0036984682,0.99630153,1
2025-07-30T19:51:08.948969,20106,102245,16.0,8833706,4278,4252.0,8983097593.0,442621,24.0,525860.0,55.0,4278,66,632560,1739,114.0,15723,0.0021303892,0.9978696,1
2025-07-30T19:51:15.117692,22330,89346,9.0,4141255,3970,4827.0,8521913232.0,433519,24.0,467534.0,44.0,3970,67,633400,1627,24.0,24309,0.004552841,0.99544716,1
2025-07-30T19:51:20.542374,20182,91359,20.0,4091928,3858,9573.0,18431390929.0,430946,48.0,1025017.0,93.0,3858,61,630020,1716,184.0,24130,0.008820295,0.9911797,1
2025-07-30T19:51:25.812103,20783,91440,8.0,4198626,3711,4756.0,8886079731.0,498278,22.0,531765.0,40.0,3711,65,648188,1630,86.0,15890,0.03809482,0.9619052,1
2025-07-30T19:51:31.143668,22730,102580,11.0,4220741,3860,3649.0,9041176917.0,435867,23.0,531946.0,46.0,3860,61,1570516,1631,86.0,25634,0.0125793815,0.9874206,1
2025-07-30T19:51:36.535705,21266,98126,10.0,4482018,4503,4813.0,8986697842.0,1139609,25.0,528027.0,51.0,4503,64,649040,1668,92.0,15775,0.0036539435,0.99634606,1
2025-07-30T19:51:42.205535,24530,95389,9.0,4112712,4557,4765.0,9291885345.0,1139743,22.0,535132.0,49.0,4557,63,1596505,1738,19.0,15298,0.12059319,0.8794068,1
2025-07-30T19:51:47.797966,25590,88080,11.0,4130144,4312,4771.0,9025378903.0,1169553,23.0,533525.0,41.0,4312,67,1705698,1775,88.0,24097,0.009626746,0.99037325,1
2025-07-30T19:51:53.700137,23364,89880,7.0,4049918,3752,4774.0,9396733678.0,431755,23.0,530782.0,39.0,3752,69,1638507,1637,86.0,16500,0.005705893,0.9942941,1
2025-07-30T19:51:59.415069,23446,100270,12.0,4098723,3975,4765.0,8945506638.0,572773,21.0,515132.0,57.0,3975,64,1656352,1713,80.0,16303,0.020525277,0.9794747,1
2025-07-30T19:52:04.559637,21203,99485,11.0,8801696,4328,4795.0,9113523687.0,435479,23.0,535303.0,49.0,4328,77,638858,1782,96.0,25313,0.0036709905,0.996329,1
2025-07-30T19:52:09.799662,21709,90844,11.0,3987193,3904,4748.0,9124030343.0,437558,22.0,516189.0,50.0,3904,63,787715,1708,45.0,24976,0.0042539835,0.995746,1
2025-07-30T19:52:15.712289,21040,98498,9.0,4156869,3930,3986.0,8478448488.0,433780,24.0,466662.0,38.0,3930,69,629564,1653,24.0,17083,0.009912789,0.9900872,1
2025-07-30T19:52:21.544998,20420,87186,20.0,8829648,3881,9185.0,17645545907.0,538729,45.0,1035695.0,92.0,3881,70,621098,1674,42.0,15498,0.08013803,0.919862,1
2025-07-30T19:52:28.120932,21565,100166,8.0,8282031,4285,4780.0,8754605060.0,433909,23.0,529013.0,49.0,4285,68,1606928,1769,20.0,25461,0.0059857965,0.9940142,1
2025-07-30T19:52:33.756420,23025,92796,9.0,8543536,4341,4786.0,9242150815.0,436375,24.0,532689.0,35.0,4341,67,625676,1751,22.0,15554,0.001534462,0.99846554,1
2025-07-30T19:52:39.215274,20751,98586,8.0,4152076,4490,4752.0,8920619370.0,429484,22.0,529157.0,46.0,4490,64,632549,1793,115.0,15663,0.013511419,0.9864886,1
2025-07-30T19:52:44.643757,20526,92120,10.0,4111001,4069,4779.0,9004088250.0,548029,22.0,535573.0,51.0,4069,68,645034,1620,18.0,25767,0.01240772,0.9875923,1
2025-07-30T19:52:50.043304,25471,113795,14.0,8639391,4133,4786.0,9040699998.0,1125963,23.0,519017.0,48.0,4133,71,1673158,1747,92.0,15787,0.0024597645,0.99754024,1
2025-07-30T19:52:55.925410,20695,89453,18.0,4080719,5956,9611.0,18136230650.0,446153,48.0,1048868.0,86.0,5956,63,645142,1993,176.0,15494,0.005980015,0.99402,1
2025-07-30T19:53:01.597853,21004,88406,6.0,4114264,3943,4796.0,9253507907.0,1166974,23.0,542315.0,39.0,3943,61,642888,1616,94.0,16210,0.20046735,0.79953265,1
2025-07-30T19:53:06.969934,21042,91692,9.0,8090857,3874,4069.0,8949220309.0,436600,23.0,519505.0,47.0,3874,67,637699,1571,24.0,16085,0.040331185,0.9596688,1
2025-07-30T19:53:12.266285,20714,89956,9.0,4043853,4905,4412.0,8493289286.0,427184,24.0,472692.0,42.0,4905,66,626467,1909,94.0,15441,0.014297545,0.98570246,1
2025-07-30T19:53:18.620546,20470,99288,9.0,4059300,4063,4784.0,8739039279.0,434721,24.0,504759.0,49.0,4063,67,629167,1628,85.0,15799,0.17921668,0.8207833,1
2025-07-30T19:53:24.046145,23076,90008,12.0,8812988,3631,4755.0,8820005974.0,428274,23.0,522671.0,45.0,3631,69,1597114,1797,98.0,15710,0.011124611,0.9888754,1
2025-07-30T19:53:30.440553,20887,93995,14.0,4112361,4017,4769.0,9100352987.0,1151019,22.0,527936.0,55.0,4017,68,642644,1678,22.0,15585,0.0030270815,0.9969729,1
2025-07-30T19:53:36.116084,21170,90387,20.0,8744925,4330,9543.0,17970560501.0,434685,46.0,1066389.0,91.0,4330,64,634260,1677,180.0,25301,0.02211243,0.9778876,1
2025-07-30T19:53:42.010003,25899,91866,13.0,4033573,4374,4801.0,9035977309.0,430566,25.0,525299.0,42.0,4374,62,1672650,1630,18.0,16091,0.0058336854,0.9941663,1
2025-07-30T19:53:47.803064,19854,99122,11.0,8750084,3738,4784.0,9084370083.0,1140298,24.0,534978.0,53.0,3738,66,631202,1586,90.0,25109,0.0027676225,0.9972324,1
2025-07-30T19:53:53.713181,26161,89956,13.0,7988126,3925,4793.0,8743286064.0,1064358,24.0,528313.0,41.0,3925,66,1632641,1778,119.0,15568,0.0011459589,0.99885404,1
2025-07-30T19:53:59.842453,21563,102847,8.0,4026039,4339,4508.0,9119231996.0,1140335,22.0,527355.0,43.0,4339,76,638088,1657,22.0,15385,0.0028487444,0.99715126,1
2025-07-30T19:54:04.948509,23602,91295,11.0,8527522,4487,3993.0,8864877590.0,437959,25.0,527929.0,57.0,4487,68,1640813,1694,109.0,15949,0.0059580207,0.994042,1
2025-07-30T19:54:10.780661,23742,98018,10.0,4257374,3929,4825.0,9327710646.0,433804,23.0,534510.0,40.0,3929,69,1650589,1635,112.0,15535,0.0022611022,0.9977389,1
2025-07-30T19:54:16.448117,21144,95424,28.0,9401634,4071,9117.0,17669716210.0,433063,50.0,977861.0,98.0,4071,66,641507,1846,220.0,15705,0.032132864,0.96786714,1
2025-07-30T19:54:22.032309,23551,91366,12.0,4080209,3991,4201.0,8730547644.0,1162063,24.0,521665.0,44.0,3991,73,1618733,1845,96.0,24414,0.008346081,0.9916539,1
2025-07-30T19:54:27.851080,23670,91263,7.0,4237068,4024,4792.0,9102360550.0,1028108,23.0,547624.0,46.0,4024,68,1608879,1802,18.0,26569,0.0038042068,0.9961958,1
2025-07-30T19:54:33.705788,20888,91677,16.0,4084756,4042,4785.0,9311199556.0,1195541,23.0,516038.0,42.0,4042,64,624466,1681,86.0,15578,0.004287839,0.99571216,1
2025-07-30T19:54:39.325571,20763,94088,11.0,4140920,3838,4780.0,8990972763.0,429289,23.0,530843.0,41.0,3838,60,637954,1628,86.0,15608,0.3282311,0.6717689,1
2025-07-30T19:54:45.452067,20490,99470,10.0,4374413,4016,4809.0,8978011703.0,433984,24.0,520958.0,54.0,4016,69,627030,1741,113.0,15780,0.13454628,0.8654537,1
2025-07-30T19:54:51.158881,18502,92480,21.0,9084392,3726,9679.0,18335164972.0,1189259,45.0,1066762.0,93.0,3726,65,647888,1746,62.0,16189,0.04052931,0.9594707,1
2025-07-30T19:54:56.590557,20530,127578,11.0,5285377,6004,4791.0,9400391821.0,1140036,22.0,498639.0,50.0,6004,75,641776,2060,21.0,15373,0.0058309436,0.99416906,1
2025-07-30T19:55:02.232967,20764,101803,10.0,4644358,4188,4815.0,9035331767.0,1093407,23.0,530876.0,42.0,4188,68,631511,1848,18.0,15805,0.014100611,0.9858994,1
2025-07-30T19:55:08.121009,20651,90588,7.0,4168430,4094,4786.0,9129779704.0,434100,24.0,540400.0,47.0,4094,63,634294,1743,22.0,16403,0.09534931,0.9046507,1
2025-07-30T19:55:13.824580,20802,95197,9.0,4085411,3961,4042.0,8723104724.0,435074,21.0,501198.0,47.0,3961,65,640377,1644,107.0,25696,0.012794018,0.987206,1
2025-07-30T19:55:19.403635,20470,95583,9.0,4058084,3860,4418.0,8696003942.0,1203459,24.0,508641.0,48.0,3860,67,632571,1759,114.0,22696,0.0033628345,0.99663717,1
2025-07-30T19:55:25.109716,21270,98921,9.0,8357246,4097,4777.0,9267736293.0,433869,22.0,523463.0,41.0,4097,67,642560,1790,23.0,24353,0.0025436282,0.9974564,1
2025-07-30T19:55:31.033022,24513,93228,24.0,8641816,3836,9598.0,18730653031.0,427401,47.0,1052013.0,97.0,3836,76,1628887,1634,164.0,23514,0.002271831,0.99772817,1
2025-07-30T19:55:36.675125,20714,90264,11.0,4184470,3863,4775.0,9027555155.0,435777,22.0,526213.0,49.0,3863,65,654778,1563,18.0,24850,0.008572996,0.991427,1
2025-07-30T19:55:43.320715,22155,100148,12.0,8811541,4063,4317.0,8876587849.0,426330,22.0,525316.0,39.0,4063,65,768545,1609,22.0,24486,0.0019779801,0.998022,1
2025-07-30T19:55:48.875412,23341,90648,10.0,4120154,3879,4074.0,9600760707.0,1161914,20.0,535614.0,50.0,3879,68,1631111,1758,22.0,25204,0.0021559,0.9978441,1
2025-07-30T19:55:54.326118,23903,87599,12.0,8687981,4081,4830.0,9891675183.0,439019,24.0,551584.0,50.0,4081,67,1550972,1854,18.0,15895,0.00235641,0.9976436,1
2025-07-30T19:55:59.965849,20959,94236,9.0,8052806,4245,4810.0,8761119035.0,1158975,23.0,505324.0,42.0,4245,65,631263,1688,24.0,15395,0.0013430715,0.9986569,1
2025-07-30T19:56:05.150042,20792,92552,9.0,8715425,4638,4809.0,9197622589.0,1177898,23.0,538700.0,42.0,4638,69,629089,1775,116.0,24388,0.0015063882,0.9984936,1
2025-07-30T19:56:11.508269,20276,93924,17.0,8972442,4115,8551.0,17849175969.0,433605,49.0,1014598.0,95.0,4115,66,630872,1553,198.0,25134,0.002083838,0.99791616,1
2025-07-30T19:56:16.873378,20300,97431,8.0,7964323,3999,4793.0,8986758770.0,427484,23.0,510134.0,48.0,3999,63,636585,1711,26.0,19444,0.0025457144,0.9974543,1
2025-07-30T19:56:22.920066,20761,93444,12.0,8225420,5795,4778.0,9189207622.0,433963,22.0,530288.0,41.0,5795,68,646116,2083,91.0,25692,0.0022693872,0.9977306,1
2025-07-30T19:56:28.555196,24028,92653,12.0,4208074,4337,4777.0,9047757180.0,425412,22.0,517370.0,54.0,4337,63,1522761,1683,99.0,16247,0.002566278,0.9974337,1
2025-07-30T19:56:35.359088,19376,94827,15.0,4038131,4432,4791.0,9106520368.0,1193650,23.0,535375.0,49.0,4432,65,631947,1671,94.0,15485,0.061395824,0.9386042,1
2025-07-30T19:56:41.536939,23922,96227,22.0,4147930,4536,9539.0,18290913095.0,436483,45.0,1056687.0,100.0,4536,70,1596521,1727,107.0,15300,0.35621935,0.64378065,1
2025-07-30T19:56:46.973091,21335,92452,11.0,8722720,3903,4791.0,8803019789.0,435678,24.0,535496.0,42.0,3903,70,633930,1618,81.0,25342,0.009313524,0.9906865,1
2025-07-30T19:56:52.647753,24253,90772,15.0,4235306,4056,4782.0,9185894847.0,1172259,23.0,531325.0,42.0,4056,68,1602802,1643,88.0,25787,0.002656579,0.9973434,1
2025-07-30T19:56:58.319756,20491,89944,11.0,8769205,4205,4046.0,8842619911.0,1180024,22.0,519674.0,57.0,4205,69,642030,1612,102.0,15220,0.0017911792,0.9982088,1
2025-07-30T19:57:03.462151,24399,100004,10.0,4088945,5312,4393.0,8832248060.0,1211440,23.0,530340.0,41.0,5312,65,1661900,1722,20.0,24716,0.00204432,0.9979557,1
2025-07-30T19:57:09.134485,20488,87978,13.0,4199632,3852,4788.0,9141349064.0,1132568,24.0,535988.0,55.0,3852,68,638160,1612,155.0,24367,0.0028153062,0.9971847,1
2025-07-30T19:57:14.782477,20316,97159,8.0,4145551,4253,4817.0,8735398669.0,989445,23.0,480151.0,43.0,4253,63,633558,1681,25.0,15224,0.019290864,0.98070914,1
2025-07-30T19:57:20.012134,24108,91426,13.0,4032157,4634,4790.0,8789009226.0,435175,24.0,511312.0,50.0,4634,68,1552794,1711,92.0,20204,0.07598686,0.92401314,1
2025-07-30T19:57:25.718981,23569,90353,23.0,4171930,4041,9610.0,18373702506.0,1175179,47.0,1045261.0,93.0,4041,60,1622538,1601,201.0,15854,0.015292525,0.9847075,1
2025-07-30T19:57:31.175374,21022,87404,12.0,4023329,4791,4798.0,8842960681.0,1167623,24.0,535478.0,49.0,4791,65,639711,1727,21.0,25582,0.047470093,0.9525299,1
2025-07-30T19:57:37.345028,21526,87760,9.0,4041062,3552,4778.0,8986117862.0,1192074,23.0,528018.0,41.0,3552,65,646926,1647,18.0,15425,0.01669234,0.98330766,1
2025-07-30T19:57:43.199535,20523,90205,10.0,4166994,3761,4269.0,9081362081.0,1166600,22.0,532628.0,50.0,3761,65,631140,1809,18.0,15322,0.2898842,0.7101158,1
2025-07-30T19:57:48.405317,20484,89876,10.0,8714229,4193,4143.0,9227755013.0,435651,23.0,537405.0,43.0,4193,73,633489,1828,22.0,16017,0.03534782,0.9646522,1
2025-07-30T19:57:54.038881,20852,87985,9.0,4050074,3935,4816.0,9252975697.0,1148878,25.0,553702.0,41.0,3935,65,633437,1768,20.0,25947,0.004034221,0.9959658,1
2025-07-30T19:57:59.504435,20304,102372,14.0,4113656,4459,4789.0,8846483149.0,430100,23.0,493256.0,53.0,4459,66,626347,1660,102.0,16479,0.01007092,0.9899291,1
2025-07-30T19:58:04.711769,22860,90492,8.0,4032755,4059,4782.0,9737949332.0,1114647,23.0,548032.0,34.0,4059,64,1533566,1668,38.0,15741,0.053123474,0.9468765,1
2025-07-30T19:58:11.258193,20774,95641,7.0,4135984,4060,4755.0,8837170530.0,548459,23.0,508740.0,50.0,4060,69,639128,1794,22.0,16022,0.21802247,0.78197753,1
2025-07-30T19:58:16.946552,21311,98372,20.0,8654430,4202,8917.0,17377774706.0,437869,49.0,998481.0,91.0,4202,68,640787,1665,42.0,23271,0.019948363,0.98005164,1
2025-07-30T19:58:22.614905,24317,86603,11.0,8706289,4409,4378.0,9098164125.0,1150735,24.0,531682.0,50.0,4409,66,1711458,1824,21.0,15545,0.0029827356,0.99701726,1
2025-07-30T19:58:28.780155,20862,91308,9.0,4095418,3640,4778.0,8991871638.0,433329,24.0,516251.0,40.0,3640,75,639782,1675,20.0,25248,0.006633103,0.9933669,1
2025-07-30T19:58:34.679820,24018,93628,7.0,3973351,4068,4798.0,9229211426.0,433795,25.0,525021.0,46.0,4068,63,1647142,1573,114.0,23993,0.0052284,0.9947716,1
2025-07-30T19:58:40.120970,20148,88824,11.0,8750334,4183,4777.0,9154082601.0,1144784,23.0,532179.0,51.0,4183,64,635502,1684,52.0,15439,0.0016416311,0.99835837,1
2025-07-30T19:58:46.739836,21731,118535,22.0,4111577,4304,8412.0,17945242564.0,1257663,45.0,1067704.0,84.0,4304,63,641814,1724,40.0,15538,0.00900197,0.990998,1
2025-07-30T19:58:52.709151,20794,89923,16.0,8483870,4378,4795.0,9000950503.0,1065418,24.0,534828.0,47.0,4378,63,632482,1662,40.0,15526,0.050507486,0.9494925,1
2025-07-30T19:58:58.773225,23963,98156,11.0,8276844,5103,4780.0,9515377380.0,1233421,23.0,537538.0,39.0,5103,71,1569526,1708,20.0,25864,0.00223428,0.9977657,1
2025-07-30T19:59:03.884894,24787,100880,13.0,4230733,4190,4777.0,8996351103.0,428978,21.0,525629.0,52.0,4190,65,1646662,1679,19.0,16214,0.0023492575,0.99765074,1
2025-07-30T19:59:09.020060,19587,100116,11.0,4109734,3646,4815.0,9265868080.0,429979,23.0,534302.0,41.0,3646,68,637818,1705,20.0,25270,0.008497357,0.99150264,1
2025-07-30T19:59:14.146509,23992,87507,9.0,4155071,6726,4819.0,8682671471.0,448968,24.0,477142.0,40.0,6726,65,1649661,1827,111.0,15357,0.008911908,0.9910881,1
2025-07-30T19:59:19.281769,22984,84945,14.0,3735443,3282,4794.0,6146594047.0,442917,25.0,241939.0,63.0,3282,64,679219,1546,50.0,15373,0.22038054,0.77961946,1
2025-07-30T19:59:24.503242,18102,76846,13.0,3963588,3103,4609.0,3798495892.0,429863,25.0,80.0,49.0,3103,66,631446,1597,22.0,15788,0.82113415,0.17886585,0
2025-07-30T19:59:29.671148,17334,80336,9.0,3878963,3399,4651.0,3841007384.0,436300,26.0,57.0,47.0,3399,66,633373,1562,22.0,15895,0.64354455,0.35645545,0
2025-07-30T19:59:34.779354,17973,77712,12.0,3849241,3083,4069.0,3845419723.0,433488,26.0,71.0,52.0,3083,64,626153,1746,26.0,15230,0.75770646,0.24229352,0
2025-07-30T19:59:39.912778,18050,75331,10.0,3744742,3281,4810.0,3820717729.0,443563,25.0,57.0,46.0,3281,64,634065,1561,23.0,15377,0.8571173,0.14288273,0
2025-07-30T19:59:45.048597,20198,82954,9.0,3911475,4400,4832.0,3885269610.0,436668,26.0,70.0,47.0,4400,64,627715,1712,19.0,15439,0.8407303,0.15926972,0
2025-07-30T19:59:50.168023,17774,79951,22.0,3943301,3032,9659.0,7571391024.0,446602,51.0,154.0,94.0,3032,64,628349,1553,154.0,15279,0.9071182,0.09288177,0
2025-07-30T19:59:55.309538,17326,85517,11.0,3783513,3249,4853.0,3789393353.0,431608,27.0,82.0,49.0,3249,66,628911,1544,96.0,16479,0.70849615,0.29150385,0
2025-07-30T20:00:00.503230,17769,80607,9.0,4067399,5068,4831.0,3710040082.0,444368,25.0,60.0,47.0,5068,62,634540,1767,86.0,15841,0.7357867,0.26421332,0
2025-07-30T20:00:05.683002,17665,78700,8.0,3895764,3591,4817.0,3768784382.0,442794,26.0,60.0,47.0,3591,60,637198,1567,84.0,15599,0.88005257,0.11994741,0
2025-07-30T20:00:10.859888,18086,81814,11.0,4334570,3296,4881.0,4014771745.0,427826,26.0,69.0,51.0,3296,62,628268,1527,119.0,15087,0.84353083,0.15646917,0
2025-07-30T20:00:15.996786,17574,79178,13.0,3767354,3374,4823.0,3860177808.0,431040,25.0,70.0,48.0,3374,63,632420,1574,20.0,15345,0.7944841,0.20551592,0
2025-07-30T20:00:21.108355,17676,83096,9.0,3926750,3118,4208.0,3762349479.0,443545,26.0,63.0,46.0,3118,63,627514,1607,93.0,15362,0.78317696,0.21682306,0
2025-07-30T20:00:26.272606,20697,79452,10.0,3822272,2977,4314.0,3714040046.0,439476,26.0,71.0,49.0,2977,67,628708,1498,94.0,15530,0.88167655,0.11832342,0
2025-07-30T20:00:31.433818,19312,83533,9.0,4047039,3556,4830.0,3769616871.0,429252,26.0,63.0,47.0,3556,65,641643,1634,88.0,15300,0.8927349,0.1072651,0
2025-07-30T20:00:36.535021,17675,84245,8.0,3882692,3435,4819.0,3848317000.0,429798,25.0,65.0,48.0,3435,63,631482,1716,95.0,15454,0.8873393,0.11266071,0
2025-07-30T20:00:41.666790,17052,80787,11.0,3838116,3288,4832.0,3850472038.0,428337,27.0,67.0,48.0,3288,59,635307,1583,104.0,15785,0.8510834,0.14891663,0
2025-07-30T20:00:46.808134,17834,76444,8.0,3932921,3242,4830.0,3873126651.0,432615,25.0,52.0,47.0,3242,64,654758,1572,20.0,15581,0.7604462,0.2395538,0
2025-07-30T20:00:52.046503,18437,80608,11.0,3842695,3470,4836.0,3797929124.0,428217,26.0,83.0,49.0,3470,66,637539,1794,90.0,15781,0.77984977,0.22015022,0
2025-07-30T20:00:57.178319,17055,87735,11.0,3716759,3090,4853.0,4209631644.0,427677,26.0,60.0,46.0,3090,68,627312,1592,90.0,17758,0.67951727,0.32048273,0
2025-07-30T20:01:02.315094,17218,81030,8.0,3798541,3468,4838.0,3851881911.0,432975,25.0,58.0,48.0,3468,68,630984,1490,84.0,15563,0.50973773,0.4902623,0
2025-07-30T20:01:07.439037,17780,82203,10.0,3827818,3159,4816.0,3779429453.0,436566,25.0,65.0,48.0,3159,66,629542,1605,94.0,16881,0.5294004,0.4705996,0
2025-07-30T20:01:12.554622,18842,80254,10.0,3872751,3134,4862.0,3874930385.0,437756,27.0,53.0,47.0,3134,66,644336,1582,102.0,15685,0.66787785,0.33212215,0
2025-07-30T20:01:17.682661,17477,80320,8.0,3763526,3819,4838.0,3792658399.0,440884,25.0,67.0,48.0,3819,62,632801,1587,20.0,15494,0.77153563,0.22846438,0
2025-07-30T20:01:22.828516,19703,81980,16.0,3836464,3388,4203.0,3602826782.0,437175,26.0,100.0,50.0,3388,64,633163,1695,22.0,15906,0.8344475,0.16555247,0
2025-07-30T20:01:28.060506,18304,83436,9.0,3757780,3266,4323.0,3816196676.0,438011,26.0,65.0,47.0,3266,71,648126,1424,92.0,15603,0.82516235,0.17483766,0
2025-07-30T20:01:33.251181,18589,102977,8.0,3908524,3225,4831.0,3791364685.0,432788,26.0,66.0,48.0,3225,65,635040,1526,94.0,15245,0.6901917,0.3098083,0
2025-07-30T20:01:38.389920,17313,80860,10.0,4044696,3170,4813.0,3957212430.0,430012,25.0,59.0,48.0,3170,64,639005,1529,84.0,16767,0.6389941,0.36100587,0
2025-07-30T20:01:43.520455,18127,78314,10.0,3786106,3710,4837.0,3933410051.0,431849,26.0,66.0,47.0,3710,69,620405,1571,87.0,15550,0.6190989,0.3809011,0
2025-07-30T20:01:48.647789,17804,85338,8.0,3755188,3091,4829.0,3707132483.0,430091,26.0,67.0,48.0,3091,68,628152,1473,105.0,15872,0.59465694,0.4053431,0
2025-07-30T20:01:53.775266,24217,79492,12.0,3800494,3242,4825.0,3751065171.0,440842,25.0,77.0,47.0,3242,62,635665,1527,24.0,15149,0.82176894,0.17823106,0
2025-07-30T20:01:58.920482,18463,80201,8.0,3917633,3065,4850.0,3837029142.0,437171,26.0,54.0,47.0,3065,66,631240,1502,88.0,15920,0.9108074,0.08919261,0
2025-07-30T20:02:04.077306,18493,75712,10.0,3851406,3391,4838.0,4006457327.0,427825,26.0,70.0,50.0,3391,65,628931,1619,88.0,15487,0.7311494,0.26885062,0
2025-07-30T20:02:09.242845,19658,83643,9.0,3922637,3506,4832.0,3788710459.0,434072,26.0,54.0,46.0,3506,61,634493,1637,164.0,15541,0.87714565,0.12285434,0
2025-07-30T20:02:14.389613,17244,86790,8.0,3774237,3268,4841.0,3863114484.0,432198,25.0,66.0,48.0,3268,63,635617,1601,107.0,15515,0.8878301,0.11216993,0
2025-07-30T20:02:19.531815,16976,83003,12.0,3748910,4352,4559.0,3818766116.0,425872,26.0,68.0,48.0,4352,67,622708,1721,22.0,16066,0.74479246,0.25520754,0
2025-07-30T20:02:24.668457,17342,82972,8.0,3948775,3329,4273.0,3722119697.0,437086,26.0,63.0,47.0,3329,63,636130,1512,92.0,15405,0.75200725,0.24799275,0
2025-07-30T20:02:29.807863,17458,81905,11.0,3766385,3336,4528.0,3624287485.0,437013,25.0,89.0,50.0,3336,68,629262,1650,90.0,16043,0.7330501,0.2669499,0
2025-07-30T20:02:35.000397,18274,82788,11.0,3850876,4537,4840.0,3801053089.0,427411,27.0,70.0,48.0,4537,65,637422,1660,89.0,16188,0.642676,0.35732397,0
2025-07-30T20:02:40.173512,18272,85307,17.0,4245733,3462,9631.0,7730819338.0,454990,51.0,122.0,93.0,3462,64,641580,1617,194.0,15385,0.846038,0.15396205,0
2025-07-30T20:02:45.304713,18055,89521,11.0,3808673,3412,4831.0,3674642526.0,437169,26.0,78.0,48.0,3412,66,644282,1551,25.0,16818,0.81731653,0.18268344,0
2025-07-30T20:02:50.420817,18055,82648,8.0,4105589,3440,4831.0,3793062139.0,435655,25.0,82.0,46.0,3440,67,641723,1681,93.0,16136,0.6494367,0.35056326,0
2025-07-30T20:02:55.544532,17988,79433,11.0,3807204,3250,4856.0,3865006346.0,430754,26.0,88.0,49.0,3250,63,628287,1418,82.0,16093,0.6707343,0.32926574,0
2025-07-30T20:03:00.668806,17876,79280,9.0,3720862,3680,4859.0,3834793937.0,431625,27.0,57.0,47.0,3680,64,632720,1663,92.0,15441,0.7015543,0.29844567,0
2025-07-30T20:03:05.866162,17981,82831,8.0,3809926,3097,4819.0,3850236308.0,424556,25.0,63.0,48.0,3097,61,637955,1564,83.0,15458,0.8047561,0.1952439,0
2025-07-30T20:03:11.071421,17794,79847,11.0,4178731,2901,4868.0,3860382670.0,441883,26.0,67.0,48.0,2901,67,623461,1594,105.0,15615,0.7945553,0.20544466,0
2025-07-30T20:03:16.203127,16814,84553,8.0,3711890,3208,4352.0,3762550399.0,431744,26.0,59.0,46.0,3208,67,625812,1550,22.0,15769,0.62948555,0.37051445,0
2025-07-30T20:03:21.358781,20185,80205,10.0,3770324,3283,4154.0,3750134195.0,439205,25.0,74.0,49.0,3283,63,630778,1737,90.0,15426,0.8129083,0.18709172,0
2025-07-30T20:03:26.494636,18170,88392,10.0,3843559,4346,4840.0,3860534025.0,434021,26.0,58.0,46.0,4346,64,630278,1587,82.0,15308,0.9518985,0.048101474,0
2025-07-30T20:03:31.611879,17217,78806,8.0,3820508,3240,4834.0,3882165865.0,440964,26.0,67.0,48.0,3240,63,626970,1474,98.0,15877,0.81152034,0.18847965,0
2025-07-30T20:03:36.735517,17516,86006,10.0,3864475,3282,4804.0,3762291615.0,432294,25.0,73.0,49.0,3282,64,626948,1699,92.0,15964,0.7021063,0.2978937,0
2025-07-30T20:03:41.873578,17917,82356,12.0,3850961,3408,4840.0,3957492503.0,431842,26.0,73.0,48.0,3408,70,645388,1586,105.0,15479,0.76201475,0.23798524,0
2025-07-30T20:03:47.035254,20230,86266,8.0,3745872,3963,4830.0,3694409796.0,437968,26.0,58.0,47.0,3963,66,637816,1622,18.0,15702,0.75352615,0.24647385,0
2025-07-30T20:03:52.182032,18278,84800,11.0,3860201,3802,4838.0,3824796367.0,460415,26.0,77.0,49.0,3806,65,624276,1891,134.0,15424,0.9505304,0.049469568,0
2025-07-30T20:03:57.319442,18324,80577,10.0,4220973,3028,4847.0,3889761686.0,438338,26.0,68.0,46.0,3028,65,638650,1448,103.0,15711,0.92518747,0.07481253,0
2025-07-30T20:04:02.441124,17791,77270,8.0,4002322,3181,4837.0,3791656539.0,433203,25.0,61.0,48.0,3181,66,637549,1522,98.0,15171,0.72419703,0.275803,0
2025-07-30T20:04:07.572402,17276,91500,12.0,3875670,3172,4870.0,3800173038.0,434022,26.0,79.0,53.0,3172,68,627486,1533,88.0,15404,0.6441543,0.35584572,0
2025-07-30T20:04:12.692080,19642,81170,8.0,3795875,3741,4782.0,3795668813.0,443626,26.0,52.0,47.0,3741,66,626338,1525,21.0,15537,0.6430935,0.35690647,0
2025-07-30T20:04:17.868233,26558,92515,62118.0,3832214,3150,4274.0,4969013121.0,440251,25.0,173206.0,41.0,3150,64,632429,1634,86.0,15800,0.81123644,0.18876354,0
2025-07-30T20:04:23.018904,20063,93882,236989.0,4195173,4472,4331.0,6392121351.0,446490,27.0,512923.0,44.0,4472,62,624689,1646,84.0,15709,0.1044023,0.8955977,1
2025-07-30T20:04:28.165724,20595,90888,233082.0,4313247,4031,4833.0,5272197224.0,436664,26.0,482208.0,49.0,4031,68,639022,1687,92.0,15987,0.008441567,0.99155843,1
2025-07-30T20:04:33.297990,21324,97592,233034.0,4036366,4090,4830.0,5299158325.0,437170,26.0,481899.0,50.0,4090,64,632567,1766,24.0,17601,0.008669734,0.99133027,1
2025-07-30T20:04:38.436020,20989,86429,248164.0,4044912,4197,4835.0,5710341836.0,441701,27.0,512524.0,49.0,4197,69,628511,1709,52.0,15226,0.007874787,0.9921252,1
2025-07-30T20:04:43.553937,21601,110188,258650.0,4194537,3830,4833.0,5789680647.0,438690,27.0,533558.0,34.0,3830,64,645643,1626,91.0,15353,0.0074870586,0.99251294,1
2025-07-30T20:04:48.692741,21417,93863,253072.0,4070214,3822,4827.0,5917027584.0,433442,26.0,522273.0,45.0,3822,64,635170,1673,26.0,15361,0.007228017,0.992772,1
2025-07-30T20:04:53.858394,20475,90784,258186.0,4276011,4235,4969.0,6086235250.0,429618,27.0,532471.0,50.0,4235,65,631302,1786,94.0,15322,0.008961737,0.99103826,1
2025-07-30T20:04:58.988124,21344,90072,256938.0,4091456,3877,4837.0,5897509061.0,429288,26.0,530036.0,46.0,3877,63,626737,1533,34.0,16057,0.009783268,0.99021673,1
2025-07-30T20:05:04.107830,21301,90512,247154.0,4198524,4114,4874.0,5969914626.0,429774,27.0,510408.0,50.0,4114,66,630283,1680,24.0,15913,0.007484615,0.9925154,1
2025-07-30T20:05:09.258565,23304,92026,253990.0,4161008,4056,4838.0,5893889867.0,438514,27.0,523764.0,45.0,4056,68,636865,1661,31.0,15715,0.006866634,0.99313337,1
2025-07-30T20:05:14.434777,26918,91189,210922.0,4006116,3977,4239.0,5186402017.0,433233,26.0,437722.0,47.0,3977,68,646434,1723,53.0,15960,0.0049224496,0.99507755,1
2025-07-30T20:05:19.568391,21462,95302,220021.0,4270354,3754,4326.0,5343082394.0,436941,27.0,456224.0,34.0,3754,61,638495,1808,26.0,16018,0.00750643,0.99249357,1
2025-07-30T20:05:24.688367,22233,100578,259742.0,4100647,3906,4826.0,6026355594.0,433410,26.0,535385.0,46.0,3906,63,641993,1625,101.0,15759,0.008432686,0.9915673,1
2025-07-30T20:05:29.804200,22164,92189,256375.0,4230545,4119,4844.0,5925146076.0,426527,27.0,528406.0,42.0,4119,66,649809,1809,121.0,15434,0.0064110756,0.9935889,1
2025-07-30T20:05:34.961126,21998,93525,253840.0,4158958,3850,4832.0,5766611422.0,436693,26.0,523880.0,55.0,3850,67,635843,1674,22.0,15608,0.007892847,0.99210715,1
2025-07-30T20:05:40.155380,15565,90827,269104.0,4016636,4200,4845.0,6220941904.0,434575,27.0,554647.0,42.0,4200,63,644655,1709,89.0,15785,0.010879159,0.98912084,1
2025-07-30T20:05:45.272233,21046,90051,512422.0,4038277,4054,9691.0,11910504563.0,433330,53.0,1056572.0,88.0,4054,63,632870,1761,123.0,15237,0.020923853,0.97907615,1
2025-07-30T20:05:50.427589,21478,90817,255130.0,4184332,4069,4868.0,5884327900.0,433713,27.0,525906.0,53.0,4069,67,626661,1723,28.0,15723,0.011147201,0.9888528,1
2025-07-30T20:05:55.575023,21204,89152,257904.0,4131674,4164,4862.0,5842409995.0,563348,27.0,531963.0,46.0,4164,64,636940,1731,82.0,15524,0.0067091584,0.99329084,1
2025-07-30T20:06:00.705916,22414,91457,245865.0,4264782,3891,4880.0,5858468599.0,431456,26.0,507844.0,46.0,3891,66,637968,1680,88.0,15705,0.008044779,0.9919552,1
2025-07-30T20:06:05.820587,21406,90036,258593.0,4447954,4204,4737.0,6126744800.0,425130,27.0,533394.0,48.0,4204,73,638364,1666,98.0,16122,0.006616533,0.99338347,1
2025-07-30T20:06:10.939349,21953,89896,229569.0,4146906,2588,4269.0,5378338865.0,426753,26.0,474905.0,33.0,2588,65,638665,1903,79.0,16126,0.008669615,0.9913304,1
2025-07-30T20:06:16.074174,21158,87595,234117.0,4008267,4177,4445.0,5641491854.0,426905,27.0,484066.0,41.0,4177,66,635537,1745,18.0,15141,0.015791059,0.98420894,1
2025-07-30T20:06:21.229941,21096,85520,258749.0,4129479,4125,4856.0,5987096074.0,430510,27.0,533263.0,56.0,4125,68,624100,1690,78.0,15748,0.010356963,0.98964304,1
2025-07-30T20:06:26.411130,21609,89559,261335.0,4116929,4141,4853.0,6170165817.0,426707,27.0,538805.0,43.0,4141,64,638217,1675,20.0,15927,0.008707702,0.9912923,1
2025-07-30T20:06:31.539376,20792,93286,256244.0,4019583,3998,4856.0,6027520345.0,443716,27.0,528231.0,49.0,3998,61,626464,1502,96.0,16022,0.008543909,0.9914561,1
2025-07-30T20:06:36.691457,20953,92064,258708.0,3993765,4136,4832.0,6008453897.0,436447,26.0,533253.0,48.0,4136,70,631328,1549,44.0,16428,0.007778108,0.9922219,1
2025-07-30T20:06:41.847897,21476,105813,262080.0,4133218,3994,4852.0,6176268858.0,432915,27.0,540090.0,45.0,3994,70,645661,1713,20.0,15411,0.0058084726,0.9941915,1
2025-07-30T20:06:47.011354,21398,91205,263820.0,5044199,4214,4828.0,6015617144.0,435162,26.0,543640.0,48.0,4214,61,646517,1731,55.0,15371,0.005305469,0.99469453,1
2025-07-30T20:06:52.153066,21146,94552,261018.0,4093864,4042,4864.0,6040576202.0,434186,27.0,537611.0,38.0,4042,70,628284,1739,44.0,15387,0.007072985,0.992927,1
2025-07-30T20:06:57.275738,19621,96724,258680.0,4184342,4272,4857.0,6597016532.0,509403,26.0,533447.0,46.0,4272,66,630048,1541,42.0,15613,0.006487727,0.9935123,1
2025-07-30T20:07:02.394288,21307,94143,262272.0,4240455,3977,4874.0,6084680528.0,430119,27.0,540648.0,42.0,3977,67,636467,1565,102.0,16112,0.006884575,0.9931154,1
2025-07-30T20:07:07.579659,20396,88772,246571.0,4372150,4870,4724.0,5845062727.0,432187,26.0,508802.0,44.0,4870,66,624634,1779,95.0,16091,0.0061544776,0.9938455,1
2025-07-30T20:07:12.710474,20553,95748,234496.0,3833642,3709,5018.0,6086097796.0,435564,28.0,485853.0,43.0,3709,62,653361,1696,103.0,16196,0.011050105,0.9889499,1
2025-07-30T20:07:17.824454,20269,91121,221440.0,4097012,3981,3679.0,5218630636.0,430528,25.0,458139.0,45.0,3981,63,659844,1714,28.0,15963,0.010069847,0.98993015,1
2025-07-30T20:07:23.023331,23191,94635,261462.0,4380613,4218,4871.0,6149938860.0,438771,27.0,538496.0,38.0,4218,73,627964,1658,18.0,15978,0.006904483,0.9930955,1
2025-07-30T20:07:28.183790,22074,94544,255560.0,4069337,3996,4870.0,5979754354.0,431523,26.0,526929.0,48.0,3996,61,631398,1665,17.0,16293,0.0068594813,0.9931405,1
2025-07-30T20:07:33.300006,20670,92270,260562.0,4331740,5033,4856.0,6058809557.0,432038,27.0,536990.0,43.0,5033,66,637728,1777,18.0,15738,0.007668376,0.9923316,1
2025-07-30T20:07:38.428949,20484,91988,252453.0,4021391,3983,4868.0,5790040492.0,441539,27.0,520550.0,50.0,3983,67,638067,1646,18.0,15656,0.008349121,0.9916509,1
2025-07-30T20:07:43.627197,20605,93240,261422.0,4222527,3969,4863.0,6070943707.0,424697,27.0,538772.0,35.0,3969,69,634648,1639,106.0,15023,0.006940961,0.99305904,1
2025-07-30T20:07:48.766116,21121,89012,262821.0,4237395,4033,4857.0,6090490358.0,437086,27.0,541326.0,44.0,4033,71,627949,1651,20.0,15555,0.006557226,0.9934428,1
2025-07-30T20:07:53.888347,21707,90257,254609.0,4149963,3974,4844.0,6074989268.0,438809,26.0,525012.0,50.0,3974,69,634185,1627,104.0,15905,0.0063118935,0.9936881,1
2025-07-30T20:07:59.038460,20801,93628,258107.0,4100662,3952,4881.0,6085376700.0,437598,27.0,531976.0,49.0,3952,66,622684,1752,18.0,15796,0.007660806,0.9923392,1
2025-07-30T20:08:04.301303,20744,95097,260241.0,4039448,4079,4854.0,5795365262.0,431327,26.0,536394.0,44.0,4079,71,629135,1656,18.0,15567,0.00818944,0.99181056,1
2025-07-30T20:08:09.453246,22109,94702,251905.0,4176291,4061,4517.0,5632995986.0,429490,27.0,519886.0,41.0,4061,66,644746,1598,25.0,16183,0.0062147975,0.9937852,1
2025-07-30T20:08:14.606134,20590,94963,228942.0,4287231,3737,4081.0,5793257911.0,436352,27.0,473436.0,45.0,3737,59,634062,1549,22.0,16513,0.006924987,0.993075,1
2025-07-30T20:08:19.732536,21631,90357,227597.0,3993558,4015,4828.0,5396621451.0,561375,26.0,470912.0,57.0,4015,66,634095,1583,20.0,15509,0.0066869855,0.993313,1
2025-07-30T20:08:24.876928,20443,91484,257356.0,4190690,4263,4835.0,6049031844.0,433336,27.0,530467.0,36.0,4263,68,631322,1653,100.0,15564,0.0071201324,0.99287987,1
2025-07-30T20:08:30.045278,21178,91624,257116.0,4129269,4015,4838.0,5791438779.0,428367,26.0,529878.0,42.0,4015,66,634506,1757,42.0,15579,0.007738173,0.9922618,1
2025-07-30T20:08:35.209915,19874,90417,505722.0,4026871,3837,9694.0,11824864444.0,428076,55.0,1043245.0,98.0,3837,63,628420,1665,36.0,15413,0.015957773,0.9840422,1
2025-07-30T20:08:40.330573,20974,92957,258506.0,4075235,4168,4849.0,5764576532.0,426412,26.0,532850.0,46.0,4168,64,634169,1629,18.0,15199,0.010996461,0.98900354,1
2025-07-30T20:08:45.451357,20738,97559,262765.0,4113676,4176,4850.0,5907176164.0,444681,27.0,541185.0,41.0,4176,65,631232,1730,22.0,16659,0.007970989,0.992029,1
2025-07-30T20:08:50.590335,21746,90680,254504.0,4356069,3866,4850.0,5872180088.0,438324,26.0,524935.0,44.0,3866,65,640771,1705,131.0,15914,0.0068488717,0.9931511,1
2025-07-30T20:08:55.773953,21002,91792,256044.0,4715152,4153,4863.0,5882456869.0,421940,27.0,527697.0,47.0,4153,63,631600,1690,20.0,15385,0.0071157217,0.9928843,1
2025-07-30T20:09:00.893075,22014,91541,259666.0,4126806,4104,4874.0,5982214509.0,426211,27.0,535145.0,48.0,4104,61,637063,1692,138.0,15861,0.0079270005,0.992073,1
2025-07-30T20:09:06.029392,20837,96373,249038.0,4053794,3981,4255.0,5783692741.0,439480,26.0,513675.0,36.0,3981,69,638756,1623,104.0,16220,0.0074950457,0.99250495,1
2025-07-30T20:09:11.149662,22082,92657,233618.0,4019705,4017,4406.0,5572704646.0,428976,27.0,482960.0,41.0,4017,66,640245,1725,58.0,15824,0.0060573816,0.9939426,1
2025-07-30T20:09:16.323519,20958,91425,232923.0,4129912,3710,4845.0,5518294490.0,430182,26.0,481640.0,46.0,3710,65,632637,1645,86.0,16755,0.009128928,0.9908711,1
2025-07-30T20:09:21.476401,20733,84481,259249.0,4324344,3954,4862.0,6088324140.0,442120,27.0,534251.0,52.0,3954,67,630113,1673,78.0,15701,0.008132875,0.9918671,1
2025-07-30T20:09:26.775282,20007,90352,260410.0,4465168,3774,4881.0,6483281326.0,436292,27.0,536749.0,49.0,3774,66,636414,1766,134.0,15642,0.008840084,0.9911599,1
2025-07-30T20:09:31.902394,21179,92017,262264.0,3985951,4077,4887.0,6424877024.0,437302,26.0,540159.0,57.0,4077,65,631466,1776,160.0,17117,0.010187507,0.9898125,1
2025-07-30T20:09:37.038966,20809,89479,257395.0,4181752,4035,4871.0,6346114580.0,439048,27.0,530895.0,51.0,4035,66,637546,1625,81.0,16101,0.0081189275,0.9918811,1
2025-07-30T20:09:42.173550,21126,96604,250353.0,4102787,4158,4820.0,5931281849.0,439445,26.0,516257.0,41.0,4158,66,640818,1628,108.0,15980,0.0073295236,0.9926705,1
2025-07-30T20:09:47.343028,21519,90806,266590.0,4039964,3988,4854.0,6181385128.0,437195,27.0,548992.0,43.0,3988,65,640409,1654,40.0,15175,0.0067775846,0.9932224,1
2025-07-30T20:09:52.468245,21699,92888,261752.0,4123284,4159,4855.0,6198899220.0,432760,27.0,539740.0,44.0,4159,68,632426,1691,82.0,15996,0.007423103,0.9925769,1
2025-07-30T20:09:57.606346,21272,95741,261042.0,4063303,4144,4865.0,6300236494.0,429001,27.0,537780.0,44.0,4144,74,631658,1687,18.0,17026,0.007268667,0.99273133,1
2025-07-30T20:10:02.735247,21961,89468,261494.0,4005488,4102,4563.0,6133270152.0,433068,27.0,538800.0,47.0,4102,65,627054,1819,22.0,15466,0.00679636,0.99320364,1
2025-07-30T20:10:07.848309,21661,90250,264863.0,4239740,3975,4025.0,5687933098.0,441098,27.0,545493.0,38.0,3975,66,644883,1672,20.0,16342,0.007934988,0.992065,1
2025-07-30T20:10:12.993916,21391,90615,217123.0,4171732,3616,4877.0,5402493556.0,436754,26.0,449652.0,50.0,3616,61,637762,1709,23.0,15690,0.0081272125,0.9918728,1
2025-07-30T20:10:18.146768,21685,92992,233246.0,4492849,4239,4846.0,5272873560.0,427720,27.0,482280.0,40.0,4239,67,633840,1749,21.0,15719,0.009844482,0.9901555,1
2025-07-30T20:10:23.285391,21065,90949,264703.0,4103073,3996,4859.0,6247221060.0,428398,27.0,545219.0,42.0,3996,67,631861,1653,99.0,15206,0.0072394013,0.9927606,1
2025-07-30T20:10:28.412904,19357,92244,265891.0,4121856,4557,4851.0,6131303960.0,433697,27.0,547761.0,53.0,4557,70,626424,1801,44.0,15381,0.007903993,0.992096,1
2025-07-30T20:10:33.555902,22705,95760,264813.0,4097178,3807,4837.0,6157099300.0,437224,26.0,545391.0,49.0,3807,70,627850,1669,34.0,15762,0.0074290633,0.99257094,1
2025-07-30T20:10:38.832085,21746,88521,266438.0,4146703,4128,4828.0,6157034511.0,433707,27.0,548490.0,47.0,4128,69,635920,1761,30.0,15791,0.006443143,0.99355686,1
2025-07-30T20:10:43.986299,20952,90161,248637.0,4127602,4253,4845.0,6068947901.0,434536,27.0,513200.0,41.0,4253,65,625904,1660,34.0,15588,0.008141458,0.99185854,1
2025-07-30T20:10:49.107330,22584,93240,268654.0,4157505,4040,4830.0,6584493253.0,441253,27.0,553147.0,34.0,4040,67,631201,1737,39.0,15802,0.0077361465,0.99226385,1
2025-07-30T20:10:54.245324,20186,92557,262272.0,4124834,3406,4866.0,6240222122.0,443073,27.0,540603.0,44.0,3406,62,654355,1693,48.0,15505,0.008996785,0.9910032,1
2025-07-30T20:10:59.392106,21962,91416,264818.0,4000245,3971,4844.0,6143373966.0,437495,26.0,545521.0,51.0,3971,64,643813,1650,110.0,15758,0.009528339,0.99047166,1
2025-07-30T20:11:04.531020,20852,94792,257153.0,4084058,4406,4393.0,6225388021.0,426828,27.0,530058.0,59.0,4406,64,623357,1766,51.0,15590,0.007503152,0.99249685,1
2025-07-30T20:11:09.689830,21444,99875,263646.0,4171967,3922,4176.0,6013556758.0,429596,26.0,543190.0,46.0,3922,64,633227,1584,28.0,15444,0.0071157813,0.9928842,1
2025-07-30T20:11:14.821877,21265,89922,215515.0,4143753,4249,4884.0,5731188091.0,428858,27.0,446531.0,36.0,4249,61,629304,1705,55.0,15562,0.0072913766,0.9927086,1
2025-07-30T20:11:19.954606,20218,94697,243725.0,4199352,3905,4847.0,5726432463.0,489500,27.0,503283.0,46.0,3905,62,634598,1593,20.0,15328,0.011228442,0.98877156,1
2025-07-30T20:11:25.125769,20764,94025,261373.0,4272043,3991,4826.0,6091547527.0,431981,26.0,538583.0,45.0,3991,65,626354,1667,41.0,16377,0.008596718,0.9914033,1
2025-07-30T20:11:30.278699,20755,91488,523748.0,4077274,4145,9721.0,12397636059.0,426107,54.0,1078989.0,91.0,4145,67,646946,1585,140.0,15714,0.009903669,0.99009633,1
2025-07-30T20:11:35.420205,21746,89829,267312.0,4156725,4219,4857.0,6278294301.0,439429,27.0,550459.0,45.0,4219,65,644224,1737,30.0,15824,0.008744061,0.99125594,1
2025-07-30T20:11:40.545605,20713,91568,254058.0,4265567,3680,4835.0,5990649399.0,427909,27.0,523521.0,49.0,3680,69,624245,1670,18.0,15849,0.008448124,0.9915519,1
2025-07-30T20:11:45.698384,19619,92132,269446.0,4138065,4137,4865.0,6223602547.0,443854,27.0,554494.0,39.0,4137,62,629076,1826,36.0,15452,0.009567618,0.9904324,1
2025-07-30T20:11:50.872200,22444,90228,264428.0,3918736,3924,4860.0,6217487923.0,434207,27.0,544943.0,51.0,3924,62,639922,1550,20.0,15612,0.010671198,0.9893288,1
2025-07-30T20:11:55.996805,19180,95377,265037.0,4209724,3997,4873.0,6167563870.0,424061,26.0,545900.0,35.0,3997,67,628510,1642,32.0,15178,0.008209944,0.99179006,1
2025-07-30T20:12:01.118728,20942,91040,266513.0,4046847,3928,4235.0,6156544516.0,439937,27.0,548952.0,41.0,3928,68,625968,1730,98.0,15105,0.0063177943,0.9936822,1
2025-07-30T20:12:06.272981,21975,92638,262597.0,4053406,2267,4342.0,6213066079.0,430179,26.0,540907.0,53.0,2267,62,645192,2192,39.0,15499,0.014125347,0.98587465,1
2025-07-30T20:12:11.469583,21413,94187,224454.0,4076204,4219,4895.0,5694859211.0,437768,26.0,464709.0,45.0,4219,67,632044,1771,102.0,15762,0.023667395,0.9763326,1
2025-07-30T20:12:16.608958,21746,95525,231671.0,4231071,4025,4843.0,5423191065.0,435306,27.0,479178.0,42.0,4025,66,646987,1775,96.0,16317,0.008838296,0.9911617,1
2025-07-30T20:12:21.734860,26135,91268,259295.0,4092206,3961,4844.0,6156953338.0,435663,26.0,534344.0,51.0,3961,67,632292,1581,24.0,15574,0.005928576,0.9940714,1
2025-07-30T20:12:26.869160,20996,92741,265291.0,4026607,4053,4878.0,6118401876.0,438390,27.0,546649.0,40.0,4053,64,633187,1591,20.0,15430,0.006845951,0.99315405,1
2025-07-30T20:12:32.020140,20268,97045,252997.0,4145884,4009,4864.0,5972036576.0,439136,27.0,521784.0,50.0,4009,68,628659,1752,18.0,15253,0.007409334,0.99259067,1
2025-07-30T20:12:37.197056,20618,90276,264855.0,4101368,4351,4851.0,6046945497.0,439910,27.0,545613.0,51.0,4351,64,633340,1768,20.0,16369,0.009246409,0.9907536,1
2025-07-30T20:12:42.347362,21258,87339,251547.0,4092486,3880,4850.0,5976928178.0,434592,27.0,518645.0,43.0,3880,62,632403,1663,22.0,15670,0.010575771,0.9894242,1
2025-07-30T20:12:47.498423,20492,89580,261958.0,4406745,4077,4840.0,6198073223.0,431936,26.0,539819.0,44.0,4077,164,632406,1727,138.0,15853,0.01692015,0.98307985,1
2025-07-30T20:12:52.632739,21236,91730,261758.0,4305669,4242,4871.0,6120770009.0,434494,27.0,539258.0,46.0,4242,64,631375,1793,26.0,15314,0.006280601,0.9937194,1
2025-07-30T20:12:57.764012,21003,91937,262696.0,4030155,3841,4082.0,6286377032.0,435797,27.0,541267.0,47.0,3841,63,633035,1683,88.0,15777,0.008277833,0.99172217,1
2025-07-30T20:13:02.909824,21538,123524,253900.0,4205322,3498,4516.0,6112429815.0,436922,26.0,523488.0,38.0,3498,62,643743,1626,120.0,15332,0.0066537857,0.9933462,1
2025-07-30T20:13:08.030204,21211,94147,264653.0,4344899,4208,4871.0,6099740760.0,439901,27.0,545245.0,53.0,4208,60,632928,1728,114.0,15558,0.006872654,0.99312735,1
2025-07-30T20:13:13.155817,21768,90096,229090.0,4100012,3526,4886.0,5707749486.0,434694,26.0,474018.0,45.0,3526,67,624003,1584,26.0,15778,0.009239614,0.9907604,1
2025-07-30T20:13:18.292575,20934,90106,223251.0,4083115,3917,4859.0,5381648607.0,438197,27.0,462050.0,45.0,3917,61,628355,1671,100.0,15584,0.009888351,0.99011165,1
2025-07-30T20:13:23.450469,21142,92452,265641.0,4246171,3652,4862.0,6217866785.0,428746,27.0,547333.0,51.0,3652,63,638104,1639,94.0,15972,0.010693073,0.9893069,1
2025-07-30T20:13:28.586088,20650,90431,264720.0,4047561,4197,4847.0,6482199599.0,443311,27.0,545110.0,39.0,4197,69,632195,1685,87.0,15786,0.0075134635,0.99248654,1
2025-07-30T20:13:33.713829,22462,93940,261974.0,4117834,3810,4862.0,6160102063.0,428314,27.0,539994.0,49.0,3810,68,640804,1767,90.0,15827,0.0073331594,0.99266684,1
2025-07-30T20:13:38.827254,21549,94448,264176.0,4149290,4140,4856.0,5987261684.0,428026,26.0,544290.0,46.0,4140,67,637771,1748,102.0,16299,0.007363081,0.9926369,1
2025-07-30T20:13:43.970921,21818,89038,265903.0,4110497,4112,4868.0,6252736512.0,430422,27.0,548118.0,47.0,4112,64,629776,1715,18.0,15230,0.0075413585,0.99245864,1
2025-07-30T20:13:49.108233,21092,89193,256517.0,4161446,4103,4861.0,5951269377.0,427993,27.0,528795.0,49.0,4103,62,626963,1704,80.0,15342,0.01052779,0.9894722,1
2025-07-30T20:13:54.251043,21993,92404,267605.0,4174050,4261,4880.0,6446205977.0,439797,27.0,551067.0,47.0,4261,70,638156,1655,119.0,15691,0.007950544,0.99204946,1
2025-07-30T20:13:59.384053,21040,92601,266399.0,4219560,3672,3735.0,6182834631.0,429255,27.0,548829.0,46.0,3672,68,628055,1741,23.0,15466,0.005484998,0.994515,1
2025-07-30T20:14:04.511385,21967,94444,265203.0,4144633,4006,4875.0,6156649365.0,437336,26.0,546310.0,41.0,4006,67,637859,1692,118.0,15374,0.0060521364,0.99394786,1
2025-07-30T20:14:09.668866,21547,91570,263462.0,4137529,4113,4891.0,6188421925.0,432523,27.0,542302.0,55.0,4113,70,643409,1726,102.0,15852,0.006738305,0.9932617,1
2025-07-30T20:14:14.795430,20658,87139,221228.0,4025038,3627,4892.0,5756558909.0,426843,26.0,458299.0,45.0,3627,65,630844,1733,114.0,15483,0.009863079,0.9901369,1
2025-07-30T20:14:19.923647,21262,94117,97052.0,4082459,3792,4837.0,4548075161.0,437873,26.0,202133.0,51.0,3792,66,653304,1669,96.0,15235,0.018838584,0.9811614,1
2025-07-30T20:14:25.051485,17747,74833,9.0,3757649,3268,4847.0,3779435070.0,434047,26.0,68.0,48.0,3268,67,636615,1644,18.0,15864,0.094994426,0.9050056,1
2025-07-30T20:14:30.219023,18112,78635,23.0,3863940,3182,9704.0,7693777861.0,440337,52.0,140.0,100.0,3182,68,622657,1627,169.0,15691,0.71849823,0.28150177,0
2025-07-30T20:14:35.378279,18179,77880,12.0,3862407,3738,4835.0,3643551065.0,431947,25.0,72.0,51.0,3738,64,628190,1834,25.0,15368,0.8724735,0.1275265,0
2025-07-30T20:14:40.505754,20467,81430,12.0,3818797,3116,4850.0,3854365007.0,442235,26.0,79.0,48.0,3116,63,626147,1589,20.0,15805,0.899431,0.10056898,0
2025-07-30T20:14:45.647386,17668,84738,9.0,3789670,3137,4545.0,3774249651.0,436193,25.0,78.0,49.0,3137,62,640201,1514,110.0,16065,0.83396685,0.16603318,0
2025-07-30T20:14:50.811246,17996,83248,11.0,3846923,3251,4121.0,4278763855.0,434807,26.0,103.0,50.0,3251,65,627012,1367,33.0,16051,0.6492299,0.3507701,0
2025-07-30T20:14:55.933796,17958,82785,8.0,3750842,3225,4846.0,3800197139.0,436479,25.0,60.0,47.0,3225,61,636828,1519,123.0,15572,0.7764737,0.2235263,0
2025-07-30T20:15:01.045115,19420,87346,11.0,4051846,4551,4874.0,3934829991.0,434975,26.0,66.0,49.0,4551,68,642458,1798,102.0,15572,0.88199043,0.11800954,0
2025-07-30T20:15:06.172693,18859,79135,10.0,3915496,4919,4844.0,3754482876.0,433374,26.0,71.0,47.0,4919,64,641004,1729,102.0,15574,0.957644,0.04235599,0
2025-07-30T20:15:11.315068,17520,77007,9.0,3675714,3242,4878.0,3762918959.0,429037,26.0,63.0,50.0,3242,64,625915,1556,27.0,16347,0.78553545,0.21446455,0
2025-07-30T20:15:16.486785,17193,80165,10.0,4111105,3059,4853.0,3799136507.0,442692,26.0,61.0,47.0,3059,66,637843,1574,106.0,16298,0.5700531,0.4299469,0
2025-07-30T20:15:21.620182,17206,79385,9.0,3774535,3393,4823.0,3802615406.0,424685,25.0,68.0,47.0,3393,67,623605,1605,101.0,15407,0.61854696,0.38145307,0
2025-07-30T20:15:26.748615,20603,95725,8.0,3730545,3585,4855.0,3914465906.0,436516,26.0,76.0,48.0,3585,67,632823,1760,96.0,16149,0.7635022,0.23649783,0
2025-07-30T20:15:31.875767,17639,84460,14.0,3821443,3230,4850.0,3830544469.0,433113,26.0,75.0,50.0,3230,60,635875,1505,89.0,15908,0.8704447,0.1295553,0
2025-07-30T20:15:37.032049,17894,79256,9.0,4009628,3206,4852.0,3755048603.0,431750,25.0,61.0,47.0,3206,64,628018,1697,87.0,15503,0.81353045,0.18646957,0
2025-07-30T20:15:42.151145,17801,77817,8.0,3694737,3173,4863.0,3834721125.0,436646,26.0,61.0,47.0,3173,61,627957,1614,20.0,16450,0.7524993,0.2475007,0
2025-07-30T20:15:47.295059,18647,78972,10.0,3819018,3036,4061.0,3627780005.0,461094,26.0,58.0,48.0,3036,63,645271,1642,88.0,15734,0.7988683,0.20113167,0
2025-07-30T20:15:52.428575,18768,78601,9.0,3846937,3762,4483.0,3802281004.0,442777,26.0,78.0,47.0,3762,63,633500,1618,84.0,16472,0.86070913,0.13929085,0
2025-07-30T20:15:57.580300,17732,84604,8.0,3858754,4359,4853.0,3783927015.0,429791,26.0,69.0,48.0,4359,65,626590,1888,82.0,15052,0.92961985,0.070380166,0
2025-07-30T20:16:02.776103,17597,80484,13.0,3780014,3077,4846.0,3794674280.0,434178,25.0,83.0,48.0,3077,66,630308,1537,117.0,15315,0.9050417,0.094958305,0
2025-07-30T20:16:07.932609,17802,78959,8.0,4018095,3242,4830.0,3835160579.0,426742,26.0,56.0,47.0,3242,70,640744,1655,22.0,15995,0.64075667,0.35924333,0
2025-07-30T20:16:13.039085,17280,78964,11.0,3904122,3184,4888.0,4123949874.0,432296,26.0,76.0,49.0,3184,70,626917,1629,87.0,15993,0.6100635,0.3899365,0
2025-07-30T20:16:18.151491,19962,84145,11.0,3857316,3285,4824.0,3774157927.0,431385,26.0,73.0,47.0,3285,65,634213,1673,80.0,15103,0.7720462,0.22795378,0
2025-07-30T20:16:23.288507,18225,83129,9.0,3792381,3356,4845.0,3761633340.0,429775,25.0,66.0,50.0,3356,68,643808,1567,88.0,16683,0.79254115,0.20745882,0
2025-07-30T20:16:28.440605,18023,77612,11.0,3714435,3626,4835.0,3773134564.0,435028,26.0,68.0,48.0,3626,74,635903,1565,24.0,15965,0.5442388,0.4557612,0
2025-07-30T20:16:33.567247,17952,81825,9.0,3945451,3069,4833.0,3740733367.0,433471,26.0,61.0,47.0,3069,63,636537,1537,20.0,15473,0.5581534,0.4418466,0
2025-07-30T20:16:38.694921,17387,83789,10.0,3850487,3173,4837.0,3842876102.0,438615,26.0,75.0,50.0,3173,65,633734,1485,56.0,15569,0.68595695,0.31404307,0
2025-07-30T20:16:43.826613,20303,82332,11.0,3742303,3507,4704.0,3668156257.0,430077,25.0,66.0,48.0,3507,68,632144,1690,23.0,15566,0.7477562,0.25224382,0
2025-07-30T20:16:49.047588,17942,82497,9.0,3802400,3264,3818.0,3738898475.0,431640,26.0,63.0,47.0,3264,60,628665,1652,17.0,16346,0.8707436,0.12925641,0
2025-07-30T20:16:54.205397,25234,82482,8.0,3696193,3126,4802.0,3892532593.0,439074,25.0,66.0,48.0,3126,62,636160,1510,102.0,15583,0.9707988,0.02920122,0
2025-07-30T20:16:59.329243,18392,78692,11.0,3911561,3261,4855.0,3927212933.0,438371,26.0,71.0,48.0,3261,69,631352,1586,24.0,15486,0.9281043,0.07189573,0
2025-07-30T20:17:04.463122,17180,81480,9.0,3761186,3200,4839.0,3864239089.0,430957,26.0,62.0,47.0,3200,65,619242,1619,84.0,15188,0.7291872,0.2708128,0
2025-07-30T20:17:09.605771,18217,83516,10.0,3877899,3465,4829.0,3718643523.0,441387,26.0,71.0,49.0,3465,65,630261,1599,22.0,16044,0.70836234,0.2916377,0
2025-07-30T20:17:14.776393,17570,80985,13.0,3922375,2980,4887.0,3942760672.0,439878,63.0,73.0,46.0,2980,63,640648,1615,177.0,15904,0.7848052,0.21519485,0
2025-07-30T20:17:19.900431,17691,78452,9.0,3785713,3222,4840.0,3765487556.0,424621,25.0,63.0,48.0,3222,66,634564,1622,20.0,16272,0.81901246,0.18098754,0
2025-07-30T20:17:25.026147,17444,79246,11.0,3917008,4414,4843.0,3830236330.0,445714,26.0,68.0,47.0,4414,65,625275,1842,18.0,15468,0.752355,0.247645,0
2025-07-30T20:17:30.185119,18959,84491,19.0,3739740,3113,9710.0,7644776959.0,443109,52.0,133.0,96.0,3113,67,626456,1781,124.0,15312,0.9238231,0.076176904,0
2025-07-30T20:17:35.320115,21826,80841,9.0,3864820,3654,4831.0,3660944693.0,430178,26.0,72.0,46.0,3654,62,712976,1668,25.0,15900,0.94214714,0.05785288,0
2025-07-30T20:17:40.484012,18533,85332,8.0,3896801,4389,4314.0,3728658156.0,424672,25.0,67.0,47.0,4389,67,634940,1987,24.0,15202,0.9784735,0.021526512,0
2025-07-30T20:17:45.603607,18124,80398,10.0,3907994,3257,4222.0,3692777507.0,431743,26.0,71.0,48.0,3257,69,644550,1551,21.0,16141,0.93979204,0.06020799,0
2025-07-30T20:17:50.762583,17951,80781,14.0,4229225,3215,4844.0,3713951702.0,426226,26.0,90.0,48.0,3215,69,644586,1539,44.0,15625,0.6254648,0.37453523,0
2025-07-30T20:17:55.912523,20426,82975,15.0,3723201,3319,4899.0,4606112903.0,432667,25.0,61.0,46.0,3319,67,644626,1587,464.0,15720,0.791325,0.208675,0
2025-07-30T20:18:01.033245,17787,88336,12.0,3914812,3066,4926.0,5003074639.0,426149,64.0,68.0,49.0,3066,67,632780,1610,309.0,15782,0.9162928,0.08370719,0
2025-07-30T20:18:06.179158,18166,81669,9.0,3975722,3326,4856.0,3754674349.0,436154,25.0,62.0,47.0,3326,64,634922,1649,19.0,15773,0.9077095,0.0922905,0
2025-07-30T20:18:11.345163,17324,80697,8.0,3834129,3106,4927.0,3856984858.0,437261,26.0,62.0,48.0,3106,59,616402,1596,25.0,15673,0.7927845,0.20721547,0
2025-07-30T20:18:16.502650,27188,82921,11.0,3728348,3801,4858.0,3811491576.0,443822,25.0,71.0,48.0,3801,63,767897,1668,18.0,16113,0.9548531,0.045146875,0
2025-07-30T20:18:21.623141,18821,75788,9.0,3798795,3198,4885.0,3928886626.0,439169,26.0,69.0,48.0,3198,66,638973,1637,20.0,15501,0.9591533,0.040846735,0
2025-07-30T20:18:26.753782,18581,82347,10.0,3783743,3185,4856.0,3816360179.0,434597,26.0,68.0,49.0,3185,63,648264,1535,74.0,15582,0.7914925,0.2085075,0
2025-07-30T20:18:31.910177,18661,77109,10.0,4168446,3437,4873.0,3736949957.0,428474,26.0,65.0,47.0,3437,61,631297,1518,20.0,15290,0.7968624,0.20313756,0
2025-07-30T20:18:37.032036,17948,81279,8.0,3884430,3341,4476.0,3793240675.0,439284,26.0,63.0,48.0,3341,66,627064,1477,118.0,15397,0.7528847,0.24711531,0
2025-07-30T20:18:42.140753,21484,85714,10.0,3924726,3645,4105.0,3669863489.0,431877,25.0,62.0,47.0,3645,65,633049,1514,18.0,15604,0.7978807,0.20211929,0
2025-07-30T20:18:47.336262,17792,88516,10.0,3664068,4108,4868.0,3831278958.0,431026,26.0,66.0,47.0,4108,67,627148,1817,31.0,16032,0.9311624,0.06883758,0
2025-07-30T20:18:52.506563,17948,81460,8.0,3747543,3555,4879.0,3802733078.0,431135,26.0,79.0,48.0,3555,69,658234,1605,31.0,15799,0.8161645,0.18383554,0
2025-07-30T20:18:57.655407,17363,82205,13.0,3825785,3259,4872.0,3837660537.0,434563,25.0,74.0,50.0,3259,61,627293,1547,18.0,15895,0.6357996,0.3642004,0
2025-07-30T20:19:02.775936,17863,79530,11.0,4063354,5547,4921.0,4405584192.0,439988,27.0,64.0,47.0,5547,65,623731,1711,70.0,15289,0.8437524,0.1562476,0
2025-07-30T20:19:08.912016,20890,85839,10.0,3776709,3555,4895.0,3806704583.0,432865,25.0,64.0,48.0,3555,65,635070,1696,113.0,15519,0.9653521,0.034647893,0
2025-07-30T20:21:28.405749,17829,85585,10.0,3879894,3280,4915.0,3779637414.0,432679,26.0,74.0,48.0,3280,63,640467,1576,21.0,15622,0.8768898,0.12311015,0
2025-07-30T20:21:57.039895,19486,88322,3191079.0,4041882,4640,133200.0,242392584815.0,435115,708.0,9574454.0,1239.0,4640,69,628539,1788,1491.0,19671,0.44318497,0.556815,1
2025-07-30T20:22:17.767573,20374,87707,697851.0,5722344,3832,27975.0,52644405880.0,431432,152.0,2093879.0,271.0,3832,64,625097,1693,528.0,15738,0.13171983,0.8682802,1
2025-07-30T20:23:13.064611,21455,88873,465772.0,4031315,3586,19141.0,35176627366.0,436798,102.0,1397460.0,185.0,3586,63,935645,1634,274.0,19901,0.073746145,0.92625386,1
2025-07-30T20:24:17.673971,21134,86664,1277875.0,4331154,3885,51662.0,95979343106.0,438505,281.0,3834072.0,504.0,3885,70,973253,1693,878.0,16436,0.068107784,0.9318922,1
2025-07-30T20:24:24.589536,21440,89724,1508146.0,4259328,3601,62442.0,113186590125.0,661163,327.0,4524968.0,590.0,3601,66,1003502,1586,732.0,15189,0.1013751,0.8986249,1
2025-07-30T20:25:01.485076,20052,90616,116036.0,5554427,3945,4676.0,8680391281.0,429644,26.0,348143.0,46.0,3945,69,627352,1572,82.0,19631,0.018115282,0.9818847,1
2025-07-30T20:25:49.148534,21209,88676,928289.0,5943047,3862,37661.0,69856958313.0,429770,202.0,2785172.0,343.0,3862,63,916720,1700,452.0,16135,0.02539742,0.9746026,1
2025-07-30T20:27:09.777736,20472,91193,1042855.0,5912848,4041,42924.0,77939162478.0,434823,227.0,3128936.0,406.0,4041,63,630095,1761,463.0,16240,0.102270246,0.89772975,1
2025-07-30T20:27:24.392108,22679,92733,1857349.0,4014825,4175,75807.0,139285687764.0,632403,403.0,5572602.0,718.0,4175,65,986948,1814,967.0,20471,0.11124712,0.8887529,1
2025-07-30T20:27:42.771767,20135,89711,347416.0,5874927,3665,14713.0,26086770018.0,432929,77.0,1042385.0,128.0,3665,65,621001,1660,145.0,20096,0.07029027,0.92970973,1
2025-07-30T20:30:10.563445,21666,97147,464057.0,4146401,4186,19628.0,34942402354.0,434667,101.0,1392340.0,165.0,4186,63,981466,1612,151.0,19909,0.049212277,0.9507877,1
2025-07-30T20:30:15.769173,19048,87736,2036590.0,3885285,3089,143028.0,199634468379.0,425131,803.0,6111001.0,1430.0,3089,64,636201,1684,2379.0,15777,0.20465994,0.79534006,1
2025-07-30T20:30:20.900276,17692,77097,13.0,3907979,3183,4903.0,3727958522.0,428499,25.0,67.0,48.0,3183,64,628187,1571,20.0,16084,0.25955492,0.7404451,1
2025-07-30T20:30:26.090690,17674,79297,9.0,3961241,4294,4883.0,3951591227.0,432231,26.0,63.0,47.0,4294,69,637241,1631,20.0,15506,0.6195835,0.38041654,0
2025-07-30T20:30:31.247764,18555,76544,8.0,3961799,3830,4908.0,3769306967.0,429950,26.0,60.0,48.0,3830,65,631827,1701,157.0,15372,0.76221377,0.23778625,0
2025-07-30T20:30:36.362473,17322,91076,11.0,3767384,3054,4879.0,3794865062.0,431757,25.0,78.0,48.0,3054,63,633154,1659,21.0,15255,0.8179659,0.18203409,0
2025-07-30T20:30:41.474180,18131,84073,8.0,3788494,4796,4895.0,3838985481.0,436187,26.0,60.0,47.0,4796,66,631583,1720,82.0,14712,0.86773777,0.13226222,0
2025-07-30T20:30:46.611765,18263,79621,10.0,3935586,3400,4221.0,3627649011.0,428960,26.0,68.0,48.0,3400,66,629367,1758,78.0,16341,0.9192868,0.08071323,0
2025-07-30T20:30:51.742833,18140,84536,10.0,3920435,3029,4402.0,3668503200.0,432506,25.0,76.0,46.0,3029,73,633849,1620,120.0,15946,0.76307935,0.23692064,0
2025-07-30T20:30:56.870483,16934,80249,9.0,3762945,3474,4916.0,3845104462.0,431418,26.0,68.0,49.0,3474,66,641130,1558,78.0,15179,0.6040336,0.39596638,0
2025-07-30T20:31:02.000589,17915,85945,13.0,3676581,3281,4915.0,4255408053.0,437042,26.0,66.0,48.0,3281,68,637498,1407,25.0,16216,0.5141239,0.48587608,0
2025-07-30T20:31:07.208654,17738,90353,8.0,3664546,3234,4887.0,3766607412.0,435606,26.0,60.0,47.0,3234,62,635741,1570,84.0,15710,0.68874276,0.31125727,0
2025-07-30T20:31:12.378921,18302,87011,10.0,4026418,3378,4929.0,3906351066.0,423587,26.0,68.0,50.0,3378,65,640471,1603,23.0,16033,0.75649583,0.24350415,0
2025-07-30T20:31:17.507262,18520,81302,9.0,3983807,3070,4889.0,3894233936.0,435983,25.0,61.0,47.0,3070,60,625145,1671,84.0,15449,0.84581333,0.15418668,0
2025-07-30T20:31:22.653019,18025,86401,9.0,3819610,3386,4897.0,3896307615.0,434585,26.0,68.0,48.0,3386,61,627536,1665,17.0,15495,0.90790117,0.0920988,0
2025-07-30T20:31:27.787590,18177,81696,10.0,3966650,3117,4883.0,3801550364.0,429534,26.0,66.0,49.0,3117,65,637000,1462,54.0,15520,0.83105755,0.16894242,0
2025-07-30T20:31:32.912762,17185,80697,12.0,3696735,3047,4895.0,3819494971.0,434745,26.0,76.0,48.0,3047,64,631007,1440,22.0,15560,0.6149545,0.3850455,0
2025-07-30T20:31:38.047739,18158,77789,8.0,3768574,4364,4894.0,3936555017.0,442063,26.0,58.0,47.0,4364,69,627188,1684,55.0,15520,0.65305924,0.34694076,0
2025-07-30T20:31:43.164338,17217,79308,10.0,4182486,3154,3961.0,3581436604.0,522885,26.0,61.0,48.0,3154,72,638106,1548,20.0,15489,0.7393763,0.26062372,0
2025-07-30T20:31:48.305518,18397,126418,9.0,3705116,3069,4647.0,3722823983.0,429478,25.0,64.0,47.0,3069,64,628413,1695,144.0,15788,0.8170049,0.18299507,0
2025-07-30T20:31:53.465353,20784,74665,10.0,3979456,3956,4901.0,3815492305.0,433230,26.0,85.0,48.0,3956,63,631402,1744,18.0,15592,0.92426306,0.07573693,0
2025-07-30T20:31:58.645988,17502,78228,10.0,3804378,2973,4902.0,3744965852.0,442711,26.0,83.0,48.0,2973,69,625113,1603,45.0,15731,0.8574358,0.14256418,0
2025-07-30T20:32:03.786318,17429,77328,10.0,3806156,3317,4921.0,3899406244.0,428621,25.0,65.0,48.0,3317,63,624711,1552,17.0,16050,0.5737956,0.42620438,0
2025-07-30T20:32:08.924465,18038,79608,8.0,3908650,3534,4901.0,3864130370.0,425561,26.0,56.0,48.0,3534,68,632598,1587,100.0,15978,0.6168449,0.38315508,0
2025-07-30T20:32:14.073082,17931,78027,11.0,3927302,3308,4935.0,3757261198.0,430257,26.0,66.0,48.0,3308,67,633812,1480,27.0,15752,0.56565106,0.43434894,0
2025-07-30T20:32:19.233378,20170,100480,8.0,3746037,3778,4899.0,3828026654.0,434165,26.0,71.0,47.0,3778,63,627168,1683,46.0,15332,0.8032894,0.19671059,0
2025-07-30T20:32:24.360921,17684,86220,11.0,3778007,3145,4899.0,3896928625.0,424214,26.0,67.0,48.0,3145,70,630094,1669,18.0,15767,0.86298513,0.13701485,0
2025-07-30T20:32:29.482184,17184,80204,9.0,3840560,3078,4917.0,3819664257.0,428306,25.0,68.0,46.0,3078,66,632133,1584,20.0,15380,0.6233568,0.37664318,0
2025-07-30T20:32:34.647090,18015,78712,8.0,3770548,3316,4470.0,3749221050.0,431728,26.0,66.0,49.0,3316,64,641277,1524,18.0,15608,0.61515963,0.38484037,0
2025-07-30T20:32:39.781750,18226,81367,13.0,3780868,3184,4590.0,3766526741.0,436007,26.0,75.0,49.0,3184,63,631102,1500,157.0,15544,0.7503676,0.2496324,0
2025-07-30T20:32:44.910649,19770,88360,9.0,3789058,3192,4470.0,3904882574.0,430468,26.0,61.0,47.0,3192,69,621662,1577,22.0,16124,0.7393132,0.2606868,0
2025-07-30T20:32:50.033903,18818,82814,10.0,3765463,3965,4916.0,3818497845.0,429422,26.0,68.0,48.0,3965,63,641664,1694,19.0,15291,0.8572879,0.14271213,0
2025-07-30T20:32:55.188610,17979,77664,20.0,3757825,3109,9815.0,7549376063.0,435553,51.0,141.0,93.0,3109,63,639798,1519,74.0,15243,0.82932895,0.17067105,0
2025-07-30T20:33:00.328005,18045,85125,9.0,3756651,3206,4933.0,3738332754.0,431761,26.0,67.0,48.0,3206,65,636110,1522,18.0,16402,0.67449796,0.32550204,0
2025-07-30T20:33:05.470406,17987,82388,11.0,3897281,3602,4905.0,3856184827.0,429823,26.0,69.0,48.0,3602,65,629978,1709,107.0,15292,0.7291641,0.2708359,0
2025-07-30T20:33:10.613347,17575,78341,9.0,3706785,3276,4958.0,3969317858.0,439936,64.0,58.0,47.0,3276,66,636123,1543,25.0,15148,0.8169091,0.18309091,0
2025-07-30T20:33:15.753333,17471,85218,10.0,4651039,3188,4909.0,3776629678.0,446289,26.0,62.0,48.0,3188,64,620411,1565,22.0,16031,0.8785989,0.12140107,0
2025-07-30T20:33:20.874540,17605,77520,10.0,3947600,3239,4897.0,3807756444.0,429986,25.0,77.0,52.0,3239,67,628138,1582,160.0,15324,0.75409365,0.24590638,0
2025-07-30T20:33:25.996243,24835,77818,8.0,3801525,3275,4116.0,3696597878.0,429197,27.0,62.0,48.0,3275,65,803861,1601,79.0,15497,0.8789176,0.1210824,0
2025-07-30T20:33:31.123800,18286,83537,11.0,3699371,3301,4541.0,3787150928.0,429047,25.0,66.0,48.0,3301,64,629739,1517,106.0,15405,0.9560273,0.043972656,0
2025-07-30T20:33:36.320783,21089,80901,8.0,4234314,3799,4889.0,3738672180.0,433470,26.0,63.0,46.0,3799,64,642661,1710,92.0,15323,0.8920503,0.10794965,0
2025-07-30T20:33:41.448093,17816,82412,10.0,3815440,3261,4905.0,3922329116.0,436614,25.0,72.0,50.0,3261,63,632072,1590,23.0,15684,0.8961438,0.103856206,0
2025-07-30T20:33:46.568174,18282,75204,11.0,3857724,3097,4899.0,3954315045.0,443678,27.0,69.0,48.0,3097,70,646591,1493,100.0,15458,0.73561406,0.2643859,0
2025-07-30T20:33:51.710632,17210,76566,10.0,3827620,3314,4907.0,3751564475.0,428305,25.0,92.0,47.0,3314,64,630255,1444,37.0,15670,0.5969318,0.40306818,0
2025-07-30T20:33:57.008253,17499,77194,8.0,3867931,4829,4928.0,3855973851.0,433356,26.0,61.0,47.0,4829,57,631895,1811,38.0,15177,0.795351,0.20464896,0
2025-07-30T20:34:02.133817,19476,83416,12.0,4262927,3636,4921.0,3862687756.0,432130,26.0,68.0,48.0,3636,65,629639,1598,58.0,16284,0.9537977,0.046202313,0
2025-07-30T20:34:07.279906,17747,86250,9.0,3687355,3165,4928.0,3846689730.0,432575,25.0,64.0,47.0,3165,63,641330,1612,25.0,15917,0.80105543,0.19894458,0
2025-07-30T20:34:12.415684,17602,80808,10.0,3808985,3130,4941.0,3824736064.0,443376,26.0,62.0,49.0,3130,69,628505,1464,57.0,15510,0.6756077,0.32439235,0
2025-07-30T20:34:17.514627,21551,75292,1997.0,4063077,3422,4711.0,4093463619.0,427037,63.0,8125.0,101.0,3422,69,634712,1812,331.0,15686,0.81304693,0.18695308,0
2025-07-30T20:34:22.646710,17392,85900,3987.0,3876390,2979,4039.0,4381673482.0,442921,64.0,16203.0,156.0,2979,67,626501,1547,853.0,16396,0.8295927,0.1704073,0
2025-07-30T20:34:27.785008,20282,79909,2993.0,4038553,8316,4968.0,4164174223.0,493756,66.0,12157.0,129.0,8316,62,628846,1935,381.0,15297,0.95407754,0.045922432,0
2025-07-30T20:34:32.944857,18186,111127,3984.0,3750491,3608,4968.0,4427176291.0,431379,65.0,16181.0,155.0,3612,69,648799,1601,510.0,16403,0.9686795,0.03132049,0
2025-07-30T20:34:38.089010,22317,81483,3986.0,3777101,2996,4984.0,4464297964.0,434636,65.0,16183.0,157.0,2996,59,1275176,1585,1123.0,15330,0.085938275,0.9140617,1
2025-07-30T20:34:43.215621,18562,85293,3985.0,3864101,3195,4977.0,4462443129.0,429958,25.0,16182.0,155.0,3195,77,642490,1507,500.0,15758,0.36280227,0.63719773,1
2025-07-30T20:34:48.346174,18195,86166,3984.0,3850945,3340,4972.0,4601602774.0,427781,67.0,16194.0,155.0,3340,62,625865,1614,495.0,15907,0.52667177,0.47332826,0
2025-07-30T20:34:53.498375,17485,84166,3987.0,3755657,3197,5096.0,4559504360.0,441157,66.0,16243.0,159.0,3197,71,623339,1497,484.0,16112,0.75219554,0.24780446,0
2025-07-30T20:34:58.672800,17686,75703,4982.0,3885202,3025,5025.0,4571208079.0,437348,67.0,20220.0,183.0,3025,64,626799,1577,573.0,15443,0.7179614,0.28203863,0
2025-07-30T20:35:03.816458,18221,81261,3984.0,3781046,3156,4995.0,4640039386.0,436933,66.0,16178.0,155.0,3156,67,642362,1632,678.0,15835,0.7534946,0.2465054,0
2025-07-30T20:35:08.954794,19594,100905,3987.0,3807686,3565,4100.0,4471443656.0,440822,66.0,16190.0,157.0,3565,64,629410,1609,1251.0,16137,0.54770553,0.45229447,0
2025-07-30T20:35:14.091146,18271,84446,3985.0,3746019,3193,4721.0,4459589090.0,429618,26.0,16183.0,154.0,3193,71,648842,1563,510.0,15163,0.44242907,0.55757093,1
2025-07-30T20:35:19.240062,17507,104869,3984.0,3672525,2663,4987.0,4602560492.0,430890,66.0,16180.0,156.0,2663,65,630496,1607,489.0,15866,0.65578336,0.34421664,0
2025-07-30T20:35:24.366369,17757,90945,3988.0,3964331,3706,4962.0,4502395227.0,435577,66.0,16186.0,157.0,3706,68,627645,1706,455.0,15809,0.5229727,0.47702727,0
2025-07-30T20:35:29.485124,17636,77621,4979.0,3775523,3198,5005.0,4585470310.0,434069,66.0,20226.0,181.0,3198,63,625653,1737,571.0,15790,0.7105268,0.2894732,0
2025-07-30T20:35:34.648187,16645,85780,3984.0,3787842,3102,4986.0,4575023635.0,639794,67.0,16176.0,156.0,3102,71,630372,1450,491.0,16260,0.7414213,0.25857872,0
2025-07-30T20:35:39.777921,18170,84629,3987.0,4039309,3182,4968.0,4540631916.0,439346,66.0,16188.0,156.0,3182,62,636234,1523,1429.0,15883,0.5896652,0.41033486,0
2025-07-30T20:35:44.914563,18290,80921,3984.0,3824671,3173,4998.0,4550306801.0,443403,26.0,16176.0,155.0,3173,68,634022,1567,490.0,15414,0.728503,0.27149698,0
2025-07-30T20:35:50.081210,18785,78628,3986.0,4209652,3065,4976.0,4605513871.0,431192,66.0,16182.0,157.0,3065,68,644389,1644,490.0,15498,0.7225497,0.27745032,0
2025-07-30T20:35:55.199417,19059,93915,7970.0,3696390,3714,9317.0,8818900218.0,425429,132.0,32383.0,310.0,3714,64,638682,1678,956.0,15525,0.8648737,0.13512628,0
2025-07-30T20:36:00.328652,17579,84212,3989.0,3782287,3082,4482.0,4367954980.0,431381,67.0,16196.0,158.0,3082,65,622864,1481,485.0,15871,0.90551215,0.09448784,0
2025-07-30T20:36:05.518338,17455,81177,4980.0,4597451,3180,5003.0,4799379170.0,434209,64.0,20216.0,182.0,3180,69,624420,1603,1568.0,16335,0.6054532,0.3945468,0
2025-07-30T20:36:10.721718,19972,82758,3984.0,3721309,3113,5019.0,4553790259.0,428766,67.0,16187.0,155.0,3113,66,648114,1511,481.0,15790,0.38925195,0.61074805,1
2025-07-30T20:36:15.868354,18460,88825,3986.0,3984536,2900,4987.0,4607845551.0,447873,26.0,16179.0,155.0,2900,64,715175,1460,484.0,16145,0.8741996,0.12580039,0
2025-07-30T20:36:20.988938,20251,85945,3987.0,4142367,3158,4984.0,4560460833.0,433036,66.0,16191.0,158.0,3158,67,670647,1606,455.0,15808,0.79338765,0.20661236,0
2025-07-30T20:36:26.184251,17813,88766,3984.0,3975811,3046,4988.0,4556836290.0,427183,67.0,16183.0,157.0,3046,67,625139,1514,1013.0,16102,0.65003836,0.34996164,0
2025-07-30T20:36:31.340664,17887,80690,3987.0,3959571,3083,4986.0,4481255532.0,435540,64.0,16195.0,156.0,3083,65,638267,1582,717.0,20846,0.19270378,0.8072962,1
2025-07-30T20:36:36.486867,19183,82021,4978.0,3792416,3625,5017.0,4783849844.0,431963,69.0,20209.0,182.0,3625,64,624658,1748,587.0,15985,0.32536513,0.6746349,1
2025-07-30T20:36:41.623910,18519,80838,3986.0,3818438,2709,4782.0,4630535579.0,441731,66.0,16184.0,157.0,2709,65,636134,1823,1176.0,15657,0.8160682,0.18393183,0
2025-07-30T20:36:46.785426,17409,83309,3985.0,3839625,3458,4246.0,4242936276.0,439218,26.0,16189.0,154.0,3458,65,624975,1843,474.0,15807,0.7891963,0.21080369,0
2025-07-30T20:36:51.932278,17999,81796,3985.0,3984928,3173,4788.0,4599441657.0,429694,66.0,16201.0,156.0,3173,75,635119,1537,457.0,17147,0.46709812,0.5329019,1
2025-07-30T20:36:57.066026,18908,78832,3987.0,4257054,4220,5028.0,4752028575.0,429979,67.0,16183.0,156.0,4220,65,635495,1489,457.0,15831,0.65224683,0.3477532,0
2025-07-30T20:37:02.206902,17767,98984,3986.0,3918662,4956,4992.0,4964669088.0,430228,66.0,16181.0,155.0,4956,66,643718,1692,456.0,15548,0.8733239,0.12667605,0
2025-07-30T20:37:07.326538,18019,78424,4058.0,3744309,3045,5026.0,4576565038.0,450581,67.0,16504.0,164.0,3045,67,648713,1554,460.0,15896,0.820185,0.179815,0
2025-07-30T20:37:12.459566,25388,82781,4910.0,4058483,3093,5026.0,4746284663.0,429406,66.0,19918.0,177.0,3093,65,635291,1587,960.0,16609,0.82237524,0.17762475,0
2025-07-30T20:37:17.585569,17616,81260,3985.0,4173331,3547,4984.0,4465936562.0,427088,25.0,16183.0,155.0,3547,69,627354,1700,1300.0,15788,0.52904665,0.47095332,0
2025-07-30T20:37:22.754499,19491,84695,3987.0,3770147,3712,4998.0,4557579443.0,428588,67.0,16194.0,158.0,3712,67,625392,1736,495.0,17584,0.12767887,0.8723211,1
2025-07-30T20:37:27.902223,17323,83721,3987.0,4335425,3103,5011.0,4564234972.0,430166,66.0,16202.0,156.0,3103,65,620038,1518,463.0,15856,0.6575861,0.3424139,0
2025-07-30T20:37:33.047256,18402,80684,3984.0,3815542,3167,4763.0,4468059843.0,441992,66.0,16181.0,155.0,3167,67,651105,1506,453.0,16121,0.70471036,0.29528964,0
2025-07-30T20:37:38.179501,14979,86899,3986.0,3987879,3314,4041.0,4528989133.0,439335,67.0,16187.0,156.0,3314,70,651116,1520,1188.0,15550,0.61080045,0.38919955,0
2025-07-30T20:37:43.374808,17111,81360,4979.0,4206687,3056,5013.0,4682040738.0,437750,66.0,20211.0,183.0,3056,65,639315,1595,568.0,15421,0.5702943,0.42970568,0
2025-07-30T20:37:48.522446,17439,82637,3984.0,3743930,3241,4975.0,4418314489.0,470491,25.0,16179.0,156.0,3241,66,630074,1879,1058.0,16330,0.6505401,0.34945986,0
2025-07-30T20:37:53.647551,16928,84393,3988.0,3973742,3301,4991.0,4588993109.0,595097,67.0,16203.0,155.0,3301,65,620832,1610,491.0,15739,0.289791,0.710209,1
2025-07-30T20:37:58.786182,17732,84316,3984.0,4022331,3009,5002.0,4562976239.0,432666,66.0,16182.0,155.0,3009,65,632655,1514,464.0,16098,0.77763027,0.22236973,0
2025-07-30T20:38:03.923169,18004,81617,3986.0,4037939,3325,4996.0,4515481125.0,432226,66.0,16183.0,157.0,3325,61,632336,1473,1191.0,15429,0.7830667,0.21693331,0
2025-07-30T20:38:09.050719,18147,82983,3985.0,3983207,3385,4993.0,4602304983.0,433383,67.0,16179.0,154.0,3385,61,640249,1636,457.0,16867,0.7852473,0.21475264,0
2025-07-30T20:38:14.196859,18167,92417,4978.0,4152614,3171,5034.0,4654878466.0,424357,66.0,20213.0,183.0,3171,112,633344,1664,546.0,16674,0.3949945,0.6050055,1
2025-07-30T20:38:19.334903,17629,85193,3647.0,3878751,3266,4967.0,4448084608.0,436425,25.0,14812.0,141.0,3266,67,627968,1864,469.0,16103,0.13920605,0.86079395,1
2025-07-30T20:38:24.460632,17590,92373,3336.0,3669544,3447,4566.0,4360111931.0,431598,66.0,13564.0,149.0,3447,64,634307,1721,1162.0,18222,0.24169731,0.7583027,1
2025-07-30T20:38:29.620877,24123,78513,3984.0,3812738,3531,4234.0,4222192434.0,423064,66.0,16181.0,155.0,3531,67,1051398,1479,456.0,17177,0.22247225,0.77752775,1
2025-07-30T20:38:34.806308,17891,78521,3986.0,3891300,3396,4961.0,4493736904.0,438454,65.0,16183.0,157.0,3396,64,632937,1685,1029.0,15134,0.71010613,0.28989387,0
2025-07-30T20:38:39.943208,17459,79856,3024.0,3838293,3218,4977.0,4360426858.0,431929,65.0,12303.0,133.0,3218,63,631833,1523,344.0,16163,0.7973372,0.2026628,0
2025-07-30T20:38:45.065874,18730,75649,4945.0,3936476,4474,5017.0,4770113372.0,432155,66.0,20071.0,177.0,4474,65,633661,1897,562.0,16156,0.85313964,0.14686033,0
2025-07-30T20:38:50.280192,20054,85156,7972.0,4152886,3476,9968.0,8892959096.0,437584,133.0,32381.0,310.0,3476,65,625410,1652,1617.0,16283,0.7855308,0.21446918,0
2025-07-30T20:38:55.416111,17803,82456,3985.0,3790676,3272,5000.0,4470397390.0,432977,25.0,16178.0,156.0,3272,68,625439,1711,460.0,16235,0.7210698,0.2789302,0
2025-07-30T20:39:00.535117,17348,75108,3987.0,3882384,4017,5000.0,4642626887.0,438622,66.0,16186.0,156.0,4017,66,621790,1659,455.0,16000,0.54396516,0.45603484,0
2025-07-30T20:39:05.720406,16985,81793,3984.0,3881118,2895,5013.0,4491977560.0,427304,66.0,16177.0,155.0,2895,62,651057,1504,511.0,16074,0.84935457,0.15064543,0
2025-07-30T20:39:10.863415,18234,86704,4981.0,3975380,3325,4777.0,4845350422.0,429954,67.0,20214.0,183.0,3325,68,650488,1488,560.0,15655,0.7622824,0.23771761,0
2025-07-30T20:39:16.024887,17805,78799,3985.0,3801756,3380,4114.0,4355452187.0,434215,66.0,16194.0,154.0,3380,68,631840,1836,455.0,16078,0.7420182,0.25798178,0
2025-07-30T20:39:21.158593,17028,83656,3986.0,4164338,3196,4969.0,4527711258.0,622308,67.0,16200.0,155.0,3196,65,621276,1573,1368.0,16227,0.6609857,0.33901426,0
2025-07-30T20:39:26.273464,17214,81294,3990.0,4201980,2943,4963.0,4550027239.0,439776,25.0,16203.0,157.0,2943,64,628801,1586,454.0,16660,0.43187678,0.5681232,1
2025-07-30T20:39:31.448988,20045,81955,3985.0,4057137,3196,4993.0,4550765878.0,430560,67.0,16181.0,155.0,3196,63,637533,1664,450.0,17208,0.57311594,0.42688406,0
2025-07-30T20:39:36.576773,18474,79745,3984.0,3953320,3002,4972.0,4477557634.0,431154,66.0,16183.0,156.0,3002,66,639976,1523,496.0,15570,0.7896254,0.21037461,0
2025-07-30T20:39:41.741344,17876,92196,3986.0,3951611,3165,4973.0,4577248872.0,434081,66.0,16186.0,156.0,3165,67,638046,1534,453.0,15673,0.7921055,0.20789452,0
2025-07-30T20:39:46.897828,18811,80104,4979.0,3840405,3079,4988.0,4602670915.0,427175,66.0,20209.0,181.0,3079,64,642803,1482,563.0,16246,0.73033965,0.26966032,0
2025-07-30T20:39:52.049945,19904,83113,3984.0,3858843,4007,4959.0,4583070520.0,444318,26.0,16193.0,155.0,4007,66,625853,1888,1237.0,16701,0.6463065,0.35369346,0
2025-07-30T20:39:57.175601,17738,90328,3988.0,3965095,3220,5031.0,4633385058.0,432534,66.0,16187.0,156.0,3220,67,626666,1551,752.0,15904,0.19922,0.80078,1
2025-07-30T20:40:02.334138,17633,76512,3984.0,3742979,3088,5009.0,4562431343.0,434242,68.0,16180.0,155.0,3088,67,630469,1388,454.0,15833,0.6378199,0.36218008,0
2025-07-30T20:40:07.519070,17551,89536,3986.0,3980484,3278,4294.0,4374551972.0,431514,67.0,16181.0,157.0,3278,68,632074,1582,509.0,15262,0.78092796,0.21907203,0
2025-07-30T20:40:12.648349,18271,79993,4389.0,4103785,3003,4550.0,4596572265.0,429079,66.0,17817.0,161.0,3003,62,625386,1623,1243.0,15599,0.7590171,0.24098292,0
2025-07-30T20:40:17.767407,17211,92672,4574.0,3707646,3049,4997.0,4794197344.0,437701,66.0,18584.0,177.0,3049,65,619811,1664,565.0,15371,0.8297195,0.1702805,0
2025-07-30T20:40:22.902220,17751,87816,3986.0,3809271,2687,4992.0,4464345969.0,436507,25.0,16205.0,156.0,2687,64,635101,1703,458.0,16013,0.7918521,0.20814787,0
2025-07-30T20:40:28.072232,18194,81628,3986.0,3878597,2889,4966.0,4671433476.0,434093,67.0,16193.0,155.0,2889,71,627603,1722,1214.0,15823,0.64155996,0.35844,0
2025-07-30T20:40:33.200403,17769,81852,3984.0,3871881,3085,4981.0,4534994226.0,438178,66.0,16184.0,155.0,3085,66,624931,1545,452.0,15895,0.5937346,0.4062654,0
2025-07-30T20:40:38.334103,18869,83750,3989.0,3818042,3636,4975.0,4441412667.0,433851,67.0,16196.0,157.0,3636,66,627093,1577,507.0,15404,0.82708323,0.17291677,0
2025-07-30T20:40:43.464841,17743,111738,3985.0,3873326,3277,4982.0,4570145050.0,428143,66.0,16182.0,155.0,3277,64,632604,1555,482.0,15953,0.7677482,0.23225182,0
2025-07-30T20:40:48.617987,27284,80833,3985.0,3975778,3076,4969.0,4474483009.0,429524,25.0,16181.0,156.0,3076,61,996272,1465,456.0,16302,0.8184114,0.18158859,0
2025-07-30T20:40:53.780049,18407,86416,4981.0,3874812,2961,5009.0,4641452596.0,426818,67.0,20223.0,183.0,2961,64,635445,1580,599.0,15922,0.9684975,0.03150246,0
2025-07-30T20:40:58.909384,17579,79923,3985.0,3960824,3628,4234.0,4493826986.0,435687,66.0,16181.0,155.0,3628,63,634450,1640,1263.0,15629,0.73771846,0.26228154,0
2025-07-30T20:41:04.148684,18060,91671,3986.0,3777470,3233,4596.0,4495263007.0,580581,66.0,16184.0,157.0,3233,66,632757,1558,780.0,16799,0.61324584,0.38675418,0
2025-07-30T20:41:09.316626,17406,80268,3985.0,3797276,2994,4961.0,4439274634.0,433151,66.0,16186.0,155.0,2994,69,634345,1552,484.0,15565,0.55637634,0.44362366,0
2025-07-30T20:41:14.487079,17699,83077,3984.0,4221764,3198,5026.0,4836308098.0,431495,67.0,16182.0,156.0,3198,65,634094,1681,491.0,15905,0.7387959,0.2612041,0
2025-07-30T20:41:19.633721,18966,82158,3987.0,4119550,3874,4967.0,4638295433.0,432415,25.0,16181.0,155.0,3874,66,643239,1724,1222.0,15616,0.6721399,0.32786012,0
2025-07-30T20:41:24.774171,17806,90716,4979.0,3817714,3035,5016.0,4702507074.0,432378,67.0,20218.0,182.0,3035,64,640351,1564,572.0,15834,0.32739574,0.67260426,1
2025-07-30T20:41:29.898630,18177,88769,3985.0,3936728,3246,4972.0,4523866592.0,438039,66.0,16188.0,155.0,3246,67,642720,1523,515.0,15895,0.7148221,0.2851779,0
2025-07-30T20:41:35.060079,17046,80604,3987.0,3864573,3613,4979.0,4531422751.0,461704,66.0,16188.0,156.0,3613,62,622361,1835,1262.0,15281,0.7160233,0.28397667,0
2025-07-30T20:41:40.270768,19635,81948,7970.0,3801519,3265,9951.0,9096892298.0,433005,133.0,32373.0,312.0,3265,65,625936,1581,958.0,15917,0.84991467,0.15008533,0
2025-07-30T20:41:45.444571,18836,84062,3988.0,3957477,3315,4642.0,4320471195.0,434803,26.0,16199.0,155.0,3315,67,623900,1575,479.0,16372,0.88707316,0.11292686,0
2025-07-30T20:41:50.641071,17733,81394,4976.0,3994304,3132,4154.0,4573342375.0,432215,66.0,20215.0,182.0,3132,67,638895,1490,475.0,16564,0.49638844,0.50361156,1
2025-07-30T20:41:55.826878,17912,113341,3990.0,3979907,3185,4985.0,4619691946.0,429395,66.0,16195.0,157.0,3185,65,632882,1515,569.0,15677,0.6024633,0.3975367,0
2025-07-30T20:42:00.969586,17840,90402,3985.0,3770321,3565,4981.0,4749663908.0,428888,66.0,16181.0,154.0,3565,63,629693,1663,1430.0,17601,0.12759596,0.87240404,1
2025-07-30T20:42:06.085430,16900,85375,3984.0,3935194,3262,4952.0,4495927801.0,432263,66.0,16178.0,156.0,3262,65,621335,1633,495.0,16103,0.34566045,0.65433955,1
2025-07-30T20:42:11.215548,17961,80689,3986.0,3948315,3064,5006.0,4523157527.0,423343,67.0,16184.0,156.0,3064,65,622631,1640,490.0,15902,0.7159344,0.2840656,0
2025-07-30T20:42:16.374784,18011,78051,3985.0,4087726,3196,4955.0,4410524124.0,436345,25.0,16185.0,155.0,3196,63,628089,1672,1135.0,15516,0.82110643,0.17889354,0
2025-07-30T20:42:21.540781,19948,83054,3984.0,3715734,3480,4979.0,4494644002.0,504597,67.0,16176.0,155.0,3480,67,643779,1730,474.0,15327,0.54562217,0.45437783,0
2025-07-30T20:42:26.708873,16661,117132,3358.0,3883319,4299,4981.0,4406945713.0,434820,65.0,13646.0,141.0,4321,60,622640,2042,446.0,15715,0.9485742,0.05142584,0
2025-07-30T20:42:31.853757,18623,78096,3621.0,7169353,2913,4942.0,4297876581.0,433528,65.0,14734.0,142.0,2913,70,635927,1666,349.0,15615,0.6827067,0.31729332,0
2025-07-30T20:42:37.003925,18038,94557,3986.0,3936386,3094,4849.0,4464439575.0,438624,65.0,16187.0,157.0,3094,64,632510,1695,1260.0,15603,0.21320707,0.78679293,1
2025-07-30T20:42:42.110271,18841,81157,3985.0,3946592,3608,4095.0,4363135900.0,449750,66.0,16182.0,154.0,3608,68,627721,1518,453.0,16209,0.5454025,0.4545975,0
2025-07-30T20:42:47.260307,17996,79160,3984.0,3851379,3302,4789.0,4427284781.0,435498,66.0,16186.0,156.0,3302,64,627171,1587,452.0,15547,0.8536219,0.1463781,0
2025-07-30T20:42:52.479781,19772,83834,3986.0,3893021,3147,4970.0,4486464788.0,432632,66.0,16196.0,156.0,3147,62,637074,1712,450.0,15488,0.9355933,0.0644067,0
2025-07-30T20:42:57.635494,18308,94360,4583.0,4327876,3295,4998.0,4641667504.0,429808,66.0,18625.0,173.0,3295,67,629793,1617,555.0,16109,0.8376987,0.16230132,0
2025-07-30T20:43:02.786405,20932,84072,4386.0,3848830,2392,5000.0,5014510483.0,438482,25.0,17792.0,164.0,2392,67,637962,2061,538.0,23897,0.10247511,0.8975249,1
2025-07-30T20:43:07.936137,17019,84836,3987.0,3788412,3213,4971.0,4679371256.0,437514,67.0,16185.0,157.0,3213,63,628427,1632,1535.0,16059,0.042320907,0.9576791,1
2025-07-30T20:43:13.091582,22210,78809,3985.0,3988875,3282,4999.0,4594058170.0,432039,66.0,16182.0,154.0,3282,63,627406,1588,492.0,16408,0.82547516,0.17452486,0
2025-07-30T20:43:18.206865,17882,77513,3984.0,4153519,3185,4954.0,4428614514.0,433889,66.0,16178.0,156.0,3185,66,639454,1432,480.0,15943,0.8572566,0.1427434,0
2025-07-30T20:43:23.351814,17790,92286,3989.0,3717213,3024,4987.0,4592368279.0,429519,67.0,16199.0,161.0,3024,65,654157,1349,488.0,16809,0.6488383,0.3511617,0
2025-07-30T20:43:28.524538,26333,85016,3985.0,4293572,3575,4667.0,4418134772.0,437364,25.0,16181.0,155.0,3575,66,1388164,1627,452.0,16113,0.6402389,0.35976115,0
2025-07-30T20:43:33.688497,17634,78052,3986.0,3918129,3288,4126.0,4519579365.0,429075,66.0,16199.0,157.0,3288,62,634532,1486,479.0,15688,0.7448623,0.25513765,0
2025-07-30T20:43:38.821559,17953,81508,4979.0,3838175,3321,4962.0,4737029231.0,442174,67.0,20209.0,183.0,3321,66,651391,1545,1584.0,15350,0.8770525,0.12294752,0
2025-07-30T20:43:43.953389,17766,80954,3984.0,4053471,3401,4955.0,4641334764.0,468746,66.0,16178.0,156.0,3401,60,627968,1620,491.0,15782,0.7410166,0.25898334,0
2025-07-30T20:43:49.105825,16938,85696,3988.0,3796368,3070,4960.0,4445201832.0,443447,66.0,16192.0,156.0,3070,63,622360,1713,480.0,15677,0.88215685,0.11784313,0
2025-07-30T20:43:54.243707,17861,79983,3985.0,3784524,3041,4971.0,4516148268.0,438725,67.0,16197.0,155.0,3041,69,642437,1745,520.0,15773,0.75818735,0.24181266,0
2025-07-30T20:43:59.378223,17850,78254,3988.0,3997613,2956,5027.0,4653606331.0,429420,25.0,16185.0,156.0,2956,66,640266,1462,479.0,15232,0.78641266,0.21358736,0
2025-07-30T20:44:04.539068,18291,81832,3989.0,3847708,3327,4978.0,4549887967.0,429671,66.0,16196.0,158.0,3327,62,631243,1577,490.0,15574,0.75735116,0.24264884,0
2025-07-30T20:44:09.674421,20842,88196,4979.0,3841211,3961,5037.0,4755029587.0,435214,67.0,20219.0,182.0,3961,61,631437,1675,1471.0,15580,0.8813291,0.118670896,0
2025-07-30T20:44:14.815528,17655,83832,3984.0,3918911,3187,5001.0,4534655977.0,430510,66.0,16190.0,156.0,3187,66,635327,1712,568.0,15742,0.6710728,0.32892722,0
2025-07-30T20:44:19.948271,17580,75368,1999.0,3801595,3226,4796.0,4195997156.0,436011,26.0,8135.0,102.0,3226,61,632355,1639,258.0,15623,0.79060495,0.20939508,0
2025-07-30T20:44:25.104338,17792,89721,7.0,3906867,3047,3872.0,3651122685.0,427486,26.0,61.0,46.0,3047,72,627717,1523,22.0,15558,0.65242076,0.3475792,0
2025-07-30T20:44:30.390480,17807,79505,20.0,3849650,3374,9762.0,7514887824.0,434679,51.0,125.0,95.0,3374,64,633483,1657,94.0,15901,0.677008,0.32299203,0
2025-07-30T20:44:35.583887,20327,87040,8.0,3983729,3577,4885.0,3725258395.0,438353,26.0,66.0,48.0,3577,70,628148,1676,27.0,15862,0.83635503,0.16364498,0
2025-07-30T20:44:40.724151,19428,80485,10.0,3904228,3222,4879.0,4135676527.0,430637,25.0,61.0,48.0,3222,70,629093,1540,545.0,15077,0.9055313,0.0944687,0
2025-07-30T20:44:45.858429,18096,80057,9.0,4082130,3216,4881.0,3946113656.0,428215,26.0,66.0,46.0,3216,62,619947,1442,44.0,15246,0.7418886,0.25811142,0
2025-07-30T20:44:51.004878,17323,81073,10.0,3517143,4046,5021.0,3888056759.0,431320,26.0,102.0,50.0,4046,64,623731,1533,96.0,16035,0.6634618,0.3365382,0
2025-07-30T20:44:56.134075,18064,82488,12.0,3900309,2992,4903.0,3826091956.0,444627,25.0,69.0,48.0,2992,67,626948,1496,97.0,15957,0.5985303,0.40146968,0
2025-07-30T20:45:01.250542,17377,81832,8.0,3810528,3205,4906.0,3772581295.0,437945,25.0,60.0,47.0,3205,62,627030,1465,38.0,16008,0.620528,0.37947202,0
2025-07-30T20:45:06.379670,17698,81548,10.0,3818632,3517,4882.0,3854240629.0,421419,27.0,69.0,50.0,3517,66,630983,1466,54.0,15571,0.5995649,0.4004351,0
2025-07-30T20:45:11.636652,18531,80359,12.0,3831079,3064,4501.0,3667150941.0,497227,25.0,83.0,47.0,3064,69,629961,1476,23.0,15577,0.62508065,0.37491935,0
2025-07-30T20:45:16.800206,17564,77151,8.0,3856052,3078,4129.0,3691761750.0,432415,26.0,61.0,47.0,3078,65,631346,1572,52.0,15998,0.6802286,0.31977138,0
2025-07-30T20:45:21.927031,19719,85490,10.0,3893794,3524,4881.0,4036947015.0,437288,26.0,67.0,49.0,3524,67,637522,1619,19.0,15101,0.7736787,0.22632127,0
2025-07-30T20:45:27.052061,18607,77523,10.0,3751763,3142,4882.0,3834895326.0,426606,26.0,67.0,47.0,3142,65,640398,1652,174.0,15764,0.8694619,0.13053814,0
2025-07-30T20:45:32.179075,17532,79940,9.0,3909488,3076,4857.0,3935334720.0,434510,25.0,60.0,48.0,3076,62,632693,1445,85.0,15475,0.7468197,0.25318033,0
2025-07-30T20:45:37.300850,16992,80141,10.0,3918023,3521,4912.0,3851284453.0,428347,26.0,63.0,48.0,3521,63,628350,1635,53.0,16313,0.6696236,0.33037642,0
2025-07-30T20:45:42.515365,18641,84284,9.0,3826389,3220,4890.0,3730032286.0,429139,26.0,67.0,47.0,3220,63,639384,1662,22.0,16084,0.72341216,0.27658787,0
2025-07-30T20:45:47.664461,21461,82805,8.0,3798097,3653,4886.0,3811700246.0,436714,26.0,71.0,48.0,3653,68,640504,1674,36.0,15726,0.86499494,0.13500504,0
2025-07-30T20:45:52.820053,17438,82220,11.0,3733234,3327,4894.0,3890471915.0,432659,26.0,88.0,48.0,3327,71,625104,1442,18.0,15289,0.79626614,0.20373386,0
2025-07-30T20:45:57.960112,18607,82281,9.0,4474056,3243,4891.0,3805717718.0,430931,25.0,59.0,46.0,3243,65,633696,1503,32.0,15866,0.5665451,0.43345484,0
2025-07-30T20:46:03.075688,24423,79529,10.0,3981592,3170,4911.0,3871604194.0,425445,26.0,61.0,48.0,3170,60,643469,1634,104.0,15269,0.91749597,0.082504034,0
2025-07-30T20:46:08.206779,18379,82008,9.0,3835968,3687,4266.0,3837504965.0,429519,26.0,65.0,47.0,3687,67,630010,1608,41.0,15906,0.93044573,0.069554254,0
2025-07-30T20:46:13.327337,17736,83728,9.0,3872406,3468,4381.0,3606231845.0,443948,25.0,64.0,48.0,3468,64,629609,1606,25.0,16262,0.76405907,0.23594092,0
2025-07-30T20:46:18.472694,18231,81685,10.0,3937981,3088,4873.0,3824995905.0,429388,25.0,63.0,49.0,3088,67,644407,1698,46.0,15708,0.7803534,0.21964659,0
2025-07-30T20:46:23.628203,17627,81648,13.0,3857555,3237,4885.0,3981496405.0,433376,26.0,74.0,50.0,3237,69,633608,1593,18.0,15121,0.7260455,0.2739545,0
2025-07-30T20:46:28.750522,16804,84303,9.0,3846860,3030,4882.0,3731401731.0,437701,25.0,63.0,47.0,3030,67,630033,1506,34.0,15734,0.6010004,0.3989996,0
2025-07-30T20:46:33.885800,17842,81045,10.0,3801552,3646,4902.0,3860959717.0,434255,27.0,62.0,48.0,3646,64,625194,1641,22.0,15655,0.58159983,0.41840017,0
2025-07-30T20:46:39.021399,18118,83269,9.0,3863813,3133,4894.0,3853956029.0,439201,26.0,81.0,47.0,3133,71,640703,1631,123.0,15533,0.77405375,0.22594626,0
2025-07-30T20:46:44.143658,17112,79768,8.0,3725499,3294,4882.0,3779597881.0,431455,25.0,72.0,47.0,3294,69,633229,1493,132.0,15877,0.6061661,0.39383388,0
2025-07-30T20:46:49.280374,17766,79985,11.0,3773581,3301,4897.0,3863146047.0,436284,26.0,78.0,48.0,3301,65,630582,1619,45.0,15732,0.52599674,0.47400326,0
2025-07-30T20:46:54.456444,18527,85056,8.0,3860781,3118,4895.0,3812316809.0,429270,26.0,70.0,46.0,3118,68,625163,2014,26.0,15723,0.8294747,0.17052531,0
2025-07-30T20:46:59.619404,17790,81417,11.0,3693086,3226,4909.0,3843627680.0,430143,26.0,64.0,49.0,3226,67,637292,1508,36.0,15918,0.80068535,0.19931465,0
2025-07-30T20:47:04.749008,20586,83238,9.0,3983376,3846,4134.0,3710748712.0,434464,26.0,64.0,46.0,3846,64,633025,1668,26.0,16484,0.7176405,0.28235948,0
2025-07-30T20:47:09.883068,16923,84405,8.0,3710755,3052,4515.0,3734833383.0,433590,25.0,61.0,48.0,3052,63,627939,1493,42.0,15400,0.87351185,0.12648815,0
2025-07-30T20:47:15.011649,18724,80204,10.0,3820867,3025,4933.0,3798050216.0,432871,26.0,61.0,47.0,3025,67,631435,1452,123.0,15388,0.69605803,0.30394197,0
2025-07-30T20:47:20.136913,18310,83731,17.0,3883461,3246,9776.0,7592287175.0,431656,51.0,133.0,95.0,3246,78,627650,1668,158.0,16033,0.75292957,0.2470704,0
2025-07-30T20:47:25.270823,17267,77394,14.0,3964522,3255,4935.0,3859290708.0,451263,27.0,86.0,49.0,3255,64,638238,1557,24.0,15653,0.7527949,0.24720506,0
2025-07-30T20:47:30.430750,19392,79472,9.0,3806261,3827,4883.0,3932211735.0,437277,25.0,65.0,47.0,3827,68,627018,1548,37.0,15746,0.6722681,0.3277319,0
2025-07-30T20:47:35.595303,17708,81446,9.0,3762229,3185,4869.0,3744561615.0,432329,25.0,62.0,48.0,3185,65,628265,1439,23.0,16145,0.63590634,0.3640937,0
2025-07-30T20:47:40.749177,17299,82417,11.0,3785002,2928,4900.0,3865835121.0,436400,26.0,70.0,48.0,2928,64,634669,1607,32.0,16075,0.58542037,0.41457966,0
2025-07-30T20:47:45.968889,17810,77717,8.0,3874331,3260,4893.0,3856608504.0,429856,26.0,62.0,47.0,3260,60,636028,1531,104.0,15915,0.7113079,0.28869212,0
2025-07-30T20:47:51.126361,20212,83189,10.0,3740119,3902,4566.0,3804666127.0,430983,26.0,74.0,49.0,3902,66,626343,1632,42.0,16130,0.77098525,0.22901478,0
2025-07-30T20:47:56.255039,17925,86580,10.0,3933956,3383,4216.0,3800768959.0,448254,26.0,66.0,47.0,3383,69,631123,1587,26.0,16280,0.8140586,0.18594141,0
2025-07-30T20:48:01.389967,17564,80997,8.0,3859080,3350,4782.0,3864791000.0,437322,26.0,58.0,48.0,3350,66,623967,1663,42.0,15184,0.7731335,0.22686647,0
2025-07-30T20:48:06.509278,17118,77236,10.0,3969341,3286,4884.0,3864699999.0,437807,25.0,66.0,47.0,3286,63,633238,1630,30.0,16138,0.7353872,0.26461276,0
2025-07-30T20:48:11.678255,20492,80240,9.0,3837798,3187,4934.0,3808643055.0,429949,26.0,65.0,46.0,3187,68,627966,1660,54.0,15951,0.75315654,0.24684347,0
2025-07-30T20:48:16.829984,19967,85818,8.0,3723351,3810,4885.0,3848052537.0,433040,25.0,61.0,48.0,3810,68,647085,1646,106.0,16627,0.83774275,0.16225724,0
2025-07-30T20:48:21.981608,17658,89296,11.0,3834387,3106,4905.0,3912971468.0,426455,26.0,83.0,53.0,3106,61,636922,1564,42.0,16184,0.76830065,0.23169935,0
2025-07-30T20:48:27.107936,18075,84620,9.0,4399251,3210,4883.0,3857001725.0,438464,26.0,84.0,47.0,3210,67,623191,1544,28.0,15329,0.76181716,0.23818286,0
2025-07-30T20:48:32.254363,18331,83392,10.0,4086762,3011,4893.0,3747019798.0,430363,25.0,69.0,50.0,3011,58,646058,1549,26.0,15423,0.81203043,0.18796955,0
2025-07-30T20:48:37.383745,18672,75837,12.0,3735043,3096,4895.0,3833348114.0,441336,26.0,73.0,48.0,3096,68,638978,1514,20.0,15840,0.75780386,0.24219613,0
2025-07-30T20:48:42.514599,20340,79455,8.0,3771397,3739,4890.0,3907929264.0,440180,26.0,60.0,47.0,3739,62,641755,1654,25.0,15526,0.79398406,0.20601593,0
2025-07-30T20:48:47.642451,16335,80220,10.0,3777339,3188,4373.0,3579661049.0,437258,25.0,68.0,49.0,3188,61,635819,1504,20.0,15689,0.82201874,0.17798123,0
2025-07-30T20:48:52.795328,18323,77612,9.0,3879879,3092,4249.0,3707062090.0,431570,26.0,76.0,47.0,3092,63,633685,1590,119.0,15938,0.6989875,0.30101252,0
2025-07-30T20:48:57.998352,17418,81496,9.0,3895391,3161,4921.0,3831149491.0,433890,27.0,61.0,47.0,3161,64,629666,1454,53.0,15487,0.73781264,0.26218733,0
2025-07-30T20:49:03.137835,17953,79008,12.0,3689269,3054,4915.0,4293623582.0,425202,25.0,65.0,48.0,3054,66,638675,1528,30.0,16053,0.60356665,0.39643332,0
2025-07-30T20:49:11.992044,19551,80332,9.0,3890226,3664,4942.0,3907121874.0,436637,26.0,76.0,47.0,3664,65,624758,1745,20.0,15710,0.77946764,0.22053237,0
2025-07-30T20:49:39.990519,20140,90919,54250.0,3829761,3054,9801.0,9819108616.0,435894,51.0,150887.0,88.0,3054,64,623499,1527,45.0,16898,0.8283613,0.17163874,0
2025-07-30T20:49:57.312088,20163,89244,731754.0,4101732,3988,28214.0,52552142999.0,696172,153.0,2032409.0,254.0,3988,69,628795,1648,256.0,15689,0.3890556,0.6109444,1
2025-07-30T20:50:13.178547,22312,91856,365738.0,4148974,3634,13597.0,25999801713.0,440331,77.0,1016129.0,124.0,3634,61,941901,1651,148.0,20137,0.07389009,0.9261099,1
2025-07-30T20:51:25.781599,20294,107709,366035.0,4017906,3720,14707.0,26362645750.0,431902,76.0,1016210.0,121.0,3720,65,630022,1738,241.0,15890,0.06507969,0.9349203,1
2025-07-30T20:51:33.182806,20567,94406,1826131.0,4093096,3766,71260.0,130377162788.0,436794,378.0,5073057.0,658.0,3766,68,631848,1618,637.0,15569,0.13303262,0.8669674,1
2025-07-30T20:52:52.934508,21327,93245,121437.0,4176389,4094,4914.0,8590687731.0,432670,25.0,336901.0,38.0,4094,74,637350,1747,45.0,15479,0.08382511,0.9161749,1
2025-07-30T20:53:01.291587,21629,90464,2011035.0,4054696,3773,76125.0,138777532411.0,433148,408.0,5378797.0,705.0,3773,66,969997,1566,837.0,19645,0.12094855,0.87905145,1
2025-07-30T20:53:42.402366,19989,89092,266156.0,5697619,4039,9836.0,17560204970.0,637937,52.0,660796.0,86.0,4039,65,626953,1669,46.0,20816,0.0500713,0.9499287,1
2025-07-30T20:53:50.026596,22317,93440,974410.0,5792606,3889,38148.0,69495175395.0,695788,203.0,2707524.0,355.0,3889,69,920504,1654,293.0,15561,0.049200058,0.95079994,1
2025-07-30T20:53:57.231744,21426,94836,243556.0,3988828,3637,9883.0,17450456245.0,430814,51.0,676707.0,76.0,3637,63,997227,1568,276.0,15680,0.06919199,0.930808,1
2025-07-30T20:54:05.673413,22020,89804,121594.0,4080452,3845,4895.0,8858388427.0,426380,25.0,337458.0,50.0,3845,66,644829,1680,29.0,16081,0.071257174,0.9287428,1
2025-07-30T20:55:22.015533,21035,101977,243183.0,4416885,3812,8852.0,17398986181.0,703505,49.0,675559.0,100.0,3812,63,967464,1730,73.0,15641,0.08410454,0.91589546,1
2025-07-30T20:55:30.918933,20363,98779,1822455.0,4196480,3677,71719.0,130696912218.0,431615,380.0,5065195.0,650.0,3677,131,633269,1577,741.0,19558,0.08670914,0.91329086,1
2025-07-30T20:55:41.553532,20431,94769,242191.0,6452381,3793,9847.0,17477307930.0,424663,51.0,672543.0,84.0,3793,69,625843,1723,119.0,19385,0.047273934,0.95272607,1
2025-07-30T20:56:23.348989,21023,87917,262657.0,4046723,3680,9852.0,17353561053.0,435596,52.0,668987.0,96.0,3680,66,627109,1625,132.0,20155,0.044983506,0.9550165,1
2025-07-30T20:57:13.079676,20491,93375,1028427.0,4140837,3790,38329.0,69572674151.0,433304,205.0,2682738.0,348.0,3790,63,628970,1630,295.0,16216,0.07469332,0.9253067,1
2025-07-30T20:59:27.785186,20602,92732,1219288.0,4148722,4095,47084.0,87317699606.0,428744,256.0,3384870.0,448.0,4095,61,628059,1590,335.0,16032,0.12562811,0.8743719,1
2025-07-30T20:59:32.982602,17583,78612,2867002.0,3748244,3374,128787.0,218863631194.0,438608,687.0,7964880.0,1246.0,3374,65,625788,1595,1388.0,15804,0.18077558,0.8192244,1
2025-07-30T20:59:38.096917,17089,95427,12.0,3791055,3046,4926.0,3769073730.0,436848,26.0,70.0,55.0,3046,69,627276,1470,86.0,15646,0.16465724,0.83534276,1
2025-07-30T20:59:43.305925,18487,80917,13.0,3707920,3015,4942.0,3905523546.0,433462,26.0,72.0,54.0,3015,61,640465,1594,42.0,15931,0.5461345,0.45386556,0
2025-07-30T20:59:48.441967,16591,75538,10.0,3796030,3178,4914.0,3840260718.0,428401,25.0,63.0,49.0,3178,67,623190,1433,102.0,15205,0.7103492,0.2896508,0
2025-07-30T20:59:53.604676,18225,82160,9.0,3802309,3703,4711.0,3812669597.0,428522,25.0,82.0,48.0,3703,61,644841,1734,46.0,16186,0.6195823,0.38041773,0
2025-07-30T20:59:58.771693,19531,86036,12.0,3774969,4186,4030.0,3625316284.0,430425,26.0,68.0,51.0,4186,70,629491,1804,17.0,15782,0.9387678,0.061232217,0
2025-07-30T21:00:03.923119,18010,78236,14.0,3676908,3195,4889.0,3947989469.0,453379,26.0,80.0,50.0,3195,63,627004,1471,28.0,15150,0.89398766,0.10601232,0
2025-07-30T21:00:09.054993,18911,78741,9.0,4067934,3250,4913.0,3829362462.0,444932,25.0,64.0,46.0,3250,67,641609,1528,110.0,15942,0.7396942,0.26030582,0
2025-07-30T21:00:14.202031,18274,88758,11.0,4010480,3982,5082.0,7099622909.0,437237,26.0,62.0,50.0,3982,70,630240,1597,1283.0,15917,0.87102395,0.12897606,0
2025-07-30T21:00:19.367611,20929,74743,12.0,3833972,3759,4970.0,4352799265.0,431842,26.0,71.0,48.0,3759,62,652436,1647,156.0,16015,0.8563702,0.14362976,0
2025-07-30T21:00:24.527801,17621,103484,8.0,3745770,3393,4932.0,3909207253.0,430141,26.0,68.0,49.0,3393,66,646104,1551,206.0,15388,0.90289235,0.09710767,0
2025-07-30T21:00:29.703029,17215,86296,11.0,3756624,3156,4926.0,3878896187.0,426826,26.0,68.0,48.0,3156,64,623024,1433,25.0,15691,0.6065279,0.3934721,0
2025-07-30T21:00:34.839529,17903,82516,8.0,3681819,3302,4912.0,3779283100.0,434361,25.0,60.0,48.0,3302,64,628434,1467,18.0,16019,0.57847553,0.42152447,0
2025-07-30T21:00:39.986943,16678,80311,11.0,3868787,3060,4917.0,3768025943.0,433073,25.0,64.0,50.0,3060,66,630191,1567,47.0,15268,0.62368345,0.37631658,0
2025-07-30T21:00:45.142901,20342,82417,17.0,3749849,3798,8679.0,7496866285.0,431375,52.0,121.0,96.0,3798,65,632287,1726,152.0,15504,0.73220766,0.26779234,0
2025-07-30T21:00:50.268336,17853,81326,10.0,3703879,3087,4938.0,3770396807.0,431840,26.0,75.0,48.0,3087,64,632804,1644,26.0,16015,0.8810662,0.11893383,0
2025-07-30T21:00:55.388538,17608,80168,9.0,3856211,3306,4932.0,3820082571.0,433255,26.0,70.0,46.0,3306,65,627121,1471,20.0,15805,0.6367929,0.36320713,0
2025-07-30T21:01:00.532421,17568,82164,10.0,3834574,3190,4971.0,4289838202.0,439960,25.0,62.0,49.0,3190,64,625736,1948,24.0,15565,0.7923769,0.2076231,0
2025-07-30T21:01:05.702614,17393,80620,14.0,3891130,3097,4926.0,3744841929.0,428897,26.0,81.0,49.0,3097,71,623681,1625,26.0,15474,0.9010858,0.09891421,0
2025-07-30T21:01:10.875100,17970,82676,9.0,3748695,3043,4928.0,3923806637.0,435241,26.0,65.0,47.0,3043,66,622382,1519,21.0,15565,0.5714483,0.4285517,0
2025-07-30T21:01:16.013999,17387,81335,8.0,3773513,3454,4962.0,3844742393.0,433497,25.0,57.0,48.0,3454,65,629009,1713,162.0,15896,0.7314352,0.2685648,0
2025-07-30T21:01:21.134851,18016,81901,13.0,3949477,4735,4951.0,3908945574.0,432273,27.0,84.0,48.0,4735,62,627321,1679,19.0,16054,0.78970593,0.21029408,0
2025-07-30T21:01:26.288513,17271,82071,8.0,4032766,4226,4910.0,3755304398.0,439547,25.0,68.0,47.0,4226,71,633151,1677,22.0,15719,0.8372668,0.1627332,0
2025-07-30T21:01:31.437921,17064,79017,10.0,3852578,3090,4822.0,3932188692.0,435957,26.0,73.0,48.0,3090,64,625956,1520,23.0,15521,0.5635108,0.43648922,0
2025-07-30T21:01:36.587502,20001,79724,10.0,3993799,3682,4073.0,3656946421.0,433923,26.0,64.0,47.0,3682,72,627049,1578,26.0,15268,0.7259898,0.27401018,0
2025-07-30T21:01:41.725174,17576,81461,8.0,3851629,3137,4703.0,3797841778.0,430248,25.0,61.0,48.0,3137,68,627128,1583,18.0,15509,0.78700256,0.21299742,0
2025-07-30T21:01:46.867557,23221,79751,10.0,3872757,3215,4932.0,3825434068.0,423991,27.0,61.0,49.0,3215,71,626942,1462,20.0,15673,0.7250489,0.27495107,0
2025-07-30T21:01:52.001319,17097,76320,9.0,3987061,3034,4908.0,3867140461.0,433397,26.0,78.0,47.0,3034,67,618800,1607,148.0,16053,0.8579195,0.14208049,0
2025-07-30T21:01:57.117745,17379,80837,8.0,3875579,3024,4928.0,3768096740.0,435813,25.0,56.0,48.0,3024,63,618074,1722,20.0,15771,0.65579367,0.3442063,0
2025-07-30T21:02:02.242606,17452,82303,12.0,3951236,3420,4944.0,3856054966.0,440018,26.0,73.0,49.0,3420,65,628711,1541,19.0,15908,0.7148607,0.28513935,0
2025-07-30T21:02:07.363366,18410,86528,10.0,3967756,3518,4913.0,3835260331.0,428983,26.0,65.0,46.0,3518,64,636547,1470,120.0,15949,0.6724491,0.3275509,0
2025-07-30T21:02:12.493129,16980,80160,10.0,3905013,3233,4929.0,3815193631.0,433056,26.0,72.0,50.0,3233,66,628261,1696,99.0,15938,0.71636117,0.28363883,0
2025-07-30T21:02:17.642924,17760,80146,11.0,3850799,3651,4961.0,3932696174.0,433578,26.0,79.0,48.0,3651,64,632241,1611,84.0,15528,0.6902958,0.30970418,0
2025-07-30T21:02:22.780484,17759,78682,9.0,4075607,3238,4916.0,3790500524.0,438117,26.0,73.0,47.0,3238,67,631158,1481,18.0,15469,0.68727624,0.31272376,0
2025-07-30T21:02:27.944661,18208,82158,8.0,3857177,3184,4201.0,3686409312.0,438970,25.0,66.0,48.0,3184,65,621811,1509,80.0,15567,0.6349205,0.36507952,0
2025-07-30T21:02:33.088172,19110,78742,11.0,3725823,3536,4508.0,3799552348.0,427610,26.0,71.0,49.0,3536,63,626896,1771,89.0,15818,0.841061,0.15893902,0
2025-07-30T21:02:38.219035,17010,80442,9.0,4051347,3174,4909.0,3812105135.0,432617,25.0,64.0,46.0,3174,60,626230,1431,106.0,15313,0.8812047,0.11879526,0
2025-07-30T21:02:43.336997,18225,93022,10.0,3834984,3422,4932.0,3818684134.0,432490,26.0,62.0,49.0,3422,64,629054,1561,22.0,16335,0.70010614,0.29989386,0
2025-07-30T21:02:48.497198,18435,78236,9.0,4002871,3021,4922.0,3897327842.0,434250,26.0,65.0,47.0,3021,63,649396,1497,105.0,16235,0.7254483,0.2745517,0
2025-07-30T21:02:53.629006,17926,80169,8.0,3813083,3111,4938.0,3886711591.0,429942,26.0,70.0,48.0,3111,69,629425,1601,24.0,15739,0.6814314,0.3185686,0
2025-07-30T21:02:58.758067,19116,83893,11.0,4106713,3659,4946.0,3871221043.0,430186,26.0,65.0,48.0,3659,67,628666,1686,80.0,15745,0.7356381,0.26436192,0
2025-07-30T21:03:03.867852,17852,83650,8.0,3827722,3184,4950.0,3746780233.0,436769,26.0,63.0,47.0,3184,66,640651,1613,20.0,15352,0.8157215,0.18427849,0
2025-07-30T21:03:09.055598,17674,79337,11.0,3902024,3097,4914.0,4127760133.0,430734,25.0,77.0,49.0,3097,66,638722,1626,92.0,15766,0.7198519,0.2801481,0
2025-07-30T21:03:14.199108,17793,78457,9.0,3873599,3535,4930.0,3917243682.0,433561,26.0,64.0,47.0,3535,67,642976,1509,21.0,15298,0.68034613,0.3196539,0
2025-07-30T21:03:19.308537,17309,77485,8.0,3890335,3170,4277.0,3745135187.0,439365,26.0,62.0,47.0,3170,68,629262,1550,20.0,15525,0.6034739,0.39652607,0
2025-07-30T21:03:24.457413,17981,81962,10.0,3817078,3553,4443.0,3783483774.0,428505,25.0,69.0,49.0,3553,70,622957,1582,24.0,15492,0.62333894,0.37666103,0
2025-07-30T21:03:29.605668,19649,83498,12.0,3801797,3699,4926.0,3740213991.0,429023,26.0,76.0,47.0,3699,63,630319,1619,19.0,16264,0.7301259,0.2698741,0
2025-07-30T21:03:34.750230,18155,83417,8.0,3773724,3127,4930.0,3905648359.0,425895,27.0,65.0,47.0,3127,67,627389,1577,18.0,15455,0.7836946,0.21630539,0
2025-07-30T21:03:39.883380,18314,77205,11.0,3781839,3162,4929.0,3839580092.0,430387,25.0,65.0,49.0,3162,69,627607,1477,127.0,15756,0.6738068,0.32619318,0
2025-07-30T21:03:45.015279,18123,80081,9.0,4140938,4098,4923.0,3892373757.0,432479,26.0,64.0,47.0,4098,65,634529,1769,20.0,15652,0.7091787,0.29082134,0
2025-07-30T21:03:50.138598,18126,78407,19.0,3836420,3127,9868.0,7513778607.0,433851,52.0,147.0,96.0,3127,65,643184,1697,55.0,16261,0.85368633,0.1463137,0
2025-07-30T21:03:55.260654,19630,99600,8.0,3757888,3678,4936.0,3792859691.0,437073,25.0,58.0,48.0,3678,64,653602,1612,20.0,16935,0.8311603,0.16883968,0
2025-07-30T21:04:00.453399,20078,85629,10.0,3862653,3112,4943.0,3734645683.0,423682,26.0,64.0,49.0,3112,68,637603,1567,18.0,15347,0.7884544,0.21154562,0
2025-07-30T21:04:05.604963,17884,86437,10.0,3868791,3237,4372.0,3746425027.0,428746,26.0,81.0,52.0,3237,62,631494,1664,24.0,15817,0.8123351,0.18766491,0
2025-07-30T21:04:10.762305,17420,74404,8.0,3745867,3159,4368.0,3859401731.0,441979,26.0,59.0,47.0,3159,66,630970,1620,116.0,15991,0.833117,0.16688299,0
2025-07-30T21:04:15.923033,19942,84372,1031.0,4032546,3557,4954.0,3826894440.0,440414,25.0,4214.0,48.0,3557,64,630484,1678,72.0,15736,0.79573786,0.20426212,0
2025-07-30T21:04:21.038599,16927,89481,2033.0,3989833,3344,4900.0,3911669159.0,431343,25.0,8275.0,47.0,3344,125,626853,1544,18.0,15451,0.29193693,0.70806307,1
2025-07-30T21:04:26.167703,18589,77980,2027.0,3964824,3167,4920.0,3772218548.0,432638,26.0,8245.0,48.0,3167,62,636276,1596,110.0,15955,0.100979984,0.89902,1
2025-07-30T21:04:31.319341,17405,81582,2036.0,4062072,4418,4912.0,3836065119.0,434983,25.0,8278.0,50.0,4474,67,635174,1936,106.0,15735,0.85780525,0.14219473,0
2025-07-30T21:04:36.488793,21735,85694,1036.0,4140121,3149,4919.0,3789001644.0,437660,26.0,4275.0,48.0,3149,67,714084,1605,86.0,15849,0.90085155,0.099148445,0
2025-07-30T21:04:41.638763,17513,82591,2032.0,3802476,3961,4916.0,3948573750.0,423491,26.0,8271.0,48.0,3961,73,628357,1965,31.0,15704,0.9080986,0.09190145,0
2025-07-30T21:04:46.769476,20112,82717,2039.0,3901888,3168,4895.0,3825976520.0,439576,25.0,8313.0,48.0,3168,63,704764,1556,88.0,18150,0.792994,0.20700598,0
2025-07-30T21:04:51.881728,18118,80981,2032.0,6288176,4277,5038.0,3970657316.0,427104,26.0,8317.0,49.0,4277,71,638476,1768,32.0,15760,0.6408212,0.35917878,0
2025-07-30T21:04:56.985815,18117,80081,2045.0,3931826,3128,4294.0,3745000964.0,433837,26.0,8336.0,49.0,3128,64,630413,1518,21.0,15601,0.31149173,0.6885083,1
2025-07-30T21:05:02.110060,18275,86074,2038.0,3717279,3149,4388.0,3718327584.0,426675,25.0,8305.0,46.0,3149,67,635515,1502,20.0,15998,0.6303965,0.36960354,0
2025-07-30T21:05:07.301228,18972,82818,1041.0,3931073,4009,4908.0,3781684631.0,443420,26.0,4303.0,48.0,4009,65,629126,1547,20.0,15622,0.66686845,0.33313158,0
2025-07-30T21:05:12.456169,18094,81103,2034.0,3820664,3255,4900.0,3879800548.0,429022,26.0,8278.0,48.0,3255,71,634813,1447,29.0,15209,0.6842095,0.31579047,0
2025-07-30T21:05:17.589762,19884,79912,2037.0,3810275,2978,4954.0,4008062196.0,433447,25.0,8303.0,47.0,2978,64,637433,1711,134.0,15631,0.7463032,0.2536968,0
2025-07-30T21:05:22.701018,16683,80622,2032.0,4037529,5472,4897.0,3951049866.0,439491,25.0,8281.0,48.0,5472,67,623022,1615,90.0,15811,0.84873426,0.15126573,0
2025-07-30T21:05:27.832426,21896,83468,2047.0,3721602,3950,4907.0,3826682609.0,437106,26.0,8352.0,48.0,3950,64,623687,1736,82.0,15162,0.90127385,0.09872613,0
2025-07-30T21:05:32.977157,19267,89717,2033.0,3787659,3970,4918.0,3914337410.0,428749,26.0,8273.0,47.0,3970,62,644653,1593,18.0,16019,0.95375615,0.046243872,0
2025-07-30T21:05:38.130370,17755,92224,2035.0,4294421,3210,4918.0,4049681551.0,436577,26.0,8290.0,50.0,3210,62,637469,1585,105.0,15828,0.9057165,0.094283506,0
2025-07-30T21:05:43.261495,17647,95664,2034.0,3992615,3314,4908.0,3985178609.0,427765,25.0,8273.0,47.0,3314,68,634810,1558,112.0,15479,0.7815822,0.21841782,0
2025-07-30T21:05:48.398742,17568,83717,1036.0,3856184,3351,4141.0,3718243365.0,438163,26.0,4277.0,46.0,3351,65,628446,1446,106.0,15849,0.5814643,0.4185357,0
2025-07-30T21:05:53.527877,18074,80156,23.0,3739542,3103,4537.0,3764776704.0,432253,26.0,179.0,48.0,3103,63,633170,1551,89.0,15434,0.7164614,0.2835386,0
2025-07-30T21:05:58.656344,19547,84204,1040.0,3791269,3670,4930.0,3955852384.0,433959,26.0,4296.0,48.0,3670,65,628244,1707,20.0,15717,0.8238287,0.1761713,0
2025-07-30T21:06:03.776740,17773,83890,2036.0,3913179,3082,4931.0,3803903763.0,433679,25.0,8284.0,47.0,3082,65,630739,1643,90.0,15408,0.876787,0.12321298,0
2025-07-30T21:06:09.033741,17614,88676,2033.0,3852871,3240,4920.0,3894947609.0,430744,26.0,8269.0,49.0,3240,64,631343,1582,86.0,16078,0.70723534,0.29276463,0
2025-07-30T21:06:14.210093,16850,80114,1628.0,5462957,3268,4922.0,3851749083.0,430355,26.0,6658.0,47.0,3268,63,627112,1544,29.0,15142,0.74332553,0.25667447,0
2025-07-30T21:06:19.363954,17391,77172,1442.0,3856223,5295,4968.0,4066984247.0,429959,26.0,5910.0,48.0,5295,62,627559,1789,20.0,15648,0.7938135,0.20618647,0
2025-07-30T21:06:24.490016,20085,83640,34.0,3704245,3251,4914.0,3849693292.0,433570,26.0,239.0,51.0,3251,64,626650,1628,28.0,15798,0.930565,0.069434986,0
2025-07-30T21:06:29.594921,17917,86941,33.0,3728375,3533,4908.0,3810540790.0,425037,25.0,234.0,47.0,3533,64,631778,1527,18.0,15874,0.79498255,0.20501742,0
2025-07-30T21:06:34.762609,17584,79138,2042.0,3891149,3048,4912.0,3789244979.0,432216,26.0,8323.0,48.0,3048,61,628376,1582,21.0,15639,0.69030756,0.30969244,0
2025-07-30T21:06:39.906634,17354,80776,2041.0,3908874,3093,4368.0,3786312461.0,437858,25.0,8323.0,47.0,3093,67,627747,1462,114.0,15389,0.66659904,0.33340096,0
2025-07-30T21:06:45.018053,17650,78972,2037.0,3729931,3102,4307.0,3886259105.0,430362,26.0,8314.0,48.0,3102,65,629806,1537,22.0,17115,0.50318825,0.49681178,0
2025-07-30T21:06:50.172443,20238,80905,4072.0,3972613,4062,9845.0,7642759916.0,430237,51.0,16584.0,97.0,4062,66,635894,1688,49.0,15852,0.6752628,0.32473716,0
2025-07-30T21:06:55.316209,17857,79241,2032.0,3831759,3360,4944.0,3811128248.0,425475,26.0,8271.0,47.0,3360,70,636427,1541,18.0,15504,0.78538024,0.21461974,0
2025-07-30T21:07:00.652162,17378,83577,2035.0,3756546,2915,4931.0,4353611595.0,430199,25.0,8270.0,49.0,2915,65,637148,1621,17.0,16189,0.5507946,0.4492054,0
2025-07-30T21:07:05.811356,17910,81193,2028.0,3735978,3283,4924.0,3853983907.0,431037,26.0,8244.0,47.0,3283,63,624414,1558,132.0,15194,0.7511409,0.24885911,0
2025-07-30T21:07:10.952687,18617,85548,2032.0,3845967,3655,4940.0,4209405221.0,440837,26.0,8264.0,48.0,3655,65,624661,1611,21.0,15414,0.767056,0.23294398,0
2025-07-30T21:07:16.091812,18315,86468,2032.0,3697726,3258,4951.0,3903215244.0,436344,26.0,8261.0,47.0,3258,60,637690,1594,90.0,16206,0.8668986,0.1331014,0
2025-07-30T21:07:21.256491,17506,81271,2031.0,3815606,3214,4920.0,3754442155.0,442425,25.0,8269.0,46.0,3214,60,625226,1379,84.0,15315,0.8086176,0.19138241,0
2025-07-30T21:07:26.386012,18143,81992,1583.0,4034350,3089,4413.0,3745651004.0,434697,25.0,6469.0,49.0,3089,64,624557,1546,18.0,14776,0.7437507,0.25624928,0
2025-07-30T21:07:31.505470,17892,108553,1483.0,4120329,3164,4281.0,3889046517.0,439726,26.0,6067.0,47.0,3164,66,629121,1552,20.0,15473,0.7357357,0.2642643,0
2025-07-30T21:07:36.634927,19282,88035,2036.0,3943427,3508,4899.0,3839181683.0,426746,25.0,8304.0,47.0,3508,65,623272,1625,18.0,15601,0.7873049,0.21269512,0
2025-07-30T21:07:41.802004,19178,92468,2035.0,3890281,3092,4932.0,3909847045.0,453731,26.0,8280.0,48.0,3092,64,640785,1497,19.0,15542,0.8294629,0.17053713,0
2025-07-30T21:07:46.946854,17502,83644,2033.0,3752705,3275,4916.0,3887337179.0,430641,26.0,8293.0,47.0,3275,60,621619,1515,108.0,16208,0.7462502,0.2537498,0
2025-07-30T21:07:52.092633,17877,86209,2040.0,3957976,2958,4899.0,3858350888.0,430101,25.0,8346.0,47.0,2958,70,647679,1632,103.0,15533,0.69651,0.30348998,0
2025-07-30T21:07:57.279813,17289,80785,2037.0,3848668,3308,4942.0,3890203873.0,429248,26.0,8287.0,50.0,3308,67,617872,1419,22.0,15656,0.50204504,0.497955,0
2025-07-30T21:08:02.419115,18780,85103,2033.0,3931785,3202,4941.0,3888699104.0,429262,26.0,8289.0,47.0,3202,67,633174,1629,18.0,15943,0.5427034,0.45729658,0
2025-07-30T21:08:07.548786,18534,80758,2032.0,4179528,2967,4904.0,3885722827.0,429772,25.0,8267.0,48.0,2967,67,634418,1416,20.0,16367,0.61641824,0.3835818,0
2025-07-30T21:08:12.682426,17419,79782,2037.0,3804575,3603,4922.0,3912436405.0,430496,26.0,8283.0,48.0,3603,64,634953,1563,25.0,15570,0.55959606,0.4404039,0
2025-07-30T21:08:17.783932,18006,87844,2026.0,4002864,3183,4394.0,3794802493.0,442854,26.0,8239.0,47.0,3183,68,643664,1515,18.0,15734,0.5911814,0.4088186,0
2025-07-30T21:08:22.903565,17131,86218,2034.0,3839785,3141,4316.0,3702182059.0,440577,25.0,8262.0,49.0,3141,64,638515,1501,132.0,15847,0.64704525,0.35295478,0
2025-07-30T21:08:28.045820,20206,81310,1041.0,3825163,3939,4912.0,3834217195.0,441391,26.0,4300.0,47.0,3939,63,622991,1683,21.0,15064,0.8199621,0.18003792,0
2025-07-30T21:08:33.178418,17897,84734,2032.0,3872814,3391,4910.0,3824592256.0,434055,25.0,8274.0,48.0,3391,69,633659,1658,26.0,15710,0.87283623,0.12716378,0
2025-07-30T21:08:38.317238,18512,82704,2046.0,3759304,3126,4900.0,3858481490.0,428349,25.0,8347.0,49.0,3126,66,635310,1591,98.0,15442,0.6896239,0.3103761,0
2025-07-30T21:08:43.438341,17546,82288,2033.0,4033239,5060,4927.0,3878245195.0,433179,26.0,8268.0,47.0,5060,64,649578,1800,96.0,15615,0.842184,0.157816,0
2025-07-30T21:08:48.570620,19623,77643,2026.0,3842266,4428,4893.0,3771596089.0,429386,26.0,8247.0,47.0,4428,72,640931,1786,26.0,16118,0.8421613,0.15783867,0
2025-07-30T21:08:53.698200,18468,88945,2031.0,3734445,3499,4923.0,3868934512.0,438289,25.0,8266.0,47.0,3499,67,635205,1452,39.0,15799,0.68618494,0.31381506,0
2025-07-30T21:08:58.828479,17617,86737,1035.0,3855083,3386,4960.0,3890528792.0,427401,27.0,4272.0,46.0,3386,64,639659,1702,29.0,15880,0.6879477,0.3120523,0
2025-07-30T21:09:03.971715,17591,82264,2046.0,5039818,3196,4927.0,3866871342.0,427775,25.0,8363.0,50.0,3196,65,637697,1534,20.0,16211,0.7420676,0.25793245,0
2025-07-30T21:09:09.143173,17675,85532,2039.0,4082771,3152,4126.0,3721008807.0,434828,26.0,8317.0,53.0,3152,65,622485,1523,26.0,15539,0.55999064,0.44000936,0
2025-07-30T21:09:14.275873,17207,103767,2050.0,3962281,2869,4579.0,3921246368.0,429755,25.0,8372.0,47.0,2869,69,629129,1639,132.0,15900,0.61741203,0.38258797,0
2025-07-30T21:09:19.414961,20162,85300,2038.0,3800672,3486,4963.0,3899737277.0,438623,26.0,8305.0,48.0,3486,63,625770,1625,18.0,15445,0.7006555,0.29934448,0
2025-07-30T21:09:24.549557,25738,78991,2036.0,3906582,3124,4914.0,3834323865.0,430291,26.0,8281.0,48.0,3124,65,639366,1618,18.0,15569,0.9584422,0.04155776,0
2025-07-30T21:09:29.675159,19745,78429,2030.0,3721665,3123,4919.0,3822987689.0,430174,26.0,8258.0,47.0,3123,64,660503,1463,20.0,15614,0.9344359,0.06556412,0
2025-07-30T21:09:34.849463,17450,81045,1037.0,4002981,3214,4906.0,3988061250.0,428016,25.0,4276.0,49.0,3214,68,630431,1562,22.0,15722,0.69490314,0.3050969,0
2025-07-30T21:09:40.088829,18203,82729,2033.0,3758897,3246,4915.0,3886150816.0,441350,26.0,8288.0,47.0,3246,63,630526,1481,20.0,15996,0.5778915,0.42210847,0
2025-07-30T21:09:45.244975,18079,84052,4068.0,3823438,2884,9790.0,8038611860.0,436463,50.0,16553.0,96.0,2884,71,627193,1558,150.0,15605,0.7414823,0.25851768,0
2025-07-30T21:09:50.381284,18263,77121,2036.0,3792894,3226,4935.0,3790842504.0,430909,26.0,8312.0,46.0,3226,66,638019,1562,17.0,16316,0.7117332,0.28826675,0
2025-07-30T21:09:55.503238,18144,76572,2042.0,3828745,3753,4100.0,3767703070.0,445384,26.0,8323.0,49.0,3753,65,629471,1547,20.0,15199,0.621454,0.37854603,0
2025-07-30T21:10:00.636696,18454,81838,2033.0,3802903,3122,4613.0,3762740282.0,432483,26.0,8280.0,47.0,3122,66,636741,1534,23.0,15903,0.70501953,0.29498047,0
2025-07-30T21:10:05.786465,20135,82725,2032.0,3727468,3619,4911.0,3757989405.0,432049,26.0,8279.0,48.0,3619,64,638358,1643,22.0,15624,0.76435924,0.23564073,0
2025-07-30T21:10:10.921392,17249,77862,35.0,3796798,3399,4913.0,3862040651.0,434691,26.0,242.0,48.0,3399,60,620765,1473,23.0,16141,0.7770819,0.2229181,0
2025-07-30T21:10:16.039531,18149,80025,36.0,3755227,3310,4962.0,3938886984.0,439359,25.0,248.0,48.0,3310,65,626379,1553,136.0,16148,0.6647066,0.33529338,0
2025-07-30T21:10:21.159429,16727,80318,2034.0,3838962,3213,4917.0,3951182985.0,433362,26.0,8279.0,47.0,3213,62,628249,1670,24.0,15964,0.66858065,0.33141935,0
2025-07-30T21:10:26.301486,17458,76853,2031.0,3767296,3085,4919.0,3756046789.0,446538,26.0,8258.0,49.0,3085,61,638259,1789,94.0,16326,0.7867235,0.21327652,0
2025-07-30T21:10:31.417287,19336,86084,2033.0,3773136,3312,4913.0,3898157404.0,426498,25.0,8270.0,47.0,3312,68,625501,1717,84.0,15863,0.8231873,0.17681271,0
2025-07-30T21:10:36.566858,18650,93152,2031.0,3972395,3123,4914.0,3939358633.0,436015,26.0,8262.0,48.0,3123,67,630453,1480,89.0,16372,0.7261672,0.27383277,0
2025-07-30T21:10:41.699202,17750,79033,2041.0,3891442,3264,4919.0,3931988132.0,432047,26.0,8315.0,48.0,3264,56,630749,1625,92.0,15554,0.7346123,0.2653877,0
2025-07-30T21:10:46.881043,17903,79929,1032.0,4073309,3116,4008.0,3625174336.0,431724,25.0,4259.0,47.0,3116,64,633663,1576,18.0,15475,0.8527428,0.14725721,0
2025-07-30T21:10:52.033313,17788,83173,2034.0,3806921,3154,4652.0,3875303275.0,434475,26.0,8290.0,48.0,3154,68,625545,1551,124.0,16384,0.6969172,0.3030828,0
2025-07-30T21:10:57.208221,19741,84697,2033.0,3989216,3894,4933.0,3889992186.0,436319,26.0,8279.0,47.0,3894,62,623893,1607,88.0,15059,0.75882316,0.24117686,0
2025-07-30T21:11:02.337611,19244,82793,2032.0,3941024,3057,4930.0,4027350373.0,435064,25.0,8272.0,47.0,3057,64,640448,1661,26.0,15489,0.91535753,0.08464246,0
2025-07-30T21:11:07.500346,18459,81388,2038.0,3757575,3798,4914.0,3889372271.0,437693,26.0,8302.0,48.0,3798,67,650175,1538,27.0,15774,0.77298284,0.2270172,0
2025-07-30T21:11:12.646422,17651,97147,2034.0,4087908,3135,4917.0,3781040921.0,430708,25.0,8288.0,47.0,3135,69,627989,1525,25.0,15878,0.5219874,0.47801262,0
2025-07-30T21:11:17.767083,15678,79156,2034.0,3802591,2780,4962.0,3936146000.0,426198,26.0,8305.0,48.0,2780,671,626545,1609,17.0,15612,0.14080828,0.8591917,1
2025-07-30T21:11:22.880322,17670,87748,2037.0,3806035,2995,4923.0,3919093860.0,435849,26.0,8292.0,50.0,2995,63,629779,1494,18.0,15632,0.05692494,0.94307506,1
2025-07-30T21:11:28.015013,17818,81637,2037.0,3847597,3142,4914.0,3782821743.0,432222,25.0,8299.0,46.0,3142,65,640676,1538,122.0,15864,0.6693381,0.33066186,0
2025-07-30T21:11:33.151345,17875,87261,2032.0,3857053,4711,4747.0,3976002943.0,428645,26.0,8267.0,48.0,4711,59,635427,1866,18.0,15428,0.88841903,0.111580975,0
2025-07-30T21:11:38.289958,17357,92232,2030.0,3956743,3142,4035.0,3724306544.0,429686,26.0,8255.0,47.0,3142,72,629948,1582,20.0,16174,0.898446,0.101553954,0
2025-07-30T21:11:43.424044,16282,80504,2031.0,3686753,3074,4804.0,3829223297.0,440391,25.0,8255.0,46.0,3074,65,630218,1601,24.0,15478,0.4868921,0.5131079,1
2025-07-30T21:11:48.547722,17640,80237,41.0,3853358,4734,4931.0,3837178303.0,429498,27.0,292.0,48.0,4734,67,623916,1817,22.0,15212,0.7089727,0.2910273,0
2025-07-30T21:11:53.684401,17763,86100,26.0,3810535,3365,4919.0,3832543802.0,428288,25.0,192.0,46.0,3365,72,632036,1402,20.0,15211,0.77551043,0.22448955,0
2025-07-30T21:11:58.807963,17464,79801,2037.0,3884886,3362,4943.0,3815125238.0,432676,26.0,8310.0,47.0,3362,65,633233,1586,20.0,15684,0.5096266,0.4903734,0
2025-07-30T21:12:03.953537,16975,79085,1951.0,3893390,3026,4941.0,3849365211.0,431881,26.0,7956.0,48.0,3026,69,624459,1525,109.0,15703,0.56825316,0.43174687,0
2025-07-30T21:12:09.101294,17061,81959,1122.0,4051619,3342,4914.0,3823497798.0,427329,26.0,4617.0,47.0,3342,70,628929,1662,49.0,15528,0.5070667,0.49293327,0
2025-07-30T21:12:14.227503,20196,79764,2033.0,3778796,3222,4909.0,3969625940.0,430072,25.0,8272.0,47.0,3222,65,676383,1577,25.0,15319,0.6738164,0.32618362,0
2025-07-30T21:12:19.369659,17769,83956,2035.0,3818747,3179,4959.0,3933532729.0,455735,26.0,8286.0,48.0,3179,75,632160,1639,22.0,15500,0.7764334,0.22356659,0
2025-07-30T21:12:24.556291,18647,88097,2038.0,3862813,2990,4587.0,3844893898.0,437943,26.0,8305.0,47.0,2990,67,636161,1619,114.0,15666,0.66304106,0.33695894,0
2025-07-30T21:12:29.723088,17592,81742,2039.0,3805864,3194,4100.0,3739379458.0,430383,25.0,8313.0,49.0,3194,67,624471,1565,20.0,15438,0.71910906,0.2808909,0
2025-07-30T21:12:34.828177,17948,85286,2038.0,3877829,3226,4921.0,3922982226.0,424645,26.0,8283.0,47.0,3226,66,638442,1529,84.0,33993,0.14396715,0.85603285,1
2025-07-30T21:12:39.953314,18049,78066,1715.0,3891302,3606,4894.0,3815829642.0,434830,25.0,6996.0,47.0,3606,67,637410,1567,19.0,16453,0.064483166,0.93551683,1
2025-07-30T21:12:45.131935,19492,83298,1357.0,3785981,3615,4928.0,3799300560.0,433243,26.0,5574.0,48.0,3615,69,629230,1554,56.0,16011,0.56633604,0.433664,0
2025-07-30T21:12:50.330101,17428,82152,4071.0,3849819,3145,9824.0,7542351937.0,433004,51.0,16584.0,95.0,3145,69,631159,1555,132.0,15347,0.72499275,0.27500728,0
2025-07-30T21:12:55.471281,17756,80441,2029.0,3888421,3018,4937.0,3913264100.0,433665,26.0,8257.0,49.0,3018,64,629048,1560,90.0,15628,0.74059784,0.2594022,0
2025-07-30T21:13:00.599931,17766,81573,2038.0,4055182,3754,4933.0,4510064274.0,428373,26.0,8286.0,47.0,3754,68,624980,1608,84.0,15178,0.71721435,0.28278568,0
2025-07-30T21:13:05.730858,17792,83264,2031.0,3665833,3509,4912.0,3830864372.0,428539,25.0,8265.0,48.0,3509,65,628481,1501,96.0,15682,0.73126906,0.26873094,0
2025-07-30T21:13:10.890275,17780,85397,2035.0,3833726,3047,4612.0,3890444181.0,434478,26.0,8279.0,48.0,3047,67,632522,1488,90.0,15738,0.5844916,0.41550842,0
2025-07-30T21:13:16.048590,17702,76965,1032.0,3912026,2912,4082.0,3631545029.0,424887,26.0,4266.0,47.0,2912,63,625175,1769,106.0,15465,0.76727116,0.23272882,0
2025-07-30T21:13:21.199833,17918,80572,2038.0,4077347,3532,4916.0,4004925012.0,441391,25.0,8311.0,49.0,3532,60,628635,1608,18.0,15861,0.8849318,0.11506817,0
2025-07-30T21:13:26.331859,18348,81189,2033.0,3901463,3261,4917.0,3847082178.0,437669,26.0,8275.0,47.0,3261,66,616032,1588,91.0,16031,0.8023597,0.19764031,0
2025-07-30T21:13:31.482528,18063,85958,2036.0,3917906,3446,4905.0,3960611927.0,431911,25.0,8305.0,47.0,3446,65,630542,1529,88.0,15880,0.6772036,0.3227964,0
2025-07-30T21:13:36.626549,17437,86204,2034.0,3704708,2925,4925.0,3751386314.0,433519,26.0,8283.0,49.0,2925,66,634367,1803,88.0,15725,0.7479005,0.25209948,0
2025-07-30T21:13:41.786802,18042,120577,2049.0,4124841,3074,4905.0,3851164513.0,427462,25.0,8372.0,47.0,3074,64,643661,1512,20.0,15556,0.58174556,0.41825444,0
2025-07-30T21:13:46.994310,19848,74956,2042.0,3814403,3321,4915.0,3765476114.0,434960,26.0,8328.0,47.0,3321,67,627798,1638,22.0,15403,0.6978054,0.30219463,0
2025-07-30T21:13:52.158448,18088,83910,2037.0,3763527,3577,4927.0,3899660540.0,435644,26.0,8294.0,49.0,3577,65,623961,1520,33.0,15820,0.7378856,0.2621144,0
2025-07-30T21:13:57.414658,21008,86998,2034.0,3797163,3507,4942.0,3907535040.0,447232,26.0,8282.0,47.0,3507,61,634382,1636,24.0,15268,0.84622175,0.15377824,0
2025-07-30T21:14:02.617990,17326,80965,2030.0,3735597,3311,4565.0,3721802573.0,437116,25.0,8265.0,47.0,3311,65,635545,1506,24.0,15561,0.8439851,0.1560149,0
2025-07-30T21:14:07.769996,20453,83595,1035.0,3736732,3296,4148.0,3844635324.0,426984,26.0,4279.0,53.0,3296,65,845759,1537,139.0,15598,0.72894675,0.27105325,0
2025-07-30T21:14:12.896826,17497,79113,2037.0,5760968,3320,4919.0,4059965105.0,425271,25.0,8297.0,47.0,3320,63,622209,1735,29.0,15104,0.93929094,0.060709074,0
2025-07-30T21:14:18.061514,18936,78881,2034.0,3912773,3929,4962.0,3924941547.0,434127,26.0,8278.0,49.0,3929,65,635723,1686,29.0,15690,0.8109605,0.18903953,0
2025-07-30T21:14:23.211037,19542,86228,9.0,3950732,3483,4919.0,3777840560.0,432946,26.0,63.0,47.0,3483,66,641546,1660,28.0,16497,0.82924616,0.17075387,0
2025-07-30T21:14:28.346948,17215,82622,8.0,3764507,3030,4905.0,3736852220.0,441219,25.0,60.0,48.0,3030,66,631604,1869,24.0,15683,0.84050876,0.15949126,0
2025-07-30T21:14:33.467536,17692,106565,10.0,3713740,3178,4919.0,3845619147.0,429595,26.0,72.0,48.0,3178,62,638071,1510,18.0,15811,0.76608855,0.23391145,0
2025-07-30T21:14:38.596242,17911,82339,9.0,3920273,4542,4917.0,3810076660.0,437418,26.0,67.0,47.0,4542,62,622457,1510,18.0,15546,0.7187561,0.28124395,0
2025-07-30T21:14:43.724606,17311,75546,10.0,3698536,3050,4921.0,3782966321.0,429314,26.0,65.0,48.0,3050,63,633388,1655,138.0,16014,0.78544575,0.21455425,0
2025-07-30T21:14:48.864167,19064,81903,13.0,3879683,3638,4905.0,3818937982.0,433707,25.0,73.0,50.0,3638,65,625493,1703,104.0,15379,0.77455914,0.22544083,0
2025-07-30T21:14:54.035834,17528,86729,9.0,3800229,4570,4569.0,3953627779.0,437068,26.0,107.0,49.0,4570,62,623525,1949,108.0,15814,0.96700907,0.03299096,0
2025-07-30T21:14:59.187154,17376,76368,9.0,3775981,4980,4225.0,3679887944.0,428965,26.0,60.0,48.0,4980,63,619832,1844,28.0,15635,0.96096474,0.039035253,0
2025-07-30T21:15:04.320416,17955,78249,10.0,3871648,3061,4952.0,3898997735.0,428646,26.0,60.0,48.0,3061,66,642763,1489,128.0,16469,0.87006515,0.12993485,0
2025-07-30T21:15:09.445837,18069,87895,9.0,3865325,3497,4903.0,3851725883.0,438141,25.0,69.0,47.0,3497,60,637392,1625,98.0,15335,0.75505406,0.24494594,0
2025-07-30T21:15:14.581472,19562,79884,9.0,3868778,3582,4912.0,3786741321.0,440929,26.0,59.0,48.0,3582,61,625860,1609,105.0,16038,0.91006714,0.08993284,0
2025-07-30T21:15:19.749029,18626,90470,12.0,3884920,3270,4970.0,3847711389.0,434614,26.0,73.0,48.0,3270,63,635596,1454,102.0,15639,0.85474026,0.14525972,0
2025-07-30T21:15:24.893078,17933,80913,8.0,3763656,3295,4914.0,3804881868.0,425051,26.0,67.0,47.0,3295,68,631173,1563,105.0,15333,0.73570263,0.2642974,0
2025-07-30T21:15:30.032925,17549,82236,10.0,4004013,3113,4904.0,3817690061.0,429893,25.0,65.0,49.0,3113,76,625726,1541,26.0,15835,0.56353134,0.43646866,0
2025-07-30T21:15:35.140206,20981,78587,17.0,3755008,3377,9857.0,7762972364.0,429944,53.0,124.0,94.0,3377,60,637599,1591,203.0,16275,0.6343555,0.3656445,0
2025-07-30T21:15:40.253478,19184,79377,12.0,3743117,3697,4718.0,3760680837.0,442024,25.0,68.0,47.0,3697,63,620402,1694,84.0,15188,0.8993882,0.10061182,0
2025-07-30T21:15:45.389052,17715,87189,8.0,3752312,3193,4013.0,3624608639.0,431001,25.0,61.0,47.0,3193,65,651274,1646,88.0,16466,0.8581783,0.14182167,0
2025-07-30T21:15:50.540425,17793,79221,10.0,3845978,4685,4816.0,3748049793.0,430193,26.0,85.0,50.0,4685,70,627522,1640,24.0,15686,0.7463231,0.25367692,0
2025-07-30T21:15:55.710496,17785,77736,11.0,4097790,2959,4901.0,3712115504.0,429026,25.0,76.0,47.0,2959,61,649056,1544,26.0,15923,0.64302343,0.35697657,0
2025-07-30T21:16:00.832316,19504,78436,9.0,3914281,3560,4929.0,3881823964.0,433100,26.0,63.0,47.0,3560,64,629628,1481,20.0,15506,0.71864784,0.2813522,0
2025-07-30T21:16:05.954487,18312,81616,8.0,3808554,2907,4899.0,3844408654.0,437136,26.0,78.0,48.0,2907,69,634191,1731,38.0,15527,0.79365104,0.20634896,0
2025-07-30T21:16:11.075852,18021,81613,11.0,3726061,3169,4898.0,3860386292.0,435567,26.0,74.0,48.0,3169,64,637641,1545,21.0,16009,0.7081166,0.2918834,0
2025-07-30T21:16:16.217324,17532,74945,9.0,3756412,3939,4941.0,3743032418.0,427187,26.0,64.0,46.0,3939,76,627977,1580,105.0,15914,0.6332634,0.3667366,0
2025-07-30T21:16:21.394398,17403,79468,11.0,3823386,3242,4884.0,3767068672.0,439143,25.0,65.0,51.0,3242,71,629856,1522,20.0,15714,0.40128922,0.5987108,1
2025-07-30T21:16:26.570377,16990,81389,10.0,3754739,3708,4905.0,3850694203.0,431414,26.0,62.0,47.0,3708,65,628048,1623,89.0,15813,0.52954984,0.47045016,0
2025-07-30T21:16:31.697123,20326,86110,8.0,4093639,3572,4849.0,3865242075.0,437328,27.0,60.0,48.0,3572,65,640514,1720,24.0,15571,0.80517566,0.19482434,0
2025-07-30T21:16:36.836693,17788,79477,11.0,3861279,2991,4093.0,3624434914.0,429978,24.0,68.0,48.0,2991,66,628228,1617,62.0,16581,0.8699981,0.13000193,0
2025-07-30T21:16:41.971160,18320,85974,9.0,3887791,3109,4597.0,3783052945.0,427367,26.0,65.0,46.0,3109,65,643292,1639,20.0,15535,0.7146251,0.28537488,0
2025-07-30T21:16:47.117123,17648,81696,13.0,3764537,3148,4907.0,3818957771.0,433683,26.0,75.0,49.0,3148,68,631200,1559,44.0,15605,0.73598456,0.2640154,0
2025-07-30T21:16:52.243580,19003,79090,9.0,4130551,3556,4895.0,3765396507.0,429240,25.0,73.0,47.0,3556,65,636318,1723,24.0,16426,0.6884756,0.31152436,0
2025-07-30T21:16:57.371358,18688,86152,8.0,3823682,3524,4921.0,3860720866.0,432092,26.0,62.0,47.0,3524,69,625914,1566,107.0,15783,0.780756,0.21924402,0
2025-07-30T21:17:02.516778,18313,79306,10.0,3845331,3347,4944.0,3735918210.0,430493,27.0,71.0,49.0,3347,67,628218,1573,24.0,15633,0.67819387,0.32180613,0
2025-07-30T21:17:07.672057,17034,79953,12.0,3667476,3436,4892.0,3866749280.0,433521,25.0,74.0,48.0,3436,68,627459,1545,122.0,15849,0.6144112,0.38558882,0
2025-07-30T21:17:12.839330,17152,76147,12.0,3937987,4511,4906.0,3938973879.0,434498,66.0,62.0,47.0,4511,64,626770,1660,143.0,15869,0.651068,0.34893203,0
2025-07-30T21:17:17.957987,19518,78603,11.0,3793912,3446,4965.0,3892157600.0,434490,26.0,65.0,48.0,3446,69,626141,1496,20.0,15623,0.9155057,0.08449431,0
2025-07-30T21:17:23.080962,17671,86032,11.0,3885439,3271,4913.0,3868150676.0,426525,26.0,70.0,47.0,3271,66,630167,1626,98.0,15997,0.72152853,0.27847144,0
2025-07-30T21:17:28.195764,18117,87325,8.0,3723641,3059,4432.0,3681546483.0,440244,26.0,65.0,48.0,3059,69,627167,1600,78.0,15695,0.6936652,0.3063348,0
2025-07-30T21:17:33.335350,17767,80664,11.0,3785101,2959,4246.0,3732518458.0,439702,26.0,68.0,48.0,2959,65,625690,1722,91.0,15376,0.7859721,0.21402785,0
2025-07-30T21:17:38.484289,18456,83324,8.0,3928462,3275,4911.0,3893102775.0,434544,25.0,58.0,47.0,3275,64,635649,1532,84.0,16094,0.8305321,0.1694679,0
2025-07-30T21:17:43.614724,17752,77452,10.0,3723516,3206,4915.0,3858515901.0,430587,26.0,71.0,49.0,3206,68,620675,1614,23.0,15838,0.6864321,0.31356788,0
2025-07-30T21:17:48.753825,18465,84968,10.0,3743002,3097,4895.0,3755810572.0,434987,25.0,66.0,47.0,3097,66,624988,1535,18.0,16043,0.6044324,0.3955676,0
2025-07-30T21:17:53.897202,18145,82509,8.0,3890378,3179,4919.0,3851833923.0,433842,26.0,70.0,47.0,3179,62,629423,1416,26.0,15645,0.6693678,0.33063224,0
2025-07-30T21:17:59.035503,16987,82848,11.0,3914089,3128,4930.0,3784644401.0,432984,26.0,73.0,49.0,3128,65,629206,1602,18.0,15977,0.666114,0.33388606,0
2025-07-30T21:18:04.187213,13038,85383,9.0,4047132,3195,4925.0,3770541205.0,427819,26.0,63.0,46.0,3195,61,642064,1594,18.0,15709,0.53451824,0.46548173,0
2025-07-30T21:18:09.316757,17782,80397,8.0,3805858,3231,4913.0,3859348752.0,430655,26.0,65.0,47.0,3231,64,632735,1573,124.0,15668,0.491516,0.508484,1
2025-07-30T21:18:14.442870,19148,83676,13.0,3822726,3048,4915.0,3960084388.0,431958,26.0,79.0,49.0,3048,66,635105,1620,27.0,15679,0.7458527,0.25414732,0
2025-07-30T21:18:19.575463,17483,83030,10.0,3941216,3273,4711.0,3644806374.0,443640,25.0,73.0,47.0,3273,67,623708,1514,18.0,16464,0.6828302,0.3171698,0
2025-07-30T21:18:24.717143,17316,78662,8.0,3858559,3172,4022.0,3710906047.0,430962,26.0,57.0,48.0,3172,65,619007,1623,19.0,16442,0.5197443,0.4802557,0
2025-07-30T21:18:29.842838,17385,83300,10.0,4020557,3164,4879.0,3823025684.0,429639,26.0,63.0,48.0,3164,70,634248,1569,24.0,15037,0.6799877,0.32001227,0
2025-07-30T21:18:34.969341,16987,79576,9.0,3928139,3248,4889.0,3765125336.0,435330,25.0,65.0,47.0,3248,63,641392,1574,23.0,17024,0.53364444,0.4663556,0
2025-07-30T21:18:40.095493,20671,79484,19.0,3935717,3507,9816.0,7676563758.0,428240,52.0,140.0,95.0,3507,66,653395,1760,196.0,15379,0.737437,0.262563,0
2025-07-30T21:18:45.290848,17996,75480,10.0,3820331,3177,4918.0,3809254706.0,438646,26.0,72.0,47.0,3177,64,622148,1632,34.0,15345,0.87280095,0.12719904,0
2025-07-30T21:18:50.460689,18357,77328,11.0,3843265,3199,4920.0,3733252374.0,436079,26.0,87.0,48.0,3199,67,633750,1518,37.0,15370,0.7138738,0.2861262,0
2025-07-30T21:18:55.601058,17479,77957,9.0,3815694,3581,4921.0,3898954457.0,432523,25.0,64.0,47.0,3581,95,628886,1836,40.0,15178,0.65727055,0.34272945,0
2025-07-30T21:19:00.730501,17463,80939,8.0,3811991,3780,4939.0,3970661676.0,437100,26.0,57.0,47.0,3780,64,629776,1711,20.0,16114,0.41577625,0.58422375,1
2025-07-30T21:19:05.860373,19502,84620,13.0,3942260,3197,4954.0,4174983803.0,429121,26.0,80.0,52.0,3197,66,631163,1721,25.0,15550,0.8708206,0.12917943,0
2025-07-30T21:19:11.006352,16987,83837,8.0,3747615,3361,4115.0,3699656204.0,445393,25.0,61.0,47.0,3361,63,622026,1605,117.0,15698,0.87934935,0.12065064,0
2025-07-30T21:19:16.164114,17503,90787,1015.0,3779191,3387,4609.0,3827045254.0,426753,63.0,4159.0,69.0,3387,64,629785,1487,63.0,15543,0.81377906,0.18622094,0
2025-07-30T21:19:21.314297,17982,82880,30.0,4143507,3214,4942.0,4006935520.0,426634,27.0,204.0,151.0,3214,70,639687,1651,18.0,15938,0.8314652,0.1685348,0
2025-07-30T21:19:26.448510,19725,82395,13.0,3834171,3321,4940.0,3951691671.0,430651,63.0,127.0,85.0,3321,68,631627,1445,406.0,16152,0.5732737,0.42672628,0
2025-07-30T21:19:31.594180,24518,88924,8.0,4381015,3469,4933.0,3966093369.0,440889,26.0,95.0,69.0,3469,66,634639,1466,7.0,15789,0.91856694,0.08143305,0
2025-07-30T21:19:36.781632,17219,104300,20.0,3800667,3296,4915.0,3781697221.0,440395,26.0,167.0,122.0,3296,64,637987,1550,24.0,15656,0.887073,0.11292701,0
2025-07-30T21:19:41.928037,17545,82345,12.0,3886366,3370,4924.0,3894734857.0,423552,25.0,122.0,88.0,3370,64,639101,1550,27.0,15729,0.57555664,0.4244434,0
2025-07-30T21:19:47.047905,17583,79366,20.0,4021742,3239,4928.0,3983544096.0,425213,26.0,164.0,122.0,3239,63,628493,1501,28.0,15522,0.63293326,0.36706677,0
2025-07-30T21:19:52.176399,17307,80770,14.0,3778710,3584,4932.0,3893452095.0,434572,26.0,143.0,95.0,3584,68,641507,1539,25.0,16283,0.5359689,0.46403113,0
2025-07-30T21:19:57.326894,18633,83023,9.0,3823003,3424,4946.0,3834582741.0,437131,25.0,100.0,75.0,3424,63,631880,1565,278.0,16500,0.58638614,0.41361386,0
2025-07-30T21:20:02.533797,17665,81805,16.0,3840031,3549,4060.0,3605775413.0,465258,26.0,141.0,94.0,3549,67,628060,1558,48.0,15267,0.70224744,0.29775256,0
2025-07-30T21:20:07.683548,17842,78368,8.0,3732827,3129,4634.0,3850470282.0,434086,26.0,94.0,69.0,3129,65,627142,1502,110.0,15977,0.6886002,0.31139985,0
2025-07-30T21:20:12.816083,17931,86234,11.0,3880778,3268,4928.0,3898834742.0,437569,26.0,97.0,74.0,3268,61,628480,1520,30.0,15661,0.70244044,0.29755956,0
2025-07-30T21:20:17.959694,17934,78972,11.0,3962088,4040,4956.0,3900588783.0,435607,25.0,91.0,64.0,4040,66,625461,1761,96.0,15456,0.8291226,0.1708774,0
2025-07-30T21:20:23.102965,18614,85241,8.0,4102046,4550,4918.0,3805482673.0,440435,26.0,97.0,65.0,4550,77,637098,1555,20.0,15689,0.74739975,0.25260025,0
2025-07-30T21:20:28.239170,13493,82972,10.0,3955790,2838,4926.0,3828447310.0,442403,26.0,94.0,66.0,2838,66,655897,1503,118.0,15981,0.3936118,0.6063882,1
2025-07-30T21:20:33.388971,17546,78518,12.0,4151232,3006,4929.0,3871848425.0,434973,26.0,100.0,65.0,3006,66,635654,1419,111.0,15318,0.32332277,0.6766772,1
2025-07-30T21:20:38.545253,17809,83183,8.0,3964479,2931,4917.0,3728658808.0,425174,25.0,83.0,63.0,2931,69,629969,1592,98.0,15749,0.61721027,0.38278976,0
2025-07-30T21:20:43.660051,17472,83048,12.0,3926644,3102,4925.0,3950484818.0,432729,26.0,80.0,60.0,3102,63,635999,1430,21.0,15470,0.5802785,0.41972148,0
2025-07-30T21:20:48.793459,18623,86168,171.0,3808803,3800,4949.0,5124181253.0,447436,70.0,1446.0,731.0,3800,62,650625,1622,602.0,15696,0.74633723,0.25366277,0
2025-07-30T21:20:53.936950,17396,85408,8.0,3842173,3321,4211.0,3580105981.0,427309,25.0,71.0,47.0,3321,64,628186,1617,32.0,15169,0.6613717,0.3386283,0
2025-07-30T21:20:59.055845,18682,78832,12.0,3894267,3365,4546.0,3817170699.0,432092,26.0,65.0,48.0,3365,67,632684,1615,112.0,15350,0.8279168,0.17208321,0
2025-07-30T21:21:04.181879,16992,77808,8.0,4061105,3158,4942.0,3874870025.0,446297,26.0,79.0,46.0,3158,62,624631,1502,20.0,16074,0.71780086,0.28219914,0
2025-07-30T21:21:09.329263,17391,84591,10.0,3834000,3168,4916.0,3710370504.0,437496,26.0,67.0,49.0,3168,62,626657,1602,88.0,15639,0.7040788,0.2959212,0
2025-07-30T21:21:14.512650,19056,79062,9.0,3853873,3850,4910.0,3888740420.0,442403,25.0,61.0,47.0,3850,66,616470,1658,81.0,15344,0.8089855,0.1910145,0
2025-07-30T21:21:19.647450,18751,82147,1023.0,3771126,3325,5107.0,4356052273.0,443093,72.0,4296.0,140.0,3325,64,637441,1576,684.0,17637,0.72228515,0.27771488,0
2025-07-30T21:21:24.783497,18344,77453,29.0,3766899,3081,4938.0,3984533613.0,432302,26.0,190.0,152.0,3081,65,629761,1505,64.0,16009,0.6784399,0.32156008,0
2025-07-30T21:21:29.903114,17859,80253,11.0,3877451,3029,4949.0,3869564377.0,431330,71.0,137.0,84.0,3029,69,634562,1506,177.0,15872,0.60499907,0.39500093,0
2025-07-30T21:21:35.064580,17660,81650,9.0,3807102,3060,4912.0,3997145527.0,448590,26.0,103.0,70.0,3060,63,642226,1531,28.0,15885,0.79021084,0.20978914,0
2025-07-30T21:21:40.199360,18992,81878,35.0,3785564,3379,9029.0,7634035689.0,448132,51.0,306.0,214.0,3379,65,631342,1468,627.0,15901,0.8028352,0.19716476,0
2025-07-30T21:21:45.324133,19123,88586,18.0,3792822,4439,4570.0,3768588274.0,432043,26.0,158.0,121.0,4439,65,632865,1909,23.0,15795,0.90435594,0.095644064,0
2025-07-30T21:21:50.462317,17730,77852,15.0,3886689,3108,4929.0,3876224190.0,429919,26.0,144.0,97.0,3108,66,631431,1467,18.0,16376,0.832911,0.16708897,0
2025-07-30T21:21:55.615250,18147,96617,10.0,3900499,3163,4957.0,3808609109.0,427610,26.0,104.0,73.0,3163,67,633415,1448,141.0,15777,0.5063108,0.4936892,0
2025-07-30T21:22:00.767799,18546,79898,13.0,3932506,3117,4933.0,3933060195.0,435416,25.0,130.0,95.0,3117,67,638303,1625,119.0,15678,0.5996692,0.4003308,0
2025-07-30T21:22:05.902456,23511,82468,11.0,3707451,3336,4917.0,3813757334.0,435842,26.0,105.0,69.0,3336,74,624188,1646,101.0,15643,0.85514146,0.14485852,0
2025-07-30T21:22:11.050315,17690,80115,9.0,3973316,3420,4931.0,3951606402.0,432006,26.0,92.0,70.0,3420,64,632848,1559,106.0,15598,0.9032817,0.0967183,0
2025-07-30T21:22:16.273029,17578,79396,13.0,3748368,3076,4965.0,3784331586.0,433285,26.0,102.0,64.0,3076,65,639398,1403,27.0,15950,0.6032751,0.39672488,0
2025-07-30T21:22:21.415488,18549,78841,9.0,3920618,3474,4919.0,3925452256.0,436511,26.0,95.0,64.0,3474,65,637059,1628,97.0,15234,0.66645485,0.33354515,0
2025-07-30T21:22:26.536832,17719,77785,8.0,3790479,3058,4816.0,3986889687.0,426313,26.0,96.0,64.0,3058,66,641934,1588,131.0,14944,0.80195713,0.19804287,0
2025-07-30T21:22:31.666264,16881,84753,11.0,3700263,5002,4044.0,3637813359.0,433620,26.0,92.0,64.0,5002,69,624529,1635,88.0,15993,0.6716917,0.32830828,0
2025-07-30T21:22:36.825635,20573,86677,8.0,3739448,4030,4747.0,3741170008.0,425997,25.0,97.0,63.0,4030,65,625165,1664,122.0,15993,0.8520551,0.14794494,0
2025-07-30T21:22:41.976076,17376,81660,10.0,3753317,4550,4925.0,3886100303.0,436110,26.0,81.0,61.0,4550,64,631124,1581,111.0,15037,0.8791765,0.12082353,0
2025-07-30T21:22:47.091337,23105,82503,178.0,5619696,3236,5003.0,5057338326.0,432224,69.0,1460.0,721.0,3236,58,640049,1825,208.0,16525,0.88615674,0.113843285,0
2025-07-30T21:22:52.222118,17280,84517,11.0,3950226,3269,4923.0,3847443140.0,431130,26.0,84.0,47.0,3269,63,619219,1568,409.0,15380,0.82689184,0.17310818,0
2025-07-30T21:22:57.409279,18234,80045,9.0,3865245,3321,4937.0,3690719786.0,432628,26.0,62.0,48.0,3321,65,626980,1659,57.0,15871,0.74691707,0.25308293,0
2025-07-30T21:23:02.583925,20822,81152,12.0,3867182,3577,4947.0,3891384138.0,435026,26.0,69.0,48.0,3577,67,633764,1626,34.0,15814,0.79302084,0.20697919,0
2025-07-30T21:23:07.717599,18503,83976,8.0,3768899,2994,4923.0,3819181079.0,429387,26.0,58.0,47.0,2994,59,632175,1586,22.0,15301,0.8815912,0.11840878,0
2025-07-30T21:23:12.860310,18343,80101,10.0,3928509,3312,4913.0,3874450160.0,439320,25.0,62.0,49.0,3312,68,628772,1533,55.0,15256,0.8123111,0.1876889,0
2025-07-30T21:23:17.997081,17946,76932,1024.0,4013662,3245,4977.0,4222162935.0,425941,72.0,4298.0,138.0,3245,64,631469,1529,707.0,15222,0.7748625,0.22513747,0
2025-07-30T21:23:23.291912,17501,78906,8.0,3837963,3089,4059.0,3764912223.0,439773,26.0,62.0,48.0,3089,66,630021,1579,554.0,15175,0.89921814,0.10078184,0
2025-07-30T21:23:28.440386,20190,84985,30.0,3871382,3579,4775.0,3887240835.0,439734,25.0,195.0,151.0,3579,64,636168,1597,21.0,15790,0.7928095,0.2071905,0
2025-07-30T21:23:33.554701,17940,82072,11.0,3718645,3153,4947.0,4219537795.0,444176,71.0,136.0,85.0,3153,68,634839,1508,207.0,15831,0.7958859,0.20411405,0
2025-07-30T21:23:38.683653,16656,83898,10.0,3975476,3203,4919.0,3923679622.0,440421,26.0,100.0,71.0,3203,75,639178,1491,282.0,15011,0.79055166,0.20944831,0
2025-07-30T21:23:43.818131,18374,76130,18.0,3617906,3157,4929.0,3749754795.0,436150,26.0,162.0,121.0,3157,73,642994,1541,27.0,16122,0.41971028,0.5802897,1
2025-07-30T21:23:48.939522,18456,77900,13.0,3998117,3597,4904.0,3911418547.0,445193,25.0,129.0,88.0,3597,63,642323,1491,29.0,15611,0.5628724,0.43712762,0
2025-07-30T21:23:54.045960,19957,83475,19.0,3863346,3550,4939.0,3949170143.0,442727,26.0,173.0,122.0,3550,69,633809,1527,48.0,15855,0.7171057,0.2828943,0
2025-07-30T21:23:59.197466,17318,83999,17.0,3681396,3048,4924.0,3765425528.0,433908,25.0,144.0,96.0,3048,63,626954,1454,32.0,16207,0.6569111,0.34308892,0
2025-07-30T21:24:04.330738,18230,83096,9.0,3793819,4790,4953.0,3891093153.0,426016,27.0,99.0,74.0,4790,68,642154,1760,95.0,16323,0.5827864,0.41721362,0
2025-07-30T21:24:09.505709,18896,86243,15.0,3713715,4744,4583.0,3815217334.0,429453,25.0,147.0,101.0,4744,65,635835,1603,45.0,15461,0.81755924,0.18244079,0
2025-07-30T21:24:14.655839,17785,83985,9.0,3847394,3006,4115.0,3670958075.0,427129,25.0,98.0,69.0,3006,69,623676,1616,123.0,16055,0.8312793,0.16872075,0
2025-07-30T21:24:19.805932,17344,81932,10.0,3809636,4341,4959.0,3986405206.0,429787,26.0,118.0,73.0,4341,83,642946,1596,18.0,16102,0.545035,0.454965,0
2025-07-30T21:24:24.934874,18059,84268,11.0,3684345,3276,4916.0,3845218625.0,438532,26.0,106.0,65.0,3276,69,631668,1499,50.0,15790,0.35972965,0.64027035,1
2025-07-30T21:24:30.056837,19054,86813,8.0,3771283,3186,4917.0,3820399145.0,423257,26.0,90.0,64.0,3186,63,639537,1547,44.0,15909,0.6622503,0.33774975,0
2025-07-30T21:24:35.198520,17124,82027,19.0,3757729,3429,9815.0,7547963677.0,435386,51.0,185.0,129.0,3429,65,623525,1641,63.0,15845,0.7483511,0.25164887,0
2025-07-30T21:24:40.348628,17656,82760,9.0,3980758,3062,4931.0,3807204294.0,432376,26.0,88.0,65.0,3062,68,631018,1552,122.0,15866,0.7516137,0.24838632,0
2025-07-30T21:24:45.472288,20300,79202,172.0,3848181,3388,5008.0,5017181782.0,436362,70.0,1434.0,726.0,3388,59,631365,1579,213.0,15530,0.7577374,0.24226259,0
2025-07-30T21:24:50.590533,17986,83269,9.0,4040595,3105,5020.0,3887906127.0,448750,25.0,101.0,48.0,3105,65,639756,1637,61.0,16596,0.7423912,0.25760874,0
2025-07-30T21:24:55.733572,17626,81520,8.0,3880587,3270,4744.0,3694986738.0,435428,26.0,65.0,47.0,3270,67,628211,1601,47.0,16083,0.6794621,0.32053795,0
2025-07-30T21:25:00.921775,18399,80597,13.0,3934235,3274,4543.0,3882527221.0,439031,27.0,74.0,50.0,3274,62,631922,1520,25.0,15430,0.67718095,0.32281905,0
2025-07-30T21:25:06.059754,18670,86412,12.0,3869505,3115,4339.0,4259920053.0,428587,24.0,60.0,46.0,3115,70,639478,1480,59.0,15884,0.7450054,0.25499457,0
2025-07-30T21:25:11.180641,20115,81105,8.0,4497489,3636,4934.0,3889841508.0,434522,26.0,62.0,48.0,3636,73,633898,1582,31.0,16193,0.7490262,0.25097382,0
2025-07-30T21:25:16.327372,17915,85442,1025.0,3909017,3352,5100.0,4421074173.0,434610,72.0,4295.0,140.0,3352,63,642478,1722,1327.0,15663,0.77399075,0.22600922,0
2025-07-30T21:25:21.484402,17497,78429,9.0,3705703,3260,4952.0,3741800714.0,429251,26.0,66.0,47.0,3260,69,620518,1658,15.0,16871,0.4717393,0.5282607,1
2025-07-30T21:25:26.632492,18317,82650,27.0,3793375,4162,4942.0,3921510065.0,435422,26.0,184.0,152.0,4162,69,630681,1623,22.0,15837,0.5120032,0.48799685,0
2025-07-30T21:25:31.766455,18265,83961,14.0,3956363,3894,4933.0,3940179681.0,436362,70.0,128.0,86.0,3894,64,637976,1811,606.0,16037,0.6542469,0.3457531,0
2025-07-30T21:25:36.890132,19816,78704,8.0,3683985,3781,4928.0,3939422817.0,434592,26.0,100.0,69.0,3781,66,628816,1597,18.0,16144,0.7885176,0.21148238,0
2025-07-30T21:25:42.027216,18243,86217,19.0,4175814,3177,4935.0,3891956751.0,423765,26.0,172.0,123.0,3177,64,635028,1482,20.0,15658,0.7503039,0.24969609,0
2025-07-30T21:25:47.183735,17651,77101,14.0,3781079,3004,4545.0,3756997190.0,432152,25.0,130.0,86.0,3004,70,634568,1591,90.0,15339,0.64405465,0.35594538,0
2025-07-30T21:25:52.336774,17759,85384,17.0,3732572,3087,4142.0,3777771885.0,427123,26.0,174.0,120.0,3087,67,623400,1603,56.0,16044,0.60329914,0.3967009,0
2025-07-30T21:25:57.470216,17769,82941,16.0,4286555,3095,4947.0,4040756211.0,427574,26.0,149.0,96.0,3095,64,631355,1657,96.0,15567,0.7401774,0.25982258,0
2025-07-30T21:26:02.618605,19982,83892,9.0,3844863,3726,4936.0,3752781932.0,432184,25.0,107.0,74.0,3726,70,622878,1538,93.0,15748,0.7718789,0.2281211,0
2025-07-30T21:26:07.741030,18685,83384,15.0,3816324,3115,4924.0,3880426409.0,434831,26.0,144.0,97.0,3115,64,631048,1553,84.0,15841,0.7406182,0.2593818,0
2025-07-30T21:26:12.873830,18182,79037,11.0,3764349,3051,4928.0,3908523524.0,431152,26.0,100.0,70.0,3051,66,629346,1498,20.0,15240,0.7023078,0.29769218,0
2025-07-30T21:26:18.024403,16873,79528,11.0,3855943,3019,4946.0,3724621651.0,442928,25.0,107.0,72.0,3019,66,627832,1591,82.0,15960,0.64461404,0.35538596,0
2025-07-30T21:26:23.150971,17979,75670,9.0,3828708,3171,4935.0,3921401273.0,433185,26.0,83.0,67.0,3171,59,629402,1522,22.0,15328,0.63725764,0.36274236,0
2025-07-30T21:26:28.296425,20820,84146,11.0,4189953,3643,4923.0,3836172780.0,424758,26.0,95.0,63.0,3643,69,626380,1734,47.0,15586,0.84926426,0.15073577,0
2025-07-30T21:26:33.455286,17588,91060,8.0,3781642,3127,4911.0,3681573387.0,437655,25.0,86.0,63.0,3127,63,636925,1470,27.0,16161,0.8306867,0.16931328,0
2025-07-30T21:26:38.595617,18382,74616,10.0,3952304,3662,4514.0,3736091986.0,448608,26.0,94.0,66.0,3662,62,637241,1547,27.0,15223,0.66391873,0.33608127,0
2025-07-30T21:26:43.716470,17867,76737,9.0,3725095,3278,4165.0,3759528103.0,435613,26.0,95.0,64.0,3278,66,633938,1513,29.0,15939,0.6938133,0.3061867,0
2025-07-30T21:26:48.849962,19116,90399,172.0,3837989,3119,4994.0,4971174470.0,442327,69.0,1394.0,733.0,3119,62,652720,1658,371.0,15833,0.71197456,0.28802544,0
2025-07-30T21:26:53.986539,17332,81100,11.0,3783414,3150,4927.0,3842964884.0,424512,27.0,79.0,47.0,3150,70,626822,1626,385.0,16956,0.37686777,0.6231322,1
2025-07-30T21:26:59.134535,18247,85057,8.0,3773883,4371,4915.0,3812038783.0,432765,25.0,71.0,47.0,4371,65,637067,1570,20.0,15769,0.4139725,0.5860275,1
2025-07-30T21:27:04.262720,17343,79005,9.0,3772136,3052,4935.0,3836475960.0,429582,26.0,66.0,48.0,3052,67,625800,1514,52.0,17494,0.59254074,0.40745923,0
2025-07-30T21:27:09.410388,18296,79848,9.0,3834750,3149,4905.0,3856728384.0,428673,26.0,65.0,47.0,3149,69,638204,1555,25.0,15758,0.45987463,0.54012537,1
2025-07-30T21:27:14.540836,18237,81257,9.0,3747022,3201,4901.0,3723214927.0,430928,25.0,62.0,48.0,3201,67,628642,1525,25.0,15861,0.6112597,0.38874033,0
2025-07-30T21:27:19.664436,18238,86185,648.0,3802838,3507,5067.0,4183337779.0,427657,72.0,2744.0,121.0,3507,68,634298,1628,1113.0,16542,0.49914664,0.50085336,1
2025-07-30T21:27:24.797126,19492,83540,389.0,3985237,3492,4942.0,4023571767.0,431846,25.0,1629.0,67.0,3492,61,635381,1698,50.0,15928,0.68071836,0.31928164,0
2025-07-30T21:27:29.963651,18339,77626,27.0,3846331,3010,4681.0,3842789100.0,430750,26.0,192.0,151.0,3010,69,642970,1452,198.0,15439,0.8811778,0.11882225,0
2025-07-30T21:27:35.155578,19088,76542,13.0,3910103,3163,4052.0,3819794815.0,430822,71.0,135.0,87.0,3163,64,628314,1601,180.0,15944,0.7234499,0.2765501,0
2025-07-30T21:27:40.299216,17274,89709,26.0,3782715,3165,9836.0,7632536471.0,427709,51.0,268.0,189.0,3165,62,635305,1645,292.0,15528,0.9298042,0.07019577,0
2025-07-30T21:27:45.418671,19000,84369,17.0,3885330,3558,4914.0,3900300178.0,441298,26.0,142.0,88.0,3558,68,637435,1531,25.0,15836,0.79539704,0.20460293,0
2025-07-30T21:27:50.528556,19180,86280,18.0,4168055,3528,4922.0,3895692804.0,432997,26.0,175.0,120.0,3528,65,632026,1726,93.0,16366,0.7905294,0.20947066,0
2025-07-30T21:27:55.679069,17729,79603,15.0,3832917,3269,4933.0,3714288523.0,431912,25.0,135.0,98.0,3269,66,625905,1576,92.0,15387,0.7752052,0.22479482,0
2025-07-30T21:28:00.829517,18012,79076,10.0,4079856,4675,4943.0,3915012470.0,436220,26.0,102.0,72.0,4675,64,633612,1812,80.0,15922,0.7242758,0.2757242,0
2025-07-30T21:28:05.936488,20328,78137,13.0,3802922,3468,4929.0,3919645278.0,434687,26.0,136.0,95.0,3468,63,634289,1636,86.0,15333,0.9046938,0.0953062,0
2025-07-30T21:28:11.064637,17796,86577,10.0,3800486,3253,4908.0,3915400783.0,432934,25.0,94.0,69.0,3253,64,624664,1601,116.0,16052,0.84894764,0.15105239,0
2025-07-30T21:28:16.211389,17731,79188,10.0,4178268,4595,4795.0,3801970504.0,428651,26.0,110.0,71.0,4595,71,637757,1798,23.0,16037,0.7588041,0.24119593,0
2025-07-30T21:28:21.353919,16993,83983,11.0,3888716,3412,4061.0,3699211565.0,430185,26.0,103.0,65.0,3412,62,624339,1619,86.0,15809,0.6997497,0.30025026,0
2025-07-30T21:28:26.487605,18336,79510,13.0,4018619,3345,4773.0,3874461534.0,433980,25.0,108.0,66.0,3347,65,629954,1796,82.0,16350,0.87902856,0.12097141,0
2025-07-30T21:28:31.684297,18081,81684,9.0,3866800,3315,4916.0,3860026229.0,433500,26.0,92.0,64.0,3315,67,635643,1613,83.0,15564,0.8190175,0.1809825,0
2025-07-30T21:28:36.854398,18692,86325,8.0,3832896,3587,4928.0,3803489189.0,428424,26.0,86.0,63.0,3587,66,618156,1623,82.0,15263,0.7636748,0.2363252,0
2025-07-30T21:28:42.021239,17671,84639,10.0,3852240,3392,4924.0,3963966817.0,439801,26.0,86.0,65.0,3392,66,629873,1553,18.0,14892,0.775617,0.22438298,0
2025-07-30T21:28:47.138878,19277,82725,178.0,3999420,3143,5017.0,5079481568.0,425391,69.0,1354.0,727.0,3143,65,622521,1529,301.0,15600,0.7480428,0.25195715,0
2025-07-30T21:28:52.280803,17224,82932,9.0,4282959,6906,4935.0,3878172498.0,432925,27.0,74.0,51.0,6906,70,626341,1765,413.0,15712,0.48719263,0.51280737,1
2025-07-30T21:28:57.435127,17727,89382,11.0,3891482,3104,4944.0,3775447295.0,432866,26.0,68.0,48.0,3104,67,621551,1692,20.0,16087,0.73776114,0.26223883,0
2025-07-30T21:29:02.581614,19950,85150,9.0,4276603,3789,4936.0,3957582202.0,431923,25.0,56.0,47.0,3789,63,636635,1573,142.0,15648,0.8134827,0.1865173,0
2025-07-30T21:29:07.727235,17797,87810,10.0,3802162,3260,4833.0,4127701295.0,425494,26.0,87.0,53.0,3260,66,647589,1605,25.0,16938,0.8093735,0.19062647,0
2025-07-30T21:29:12.877210,17999,81366,11.0,3768716,4643,4047.0,3739867977.0,434866,26.0,66.0,48.0,4643,60,649708,1543,57.0,15797,0.7927763,0.20722371,0
2025-07-30T21:29:18.019629,17799,77852,19.0,4082870,3251,4955.0,4187106474.0,440188,72.0,212.0,121.0,3251,61,642742,1464,655.0,15383,0.93740666,0.06259336,0
2025-07-30T21:29:23.151684,18321,96632,12.0,3891556,3145,4908.0,3813880232.0,434713,25.0,73.0,48.0,3145,59,626966,1536,18.0,15233,0.95799434,0.042005654,0
2025-07-30T21:29:28.290784,19103,75856,8.0,3868983,3018,4930.0,3816029617.0,436702,26.0,61.0,47.0,3018,68,644613,1615,20.0,15680,0.82943666,0.17056336,0
2025-07-30T21:29:33.436486,17963,86658,10.0,3816734,2643,4918.0,3814208688.0,433526,26.0,70.0,49.0,2643,68,625461,1905,480.0,16018,0.8346764,0.16532359,0
2025-07-30T21:29:38.573565,18111,74234,11.0,3686505,3198,4924.0,3849324732.0,427265,25.0,66.0,48.0,3198,64,629914,1448,22.0,15614,0.62164104,0.37835893,0
2025-07-30T21:29:43.707691,18558,78500,9.0,3778711,3172,4930.0,3963378365.0,426145,26.0,66.0,47.0,3172,67,640752,1618,29.0,15966,0.64120257,0.3587974,0
2025-07-30T21:29:48.830493,18794,80349,8.0,3966076,3243,4933.0,3787700015.0,449500,26.0,76.0,48.0,3243,67,663644,1460,50.0,16043,0.6760411,0.32395887,0
2025-07-30T21:29:54.001428,17671,83076,12.0,3826863,3169,4934.0,3860589553.0,424556,26.0,95.0,48.0,3169,67,634907,1509,18.0,16162,0.5866411,0.41335896,0
2025-07-30T21:29:59.149267,20114,84302,8.0,3728163,3823,4798.0,3754797321.0,425167,25.0,56.0,46.0,3823,73,625345,1722,17.0,16243,0.650478,0.349522,0
2025-07-30T21:30:04.306498,18285,81980,10.0,3829753,3253,4095.0,3731672343.0,430531,26.0,67.0,49.0,3253,63,638274,1534,18.0,15491,0.77555037,0.22444965,0
2025-07-30T21:30:09.438150,21719,76085,9.0,3790971,3240,4732.0,3860605450.0,428681,26.0,65.0,47.0,3240,66,629969,1605,117.0,15692,0.8784885,0.1215115,0
2025-07-30T21:30:14.589801,16724,81912,12.0,3943205,3119,4932.0,3848773246.0,435805,69.0,62.0,48.0,3119,74,625997,1540,27.0,15628,0.84838235,0.15161762,0
2025-07-30T21:30:19.786202,17710,80710,11.0,3788289,3119,4974.0,3805572743.0,431195,26.0,68.0,48.0,3119,64,635161,1463,139.0,16149,0.6835555,0.31644455,0
2025-07-30T21:30:24.926144,20401,80650,9.0,3689778,3546,4916.0,3871318246.0,427829,25.0,63.0,47.0,3546,62,634125,1699,106.0,16163,0.7547536,0.2452464,0
2025-07-30T21:30:30.067356,21591,82166,10.0,3823823,3324,4920.0,3872538649.0,434764,26.0,64.0,49.0,3324,68,628432,1498,18.0,15397,0.88319224,0.116807744,0
2025-07-30T21:30:35.197921,17104,80650,17.0,3768112,3145,9842.0,7457760164.0,431210,52.0,128.0,95.0,3145,62,625403,1544,160.0,15488,0.81054634,0.18945365,0
2025-07-30T21:30:40.343401,17972,83779,10.0,3706109,3248,4908.0,4055494930.0,443222,26.0,67.0,48.0,3248,65,625312,1515,90.0,15340,0.7613058,0.23869416,0
2025-07-30T21:30:45.463063,17410,81964,12.0,3858143,3464,4914.0,3806843034.0,433342,25.0,86.0,48.0,3464,67,634016,1640,103.0,15607,0.74235,0.25765,0
2025-07-30T21:30:50.587872,20346,82256,9.0,3913186,3480,4125.0,3703216018.0,455645,26.0,83.0,47.0,3480,65,630497,1811,39.0,16362,0.8326707,0.16732934,0
2025-07-30T21:30:55.730496,18313,86854,10.0,3841452,5499,4579.0,3688194160.0,433086,25.0,69.0,49.0,5499,72,629421,1472,95.0,15737,0.93452686,0.06547315,0
2025-07-30T21:31:00.891510,18420,83128,10.0,3836597,3253,4951.0,4017417854.0,435654,26.0,67.0,47.0,3253,64,639695,1689,89.0,16396,0.7458155,0.25418448,0
2025-07-30T21:31:06.040060,18103,79536,10.0,4423083,3203,4924.0,4260981266.0,428774,26.0,59.0,48.0,3203,67,637176,1570,97.0,15348,0.8366558,0.16334419,0
2025-07-30T21:31:11.172265,20457,81177,10.0,3627548,3722,4919.0,3908966400.0,432263,25.0,60.0,48.0,3722,63,627176,1652,25.0,15898,0.8458556,0.1541444,0
2025-07-30T21:31:16.307958,18075,90758,9.0,3665370,3774,4959.0,3807002487.0,433217,26.0,67.0,47.0,3774,65,640335,1756,21.0,15846,0.90445995,0.09554004,0
2025-07-30T21:31:21.465269,17992,87956,10.0,3778617,3179,4943.0,3801505178.0,434714,26.0,57.0,48.0,3179,69,635104,1565,21.0,15449,0.80827034,0.19172966,0
2025-07-30T21:31:26.592604,16945,83549,11.0,3983286,3273,4902.0,3739117226.0,435075,25.0,72.0,48.0,3273,62,646136,1532,20.0,15752,0.6260687,0.37393126,0
2025-07-30T21:31:31.715113,18083,81917,8.0,3989706,3109,4938.0,3984724187.0,431099,26.0,54.0,46.0,3109,68,637835,1657,18.0,15196,0.70778805,0.29221195,0
2025-07-30T21:31:36.918665,20283,76054,10.0,3996597,3699,4916.0,3862089237.0,434526,26.0,67.0,49.0,3699,65,635310,1756,98.0,15846,0.85973346,0.14026652,0
2025-07-30T21:31:42.048437,18589,84319,9.0,3854598,3190,4238.0,3628107684.0,425950,26.0,65.0,47.0,3190,69,741966,1517,20.0,15773,0.8182243,0.18177569,0
2025-07-30T21:31:47.166056,17667,85632,8.0,3698494,4569,4451.0,3920109444.0,431090,26.0,63.0,48.0,4569,64,634701,1663,102.0,15786,0.7705295,0.22947048,0
2025-07-30T21:31:52.297660,17751,84642,14.0,3824931,2918,4943.0,3854370833.0,442153,26.0,90.0,49.0,2918,70,632750,1684,89.0,16063,0.8550614,0.14493857,0
2025-07-30T21:31:57.421276,18510,80609,9.0,4004896,3201,4924.0,3704650298.0,429602,25.0,67.0,46.0,3201,67,635297,1575,20.0,17379,0.55149466,0.44850534,0
2025-07-30T21:32:02.547187,18652,82504,9.0,3784639,3071,4949.0,3828404363.0,432800,26.0,63.0,48.0,3071,64,636512,1645,86.0,15691,0.65520555,0.34479445,0
2025-07-30T21:32:07.677266,18724,88313,10.0,3691560,3575,4917.0,3760061851.0,430878,26.0,59.0,48.0,3575,65,623221,1933,19.0,15625,0.8938954,0.10610458,0
2025-07-30T21:32:12.834518,17972,74681,9.0,3771872,3232,4930.0,3803791373.0,438392,25.0,65.0,47.0,3232,69,635489,1483,87.0,16709,0.8329368,0.16706316,0
2025-07-30T21:32:17.987190,17691,79713,8.0,3897334,4108,4960.0,3859285678.0,443310,26.0,56.0,47.0,4108,64,629388,1764,20.0,15509,0.5946,0.40539998,0
2025-07-30T21:32:23.116547,18036,88568,12.0,4052633,3331,4919.0,3914406308.0,426275,25.0,84.0,48.0,3331,69,631554,1451,115.0,15715,0.80475795,0.19524203,0
2025-07-30T21:32:28.247401,17597,79440,8.0,3874964,3309,4946.0,3869081525.0,432136,26.0,72.0,47.0,3309,66,629531,1576,102.0,15608,0.6129745,0.3870255,0
2025-07-30T21:32:33.382589,19752,78678,11.0,3978659,3591,4401.0,3704385554.0,430352,64.0,64.0,48.0,3591,63,631548,1768,84.0,15900,0.8176422,0.18235779,0
2025-07-30T21:32:38.508204,17026,83941,9.0,3741493,3020,4311.0,3711939257.0,438387,25.0,64.0,47.0,3020,66,623330,1580,146.0,15367,0.9446726,0.055327434,0
2025-07-30T21:32:43.641650,17132,87488,8.0,3763043,3215,4928.0,3878133566.0,434755,26.0,61.0,47.0,3215,63,636487,1530,18.0,15535,0.7012967,0.29870328,0
2025-07-30T21:32:48.766706,20770,79267,11.0,3833094,3061,4934.0,3785000732.0,429040,26.0,68.0,48.0,3061,61,651439,1591,84.0,15845,0.82112575,0.17887425,0
2025-07-30T21:32:53.911616,18017,84288,9.0,3763261,3332,4934.0,3693724562.0,431229,26.0,71.0,47.0,3332,64,628934,1494,80.0,15686,0.8321435,0.1678565,0
2025-07-30T21:32:59.094368,19276,81512,10.0,3650297,3773,4950.0,3809853365.0,440012,26.0,79.0,50.0,3773,64,618020,1910,116.0,15432,0.85755914,0.14244084,0
2025-07-30T21:33:04.202251,18314,80982,11.0,3822591,3248,4939.0,3875225037.0,432994,26.0,69.0,48.0,3248,62,641083,1571,84.0,15745,0.92835057,0.071649455,0
2025-07-30T21:33:09.334656,17283,82333,9.0,3739183,3249,4911.0,3916392430.0,429517,25.0,63.0,47.0,3249,64,626867,1590,22.0,16036,0.7181072,0.28189275,0
2025-07-30T21:33:14.594576,17937,79781,8.0,3909207,3459,4931.0,3801083288.0,433248,26.0,58.0,47.0,3459,70,624940,1534,85.0,15545,0.6473936,0.35260642,0
2025-07-30T21:33:19.828709,17144,83993,13.0,3854109,2876,4978.0,3898221523.0,426754,26.0,81.0,47.0,2876,62,621198,1450,83.0,15350,0.62085754,0.37914246,0
2025-07-30T21:33:24.972554,17883,82898,11.0,3778802,3592,4438.0,3980663147.0,438327,26.0,83.0,47.0,3592,64,637128,1531,24.0,16051,0.65530074,0.34469923,0
2025-07-30T21:33:30.089998,20455,79448,20.0,3775870,5942,9151.0,7779957433.0,428651,51.0,127.0,94.0,5942,67,632431,1794,64.0,16778,0.8240135,0.17598654,0
2025-07-30T21:33:35.214194,17290,80172,8.0,3840122,3230,4928.0,3696033336.0,429067,26.0,60.0,47.0,3230,63,626944,1429,22.0,16269,0.87752414,0.12247586,0
2025-07-30T21:33:40.419586,18499,83102,11.0,3829006,3205,4917.0,3894705942.0,428210,26.0,67.0,48.0,3205,65,632691,1466,18.0,17363,0.46886992,0.5311301,1
2025-07-30T21:33:45.559442,16860,79978,8.0,4039395,3198,4922.0,3697208145.0,431657,26.0,61.0,47.0,3198,64,619492,1569,117.0,15982,0.59244704,0.40755296,0
2025-07-30T21:33:50.699434,18416,81464,11.0,3783609,3286,4948.0,4057788149.0,431735,26.0,79.0,49.0,3286,65,633222,1460,83.0,15504,0.61412907,0.3858709,0
2025-07-30T21:33:55.828272,17418,80278,9.0,3769145,3254,4947.0,3849429558.0,436530,26.0,71.0,47.0,3254,64,631928,1520,21.0,15231,0.6926823,0.30731767,0
2025-07-30T21:34:01.006510,20491,75664,8.0,3844847,3121,4929.0,3745071519.0,427848,25.0,70.0,48.0,3121,64,645045,1515,20.0,16559,0.68831146,0.31168857,0
2025-07-30T21:34:06.136635,17385,75856,10.0,3781031,3503,4954.0,3869658861.0,430352,26.0,76.0,53.0,3503,69,630961,1625,24.0,15742,0.7246532,0.27534682,0
2025-07-30T21:34:11.255442,17406,80764,12.0,3865023,3365,4599.0,3868009918.0,432210,26.0,74.0,48.0,3365,73,630820,1569,20.0,15798,0.51735723,0.48264277,0
2025-07-30T21:34:16.391041,19077,79911,10.0,3768177,3626,4316.0,3630179592.0,433236,26.0,67.0,46.0,3626,67,624453,1685,20.0,15865,0.62586534,0.37413466,0
2025-07-30T21:34:21.577520,19734,84881,11.0,3750249,3219,4701.0,3792770201.0,436022,25.0,68.0,49.0,3219,65,636623,1464,104.0,15686,0.83168226,0.16831774,0
2025-07-30T21:34:26.721413,18375,77322,9.0,3849087,3287,4918.0,3879254350.0,435804,26.0,64.0,47.0,3287,70,627288,1527,123.0,15369,0.77219325,0.22780673,0
2025-07-30T21:34:31.852885,17301,82378,9.0,3847764,2817,4919.0,3876637822.0,435834,26.0,66.0,48.0,2817,66,627622,1530,51.0,16094,0.60871285,0.39128715,0
2025-07-30T21:34:36.989600,23863,82009,10.0,3973966,5523,4912.0,3789880752.0,434836,26.0,60.0,48.0,5523,66,633723,1689,23.0,15960,0.86980766,0.13019235,0
2025-07-30T21:34:42.127600,20396,83174,9.0,3914290,3663,4904.0,3733203372.0,430030,25.0,64.0,47.0,3663,64,634942,1661,94.0,16511,0.96717614,0.032823883,0
2025-07-30T21:34:47.300975,17490,88853,9.0,3941960,3584,4914.0,3889796193.0,434019,26.0,62.0,48.0,3584,69,641932,1585,18.0,15617,0.7902329,0.20976713,0
2025-07-30T21:34:52.408339,17688,80369,13.0,3876335,3307,5034.0,3930019073.0,432495,26.0,97.0,50.0,3307,70,623326,1503,35.0,15973,0.5756031,0.4243969,0
2025-07-30T21:34:57.536521,18479,80661,8.0,3870439,4003,4927.0,3763061984.0,434202,26.0,54.0,47.0,4003,69,642074,1558,20.0,15661,0.54360425,0.45639578,0
2025-07-30T21:35:02.684150,17850,80606,11.0,4033205,3046,4929.0,3715713490.0,424666,25.0,71.0,48.0,3046,64,634271,1681,18.0,15258,0.6989635,0.30103645,0
2025-07-30T21:35:07.861106,19170,78969,9.0,3810099,3509,4180.0,3690073504.0,435428,26.0,66.0,46.0,3509,68,638720,1566,27.0,15489,0.7503028,0.2496972,0
2025-07-30T21:35:12.982557,17074,85190,8.0,3979796,3182,4474.0,3756593820.0,428413,25.0,67.0,48.0,3182,65,639045,1556,59.0,15850,0.7437511,0.2562489,0
2025-07-30T21:35:18.105988,17875,80145,14.0,3990812,3033,4956.0,3897805439.0,436429,27.0,89.0,50.0,3033,63,630459,1482,110.0,15509,0.70321894,0.2967811,0
2025-07-30T21:35:23.243550,16921,82989,10.0,3772306,3145,4916.0,3802492426.0,436448,26.0,79.0,47.0,3145,67,622627,1535,50.0,15534,0.6658275,0.33417252,0
2025-07-30T21:35:28.384697,18238,82619,8.0,4093335,3301,4903.0,3852172681.0,429589,25.0,59.0,47.0,3301,62,637633,1575,20.0,15937,0.6380572,0.36194283,0
2025-07-30T21:35:33.496377,17345,78878,11.0,3838923,4375,4907.0,3927304468.0,436801,26.0,65.0,48.0,4375,68,621681,1629,28.0,16174,0.6923822,0.30761775,0
2025-07-30T21:35:38.615736,19958,88254,9.0,3997686,3584,4916.0,3891313758.0,432613,26.0,76.0,46.0,3584,68,642009,1662,24.0,15284,0.7117715,0.2882285,0
2025-07-30T21:35:43.767104,17705,85307,8.0,3752576,3287,4916.0,3821048155.0,435960,26.0,59.0,48.0,3287,64,623206,1644,53.0,15733,0.8515325,0.14846747,0
2025-07-30T21:35:48.932759,17633,77873,12.0,3768382,4060,4916.0,3882493281.0,432742,26.0,81.0,48.0,4060,73,621812,1693,130.0,16147,0.7208375,0.27916253,0
2025-07-30T21:35:54.061036,16684,81347,9.0,4020585,4768,4912.0,3885086034.0,431364,25.0,78.0,46.0,4768,68,640485,1502,18.0,15593,0.43995285,0.56004715,1
2025-07-30T21:35:59.214652,17649,80545,10.0,3774227,2994,4610.0,3837566221.0,432415,25.0,64.0,49.0,2994,70,640092,1643,24.0,16202,0.5225734,0.4774266,0
2025-07-30T21:36:04.343310,19910,77417,11.0,3915701,3751,4085.0,3646610118.0,437296,26.0,74.0,47.0,3751,74,670151,1689,24.0,16186,0.7081282,0.29187176,0
2025-07-30T21:36:09.631674,18647,81145,8.0,3855934,3306,4916.0,3925715952.0,423208,26.0,63.0,48.0,3306,66,633820,1514,57.0,15501,0.7696058,0.23039418,0
2025-07-30T21:36:14.792193,17479,89665,11.0,3946586,3130,4900.0,3813111385.0,444488,25.0,65.0,47.0,3130,64,630363,1492,32.0,15925,0.6890938,0.3109062,0
2025-07-30T21:36:19.936157,17796,81226,9.0,3853956,3196,4954.0,4188926129.0,435412,26.0,68.0,48.0,3196,65,630223,1486,29.0,16131,0.61386436,0.38613564,0
2025-07-30T21:36:25.072456,17298,75873,12.0,3761118,3215,4917.0,3998838441.0,427528,26.0,76.0,53.0,3215,62,626536,1713,111.0,15964,0.7177208,0.2822792,0
2025-07-30T21:36:30.220842,25653,82849,21.0,3774016,3756,9808.0,7478046927.0,432396,51.0,133.0,94.0,3756,69,631527,1719,176.0,15280,0.8561903,0.14380966,0
2025-07-30T21:36:35.374664,17168,79796,8.0,3928705,3256,4909.0,3668858490.0,430044,26.0,61.0,47.0,3256,64,627782,1491,31.0,15190,0.87913615,0.12086385,0
2025-07-30T21:36:40.510865,18572,83404,11.0,3743587,3131,4916.0,3894380476.0,431331,26.0,66.0,48.0,3131,64,634269,1478,118.0,15768,0.6530973,0.34690273,0
2025-07-30T21:36:45.630505,17632,78604,9.0,3926551,3178,4587.0,3742774532.0,436928,25.0,63.0,47.0,3178,63,623513,1628,88.0,15376,0.77336663,0.22663337,0
2025-07-30T21:36:50.782362,20410,83048,11.0,3676159,3769,4057.0,3756917474.0,434369,26.0,78.0,48.0,3769,62,640313,1718,95.0,16385,0.8772203,0.12277971,0
2025-07-30T21:36:55.942810,17502,87625,9.0,3804353,4269,4938.0,3748165608.0,439981,26.0,62.0,47.0,4269,66,654497,1662,27.0,15289,0.9488979,0.051102113,0
2025-07-30T21:37:01.078852,18114,79618,9.0,3797302,3299,4934.0,3878890120.0,435986,26.0,66.0,48.0,3299,66,632019,1552,27.0,16067,0.75059044,0.24940954,0
2025-07-30T21:37:06.208741,18221,83376,13.0,3984768,3287,4901.0,4172431192.0,433910,25.0,65.0,48.0,3287,67,642561,1719,29.0,16082,0.707875,0.29212502,0
2025-07-30T21:37:11.338264,17450,77794,9.0,3925377,3118,4906.0,3841841283.0,437711,26.0,79.0,47.0,3118,66,638111,1603,30.0,15862,0.7763785,0.2236215,0
2025-07-30T21:37:16.457511,19604,80709,11.0,3773035,3263,4962.0,3822240717.0,427411,26.0,65.0,49.0,3263,67,635622,1908,33.0,15385,0.8091393,0.19086067,0
2025-07-30T21:37:21.580925,18295,87717,10.0,3692434,3393,4895.0,3800099215.0,428110,25.0,66.0,47.0,3393,63,637733,1581,155.0,15916,0.9069209,0.09307909,0
2025-07-30T21:37:26.705542,18197,84077,8.0,3966400,4063,4935.0,3800758478.0,432152,26.0,68.0,48.0,4063,60,637958,1530,101.0,16106,0.8101558,0.1898442,0
2025-07-30T21:37:31.811581,17254,79477,11.0,4161024,3289,4919.0,3913777498.0,436698,26.0,72.0,49.0,3289,62,625698,1512,30.0,16166,0.76764417,0.23235583,0
2025-07-30T21:37:36.934547,17541,104782,13.0,3969462,3121,4905.0,3866944106.0,429936,26.0,71.0,48.0,3121,65,626653,1533,27.0,15419,0.668717,0.331283,0
2025-07-30T21:37:42.062880,17272,81724,8.0,3988433,3216,4154.0,3686943047.0,439540,26.0,59.0,47.0,3216,65,626386,1512,23.0,16210,0.5987526,0.40124738,0
2025-07-30T21:37:47.194467,17550,88350,11.0,3754617,3224,4472.0,3742302085.0,432401,25.0,67.0,49.0,3224,67,627551,1708,23.0,16347,0.6621227,0.3378773,0
2025-07-30T21:37:52.330853,20966,77505,11.0,3811772,3307,4922.0,3832100411.0,427424,26.0,83.0,47.0,3307,63,629030,1571,22.0,15624,0.8120872,0.18791285,0
2025-07-30T21:37:57.475310,17857,80467,8.0,4123958,3228,4925.0,3778998444.0,428827,26.0,69.0,47.0,3228,68,623857,1559,130.0,15376,0.8450346,0.15496539,0
2025-07-30T21:38:02.621675,17986,81825,11.0,3759631,3264,4913.0,3750037461.0,435313,25.0,68.0,47.0,3264,65,635649,1655,18.0,15883,0.6715628,0.3284372,0
2025-07-30T21:38:07.748381,18223,82444,9.0,3684827,3298,4900.0,3831641944.0,429732,26.0,63.0,47.0,3298,71,632427,1456,24.0,16416,0.5842278,0.4157722,0
2025-07-30T21:38:12.879516,17634,84066,8.0,3887025,3281,4911.0,3900428011.0,438818,26.0,64.0,47.0,3281,63,631127,1668,27.0,15482,0.62224877,0.37775126,0
2025-07-30T21:38:18.034585,18231,79448,12.0,3841212,3310,4945.0,3727243827.0,426888,26.0,83.0,48.0,3310,66,636684,1584,18.0,16089,0.76583827,0.2341617,0
2025-07-30T21:38:23.168528,17786,77164,9.0,3818769,3657,4895.0,3874479031.0,433441,26.0,62.0,47.0,3657,72,643732,1776,22.0,15915,0.671901,0.32809898,0
2025-07-30T21:38:28.307357,16952,80948,10.0,3926365,3263,4905.0,3889035527.0,440688,25.0,62.0,50.0,3263,66,634742,1553,114.0,15947,0.6251143,0.3748857,0
2025-07-30T21:38:33.445191,17988,79708,10.0,4013996,3214,4174.0,3602054756.0,433076,26.0,73.0,47.0,3214,69,629721,1556,42.0,15841,0.5746414,0.4253586,0
2025-07-30T21:38:38.574565,20279,82569,8.0,3747419,3354,4479.0,3749905315.0,433182,26.0,70.0,47.0,3354,67,629531,1605,84.0,15473,0.7533246,0.24667534,0
2025-07-30T21:38:43.732136,18394,79279,13.0,3900862,3063,4893.0,3805723950.0,437062,25.0,79.0,50.0,3063,67,648977,1583,25.0,15984,0.8117727,0.18822733,0
2025-07-30T21:38:48.908086,18030,82709,12.0,3767841,3106,4898.0,3762587229.0,428987,26.0,73.0,46.0,3106,65,642158,1551,20.0,15934,0.6499084,0.35009158,0
2025-07-30T21:38:54.018985,17530,79863,10.0,3935550,3098,4910.0,3927351025.0,424499,27.0,90.0,48.0,3098,61,637088,1495,37.0,16833,0.6030668,0.3969332,0
2025-07-30T21:38:59.140254,17645,84546,11.0,3643369,3134,4914.0,3847652042.0,430255,25.0,65.0,47.0,3134,65,646067,1507,22.0,15450,0.6295014,0.3704986,0
2025-07-30T21:39:04.300317,19855,84970,10.0,3782189,3946,4899.0,3745099617.0,437061,25.0,70.0,46.0,3946,66,644237,1610,18.0,16151,0.6965555,0.3034445,0
2025-07-30T21:39:09.647943,24617,90980,8.0,4014567,3129,4945.0,3890728520.0,435089,27.0,68.0,51.0,3129,67,1017143,1510,190.0,15281,0.9083592,0.09164075,0
2025-07-30T21:39:14.784329,17521,80544,11.0,3863754,3096,4897.0,3844566903.0,433177,25.0,68.0,49.0,3096,67,619111,1505,29.0,16815,0.7366917,0.26330826,0
2025-07-30T21:39:19.897243,16694,78561,9.0,4582958,2901,4941.0,4214181093.0,435732,25.0,68.0,47.0,2901,73,630566,1503,53.0,15814,0.46238494,0.53761506,1
2025-07-30T21:39:25.058639,19213,83341,10.0,3786116,3411,4694.0,3767529702.0,433223,26.0,62.0,48.0,3411,72,637758,1587,18.0,15668,0.4880407,0.5119593,1
2025-07-30T21:39:30.205656,18501,81992,19.0,3743808,3559,8840.0,7585114441.0,441242,51.0,126.0,95.0,3559,62,629604,1577,154.0,15791,0.768696,0.231304,0
2025-07-30T21:39:35.336578,17462,80965,11.0,3852268,3508,4915.0,3843634341.0,432939,27.0,68.0,48.0,3508,68,628602,1599,36.0,16144,0.7814329,0.21856707,0
2025-07-30T21:39:40.457496,17739,79042,9.0,3737076,3287,4883.0,3871051111.0,439311,25.0,58.0,47.0,3287,64,631105,1597,21.0,15060,0.63759196,0.36240804,0
2025-07-30T21:39:45.599369,18062,101676,13.0,4029809,3083,4899.0,3746510300.0,427353,26.0,81.0,50.0,3083,68,632129,1586,25.0,16057,0.63857496,0.361425,0
2025-07-30T21:39:50.739698,17278,80327,11.0,3877815,3167,4903.0,3757033560.0,431153,26.0,79.0,48.0,3167,71,636833,1488,50.0,15348,0.485798,0.514202,1
2025-07-30T21:39:55.854592,17738,84344,11.0,3852866,3094,4920.0,3907678365.0,433357,26.0,68.0,47.0,3094,67,640336,1631,39.0,16048,0.541253,0.458747,0
2025-07-30T21:40:01.000326,17382,81501,9.0,3966213,3016,4915.0,3799591280.0,428989,26.0,60.0,48.0,3016,65,622814,1508,108.0,15853,0.6605465,0.33945352,0
2025-07-30T21:40:06.130229,18007,82891,11.0,3928156,3164,4875.0,3714336521.0,438478,25.0,70.0,48.0,3164,64,633278,1416,24.0,15841,0.5954044,0.40459564,0
2025-07-30T21:40:11.256654,17923,86906,8.0,3976033,3168,4848.0,3853101538.0,432398,26.0,59.0,47.0,3168,69,633694,1678,35.0,15699,0.65642697,0.34357303,0
2025-07-30T21:40:16.388036,18162,90800,11.0,3796862,3219,4199.0,3774943236.0,435790,26.0,66.0,49.0,3219,62,657347,1692,41.0,15690,0.81171584,0.18828416,0
2025-07-30T21:40:21.531976,17561,86973,9.0,3788317,3208,4539.0,3660199015.0,435357,25.0,70.0,46.0,3208,65,625548,1499,27.0,16529,0.8284548,0.17154522,0
2025-07-30T21:40:26.658601,18037,82948,9.0,4097514,3118,4908.0,3867516719.0,440272,26.0,70.0,48.0,3118,66,637695,1505,21.0,15138,0.6328523,0.36714768,0
2025-07-30T21:40:31.781686,17605,78237,12.0,3721771,3203,4906.0,3790516516.0,428056,26.0,74.0,48.0,3203,69,626078,1571,108.0,15591,0.67390084,0.32609913,0
2025-07-30T21:40:36.904919,17410,82169,9.0,3954823,3222,4900.0,3827268773.0,433756,26.0,58.0,47.0,3222,66,625822,1448,18.0,15929,0.5168712,0.48312882,0
2025-07-30T21:40:42.067225,17359,82493,10.0,3829499,4400,4905.0,3740601759.0,426457,26.0,71.0,49.0,4400,65,627368,1730,18.0,15694,0.6224774,0.37752256,0
2025-07-30T21:40:47.194534,18446,87001,10.0,3967735,2861,4885.0,3811534374.0,437854,26.0,81.0,47.0,2861,67,647801,1526,32.0,15503,0.7785348,0.22146517,0
2025-07-30T21:40:52.331760,17711,78244,8.0,3908460,3093,4897.0,3884894785.0,433497,25.0,84.0,48.0,3093,67,631328,1439,22.0,15965,0.592237,0.40776297,0
2025-07-30T21:40:57.531166,18011,80677,11.0,3996812,3148,4922.0,3808821344.0,426913,26.0,67.0,49.0,3148,68,635701,1583,32.0,15680,0.5728228,0.42717716,0
2025-07-30T21:41:02.662773,17739,80774,13.0,3960588,3088,4897.0,3791187531.0,441174,26.0,78.0,48.0,3088,67,640106,1770,17.0,15313,0.7313224,0.2686776,0
2025-07-30T21:41:07.797092,17984,83185,8.0,3749937,3346,4338.0,3801634556.0,450183,25.0,61.0,47.0,3346,63,626665,1499,118.0,16669,0.7445672,0.25543278,0
2025-07-30T21:41:12.947026,19568,78516,10.0,3738489,3468,4304.0,3735690257.0,428186,27.0,66.0,48.0,3468,70,635837,1644,21.0,15378,0.7744594,0.22554056,0
2025-07-30T21:41:18.131864,17756,77805,10.0,3818876,3259,4923.0,3807579495.0,434181,25.0,68.0,47.0,3259,64,628168,1585,58.0,15779,0.7939556,0.20604436,0
2025-07-30T21:41:23.254002,17905,88405,8.0,3761157,3167,4896.0,3866325989.0,429553,26.0,65.0,47.0,3167,69,630022,1633,20.0,16251,0.6236948,0.3763052,0
2025-07-30T21:41:28.389175,16857,81849,11.0,3833317,3063,4890.0,3855729519.0,440407,26.0,69.0,48.0,3063,65,628118,1450,23.0,15582,0.57011586,0.42988414,0
2025-07-30T21:41:33.563252,17277,83321,10.0,4283339,3197,4889.0,3666981988.0,425548,26.0,67.0,47.0,3197,62,621532,1456,24.0,15918,0.57485485,0.42514515,0
2025-07-30T21:41:38.702114,18726,77286,8.0,3793551,3475,4873.0,3844848075.0,439119,26.0,56.0,48.0,3475,66,630705,1598,118.0,15331,0.70058894,0.29941103,0
2025-07-30T21:41:43.845417,18147,81335,11.0,3703570,3152,4902.0,3955040367.0,436046,25.0,70.0,47.0,3152,63,634991,1566,27.0,16737,0.7005724,0.29942766,0
2025-07-30T21:41:48.982684,18439,79922,9.0,3792580,3262,4888.0,3714914455.0,427927,26.0,60.0,47.0,3262,65,635820,1537,86.0,15707,0.69628656,0.3037134,0
2025-07-30T21:41:54.093342,17886,80495,11.0,3679828,4714,4905.0,3811388945.0,434990,26.0,76.0,49.0,4714,67,631961,1574,120.0,15621,0.6650933,0.33490673,0
2025-07-30T21:41:59.220559,18050,79793,11.0,3839287,3159,4821.0,3808219446.0,427884,25.0,70.0,47.0,3159,68,628613,1502,84.0,15566,0.6401749,0.35982507,0
2025-07-30T21:42:04.357208,20542,81661,9.0,3851733,3650,4300.0,3641554748.0,438059,26.0,80.0,48.0,3650,63,631817,1614,83.0,16266,0.73954225,0.26045778,0
2025-07-30T21:42:09.490103,18102,84805,13.0,3816556,3073,4445.0,3736464936.0,434222,26.0,73.0,50.0,3073,66,639313,1514,24.0,16076,0.81439483,0.1856052,0
2025-07-30T21:42:14.651199,17139,79688,9.0,3877406,3292,4898.0,3874047857.0,439154,26.0,66.0,47.0,3292,59,634431,1476,87.0,15450,0.718749,0.281251,0
2025-07-30T21:42:19.790667,18230,78082,9.0,3921685,3784,4962.0,3825067389.0,432498,26.0,62.0,48.0,3784,64,633718,1455,23.0,15961,0.6844621,0.3155379,0
2025-07-30T21:42:24.924095,17691,75796,10.0,4016959,3275,4906.0,3890231451.0,426012,26.0,61.0,48.0,3275,58,643650,1555,22.0,15348,0.7016953,0.29830465,0
2025-07-30T21:42:30.085772,18328,80569,10.0,3705888,3201,4916.0,3816589856.0,435039,25.0,81.0,47.0,3201,59,628754,1499,60.0,16225,0.8053622,0.19463775,0
2025-07-30T21:42:35.229297,19255,86696,20.0,3796908,3690,9810.0,7552142393.0,430416,52.0,130.0,96.0,3690,64,632987,1643,123.0,16088,0.7861942,0.2138058,0
2025-07-30T21:42:40.360102,17724,84648,8.0,3744697,3150,4890.0,3812332783.0,430074,25.0,56.0,46.0,3150,65,621864,1616,136.0,15542,0.86470217,0.13529782,0
2025-07-30T21:42:45.502169,18046,83306,11.0,3983618,3131,4888.0,3865499176.0,429329,26.0,66.0,48.0,3131,61,637936,1477,18.0,15389,0.7489209,0.25107905,0
2025-07-30T21:42:50.666364,18133,80168,9.0,3952122,3330,4669.0,3708198659.0,436314,27.0,72.0,47.0,3330,62,635087,1609,18.0,15186,0.79766804,0.20233195,0
2025-07-30T21:42:55.799211,20385,84823,9.0,3847256,3725,4018.0,3650437416.0,426879,25.0,65.0,47.0,3725,64,647728,1584,18.0,15785,0.86589897,0.13410102,0
2025-07-30T21:43:00.935041,17085,84771,12.0,3700078,4423,4916.0,3911443950.0,425666,26.0,73.0,47.0,4423,66,630931,1591,27.0,15905,0.8481705,0.15182947,0
2025-07-30T21:43:06.090750,18732,78686,11.0,3661884,3127,4935.0,4247688344.0,433445,26.0,62.0,47.0,3127,61,647306,1460,43.0,15593,0.72778374,0.27221626,0
2025-07-30T21:43:11.211749,17927,80883,10.0,4048330,3225,4891.0,3834487702.0,434481,25.0,80.0,50.0,3225,64,634687,1532,120.0,15852,0.7850989,0.21490109,0
2025-07-30T21:43:16.347565,18540,81940,12.0,3945006,3353,4931.0,3801506700.0,439771,25.0,70.0,48.0,3353,65,636797,1572,31.0,15498,0.72736454,0.27263543,0
2025-07-30T21:43:21.487676,19698,88816,9.0,3810613,3059,4904.0,3763202455.0,429035,27.0,65.0,47.0,3059,63,632397,1637,89.0,15861,0.828129,0.17187102,0
2025-07-30T21:43:26.624905,17901,82085,9.0,3674741,3509,4902.0,3829271115.0,437295,25.0,71.0,48.0,3509,65,622904,1676,87.0,15941,0.82245356,0.17754644,0
2025-07-30T21:43:31.759869,17243,77018,12.0,3907642,5196,4890.0,3855922136.0,431889,26.0,74.0,48.0,5196,66,622676,1641,90.0,15349,0.7579061,0.24209392,0
2025-07-30T21:43:36.902327,18278,81297,8.0,4018505,3373,4902.0,3732332901.0,432782,25.0,59.0,47.0,3373,71,641397,1649,26.0,16012,0.72439563,0.2756044,0
2025-07-30T21:43:42.038630,18059,85038,10.0,3892288,3075,4847.0,3874229675.0,431050,26.0,78.0,50.0,3075,82,630859,1590,126.0,16257,0.5056709,0.49432907,0
2025-07-30T21:43:47.200508,16443,78434,10.0,4013760,3592,4117.0,3694069550.0,429758,26.0,67.0,46.0,3592,74,630379,1397,30.0,16166,0.2807454,0.7192546,1
2025-07-30T21:43:52.330456,17416,83944,8.0,3816553,3191,4583.0,3771375081.0,432006,26.0,72.0,47.0,3191,65,633235,1593,30.0,15228,0.38993806,0.61006194,1
2025-07-30T21:43:57.456558,18365,76644,13.0,3820307,3161,4918.0,3818209110.0,429775,26.0,68.0,47.0,3161,65,626183,1589,18.0,15642,0.7234098,0.27659023,0
2025-07-30T21:44:02.583834,17140,82285,9.0,3776613,3408,4934.0,3901756173.0,445270,26.0,64.0,47.0,3408,69,626220,1569,18.0,15723,0.64418435,0.35581565,0
2025-07-30T21:44:07.725704,17533,81462,10.0,3888641,3045,4948.0,3744497604.0,427466,26.0,73.0,54.0,3045,60,639420,1480,22.0,15945,0.60401934,0.39598066,0
2025-07-30T21:44:12.885656,17642,79141,9.0,3847711,4286,4895.0,3790758446.0,436253,26.0,61.0,47.0,4286,66,633074,1675,26.0,15457,0.6966147,0.30338532,0
2025-07-30T21:44:18.045283,19566,82632,10.0,3852878,3231,4947.0,3863610299.0,427105,26.0,73.0,47.0,3231,62,629729,1511,114.0,15679,0.81082267,0.18917733,0
2025-07-30T21:44:23.179038,17753,88644,12.0,3862062,3058,4888.0,3938878825.0,425167,25.0,73.0,49.0,3058,70,638442,1403,78.0,15934,0.6816447,0.31835532,0
2025-07-30T21:44:28.311134,17362,82788,13.0,3763085,3297,4909.0,3781886720.0,435204,26.0,77.0,47.0,3297,68,628010,1670,24.0,15745,0.54110295,0.45889705,0
2025-07-30T21:44:33.440674,18306,84653,8.0,3901424,3274,4907.0,3820130312.0,444633,26.0,64.0,48.0,3274,64,632145,1524,18.0,15663,0.6713546,0.3286454,0
2025-07-30T21:44:38.586009,17765,83617,10.0,3736659,3343,4211.0,3644602156.0,437167,26.0,64.0,49.0,3343,65,623549,1703,17.0,17048,0.71251273,0.28748727,0
2025-07-30T21:44:43.720608,21017,78968,9.0,3805555,3890,4430.0,3709256837.0,430223,25.0,64.0,46.0,3890,73,647128,1575,18.0,15525,0.82389015,0.17610984,0
2025-07-30T21:44:48.877391,18243,78054,8.0,3816507,3272,4917.0,3862045230.0,445394,26.0,60.0,48.0,3272,65,631493,1594,108.0,15890,0.8333763,0.16662373,0
2025-07-30T21:44:54.020020,17834,109449,10.0,3852594,3263,5023.0,3815626590.0,439939,26.0,97.0,50.0,3263,62,634562,1612,121.0,16033,0.83259,0.16740999,0
2025-07-30T21:44:59.155814,17260,80108,10.0,3897658,3359,4925.0,3874275241.0,433375,26.0,66.0,46.0,3359,70,630926,1588,21.0,15930,0.7561094,0.24389058,0
2025-07-30T21:45:04.270491,17885,84237,8.0,3841425,3264,4905.0,3787186946.0,450526,25.0,59.0,48.0,3264,63,630255,1542,112.0,16431,0.5806234,0.41937658,0
2025-07-30T21:45:09.414496,18057,78685,11.0,3914581,3434,4914.0,3816373076.0,437110,26.0,66.0,48.0,3434,65,625002,1471,88.0,15343,0.70237005,0.29762998,0
2025-07-30T21:45:14.569744,17843,82608,8.0,3746917,3316,4920.0,3856328142.0,436590,26.0,60.0,46.0,3316,68,632530,1580,91.0,16444,0.6164334,0.38356665,0
2025-07-30T21:45:19.693827,17084,82514,10.0,3879517,3301,4955.0,3832606277.0,434510,26.0,62.0,48.0,3301,66,624687,1696,88.0,15945,0.626894,0.37310603,0
2025-07-30T21:45:24.832040,17533,80110,9.0,3828930,3654,4907.0,3941786343.0,433062,26.0,75.0,47.0,3654,66,638272,1499,24.0,16164,0.59064275,0.40935725,0
2025-07-30T21:45:29.971077,16890,81030,9.0,3913802,3170,4409.0,3679631238.0,432036,26.0,69.0,47.0,3170,61,629723,1456,104.0,15616,0.6010901,0.39890993,0
2025-07-30T21:45:35.091385,17527,81688,22.0,3978426,2832,9159.0,7669639083.0,428363,51.0,150.0,97.0,2832,61,633595,1617,132.0,16335,0.75830436,0.24169564,0
2025-07-30T21:45:40.225725,19948,81389,8.0,3864664,3947,4893.0,3741993595.0,423482,26.0,62.0,48.0,3947,62,632804,1676,94.0,15694,0.90546143,0.09453859,0
2025-07-30T21:45:45.342482,18403,83572,10.0,3723090,3379,4928.0,3766366497.0,429536,26.0,59.0,48.0,3379,64,630656,1594,102.0,15557,0.8768435,0.123156466,0
2025-07-30T21:45:50.480450,17646,81604,9.0,3896251,3207,4900.0,3897944355.0,432335,26.0,81.0,47.0,3207,70,634747,1595,104.0,15779,0.7213177,0.2786823,0
2025-07-30T21:45:55.619295,17224,78143,10.0,4295409,3104,4931.0,3882461058.0,437788,25.0,59.0,48.0,3104,66,633728,1640,92.0,15668,0.65988636,0.34011367,0
2025-07-30T21:46:00.803473,22412,84235,11.0,3780450,3893,4929.0,3777875139.0,437590,26.0,66.0,48.0,3893,64,643318,1652,17.0,15488,0.861643,0.13835698,0
2025-07-30T21:46:05.936304,17486,86650,8.0,3774077,2959,4896.0,3816738186.0,434959,25.0,56.0,47.0,2959,66,631291,1457,96.0,16148,0.8598081,0.1401919,0
2025-07-30T21:46:11.074993,17983,78308,10.0,3744614,3059,4915.0,3980380226.0,435716,26.0,62.0,49.0,3059,62,635402,1532,103.0,16005,0.6173949,0.38260508,0
2025-07-30T21:46:16.207163,18406,78899,9.0,3869226,3314,4849.0,3718464192.0,424117,26.0,76.0,47.0,3314,77,633806,1919,86.0,15112,0.81227845,0.18772155,0
2025-07-30T21:46:21.336843,17671,76657,9.0,3864237,3010,3854.0,3713125011.0,433325,26.0,77.0,51.0,3010,65,634241,1472,23.0,15198,0.74044174,0.25955826,0
2025-07-30T21:46:26.484349,20585,81348,12.0,4041814,3781,4899.0,3851200063.0,430745,25.0,71.0,48.0,3781,66,625992,1731,28.0,16729,0.79432,0.20568,0
2025-07-30T21:46:31.647893,18270,86453,8.0,3793584,3305,4903.0,3729988996.0,433437,26.0,60.0,47.0,3305,66,630298,1652,24.0,15549,0.8666694,0.1333306,0
2025-07-30T21:46:36.765181,17589,79761,10.0,4023040,3156,4923.0,3885799834.0,440480,26.0,76.0,50.0,3156,63,620167,1528,22.0,15368,0.7431539,0.25684604,0
2025-07-30T21:46:41.911966,18802,77686,11.0,3828366,2873,4907.0,3855017332.0,430277,26.0,66.0,48.0,2873,70,631046,1526,17.0,16001,0.6641993,0.3358007,0
2025-07-30T21:46:47.040476,17735,93089,9.0,3884237,3200,4915.0,3711797279.0,429757,26.0,66.0,46.0,3200,71,635367,1515,112.0,15636,0.59698856,0.40301144,0
2025-07-30T21:46:52.190434,19977,84504,8.0,3763241,3428,4895.0,3786281844.0,431307,25.0,66.0,48.0,3428,60,632868,1665,42.0,16213,0.65583503,0.344165,0
2025-07-30T21:46:57.333721,17438,85368,12.0,3761027,3171,4925.0,3811044244.0,434493,25.0,79.0,48.0,3171,65,629669,1577,22.0,16648,0.8007527,0.19924729,0
2025-07-30T21:47:02.456258,18827,79982,8.0,3837393,5056,4944.0,3767983340.0,431477,27.0,58.0,47.0,5056,67,634209,1687,22.0,15526,0.7005346,0.29946542,0
2025-07-30T21:47:07.585897,17346,82227,10.0,4402708,3933,4894.0,3808553173.0,436599,25.0,62.0,49.0,3933,69,625614,1807,28.0,16101,0.85675806,0.14324196,0
2025-07-30T21:47:12.717219,17780,80492,9.0,3828958,3323,4146.0,3699790481.0,429979,26.0,67.0,47.0,3323,73,646648,1477,27.0,15670,0.62545127,0.37454873,0
2025-07-30T21:47:17.858776,17539,85765,8.0,4173050,3178,4554.0,3688557902.0,440287,26.0,57.0,48.0,3178,66,632651,1485,22.0,16692,0.4688714,0.5311286,1
2025-07-30T21:47:22.989157,18170,88033,10.0,3872876,3363,4911.0,3835791923.0,431361,26.0,62.0,48.0,3363,61,631890,1512,123.0,15440,0.69632334,0.30367666,0
2025-07-30T21:47:28.098734,17610,82822,10.0,3749107,3256,4925.0,3874582068.0,432637,25.0,72.0,46.0,3256,63,634316,1698,45.0,15290,0.84235823,0.15764175,0
2025-07-30T21:47:33.243322,17762,80506,8.0,3717067,3276,4929.0,3923375588.0,433818,27.0,54.0,47.0,3276,67,634101,1515,203.0,15337,0.80060136,0.19939862,0
2025-07-30T21:47:38.403244,17623,77392,11.0,4113028,3020,4897.0,3784497652.0,428709,25.0,68.0,48.0,3020,64,627935,1571,24.0,15639,0.65850776,0.34149224,0
2025-07-30T21:47:43.549891,18306,76869,8.0,3941748,3508,4913.0,3888589601.0,441527,26.0,65.0,47.0,3508,68,634784,1494,94.0,15931,0.63224757,0.36775243,0
2025-07-30T21:47:48.703715,18995,82956,10.0,3818452,3403,4913.0,3799717305.0,430718,26.0,74.0,50.0,3403,71,634698,1819,84.0,15701,0.7144804,0.28551963,0
2025-07-30T21:47:53.825594,18225,85101,12.0,3862787,3211,4916.0,3836105443.0,432310,26.0,82.0,48.0,3211,68,637819,1590,124.0,15914,0.7908986,0.2091014,0
2025-07-30T21:47:58.966790,17470,92378,9.0,3900180,3160,4922.0,3983706999.0,435157,26.0,62.0,47.0,3160,58,626968,1553,100.0,15636,0.7964605,0.20353952,0
2025-07-30T21:48:04.092208,18671,81125,10.0,3971480,3215,4332.0,3573097979.0,438158,26.0,68.0,48.0,3215,63,642437,1589,20.0,16107,0.86540717,0.13459285,0
2025-07-30T21:48:09.219550,18395,75700,10.0,3840190,3295,4349.0,3765315534.0,430851,25.0,74.0,46.0,3295,65,648442,1635,97.0,16222,0.78895545,0.21104454,0
2025-07-30T21:48:14.352064,18359,80913,8.0,3887889,3051,4903.0,3790240407.0,428315,26.0,61.0,48.0,3051,66,643908,1646,93.0,15939,0.7515733,0.24842668,0
2025-07-30T21:48:19.508965,18771,86119,10.0,3859440,3378,4957.0,3779169469.0,432811,26.0,59.0,47.0,3378,66,652265,1442,114.0,16170,0.68782157,0.31217843,0
2025-07-30T21:48:24.631209,17694,85244,9.0,3959903,3344,4908.0,3958057121.0,432512,26.0,63.0,47.0,3344,65,627517,1648,106.0,15369,0.73112714,0.26887283,0
2025-07-30T21:48:29.771524,17671,81929,9.0,3775400,3111,4907.0,3778698198.0,438261,26.0,64.0,48.0,3111,106,641665,1409,25.0,16024,0.3181336,0.6818664,1
2025-07-30T21:48:34.933422,17594,81061,11.0,3812840,3017,4885.0,3702427913.0,434397,25.0,68.0,47.0,3017,62,622302,1625,86.0,15576,0.14619881,0.8538012,1
2025-07-30T21:48:40.093348,24166,82765,8.0,3844052,3108,4913.0,3871590459.0,427493,26.0,69.0,47.0,3108,69,637477,1537,86.0,16904,0.8201397,0.17986031,0
2025-07-30T21:48:45.223981,18948,82788,19.0,3833576,3359,9802.0,7563876594.0,431956,51.0,133.0,96.0,3359,160,642207,1636,180.0,15257,0.38413763,0.61586237,1
2025-07-30T21:48:50.367788,18550,81252,8.0,3951197,3121,4486.0,3776830541.0,429526,27.0,80.0,47.0,3121,62,643124,1464,134.0,15732,0.10962391,0.8903761,1
2025-07-30T21:48:55.525701,17559,81111,14.0,3721440,3398,4195.0,3610263509.0,428062,26.0,90.0,50.0,3398,69,625015,1572,20.0,15810,0.7007124,0.29928762,0
2025-07-30T21:49:00.647115,17438,80417,9.0,3898949,3028,4929.0,3867704726.0,438459,25.0,67.0,47.0,3028,69,635145,1470,106.0,15778,0.57047296,0.42952704,0
2025-07-30T21:49:05.780841,20287,81970,10.0,3811870,3564,4956.0,4288036509.0,435466,26.0,70.0,52.0,3564,69,627282,1570,20.0,15255,0.64670265,0.35329732,0
2025-07-30T21:49:11.087669,17642,84089,10.0,3905545,3182,4893.0,3737467931.0,434677,26.0,63.0,49.0,3182,62,639688,1704,23.0,15979,0.8562506,0.14374943,0
2025-07-30T21:49:16.390665,18414,76657,9.0,3683159,2909,4957.0,6016113255.0,434791,26.0,201778.0,47.0,2909,70,637699,1629,20.0,17144,0.5481662,0.45183378,0
2025-07-30T21:49:21.763650,21164,90644,8.0,4082914,4247,4917.0,10205914543.0,429534,26.0,534028.0,48.0,4247,64,627746,1612,24.0,24213,0.039690614,0.9603094,1
2025-07-30T21:49:27.032556,23555,90640,11.0,4115483,4067,3698.0,7968946073.0,446613,23.0,473388.0,39.0,4067,64,1623826,1591,22.0,23267,0.0047513843,0.9952486,1
2025-07-30T21:49:32.488907,21190,90908,9.0,9033796,4137,4836.0,8965671396.0,1005800,21.0,508943.0,50.0,4137,64,634124,1727,112.0,24904,0.0015816092,0.9984184,1
2025-07-30T21:49:38.409925,20123,89566,10.0,4192003,3939,4874.0,9022680313.0,430716,24.0,524240.0,48.0,3939,65,631576,1637,40.0,23599,0.0029978156,0.9970022,1
2025-07-30T21:49:43.789207,23777,101305,9.0,4131460,3873,4856.0,8940461758.0,1184732,23.0,492499.0,47.0,3873,73,1478287,1858,18.0,25093,0.0042464733,0.9957535,1
2025-07-30T21:49:49.157591,21111,104130,9.0,3998765,3849,4858.0,9000146520.0,425671,23.0,510452.0,42.0,3849,64,637770,1751,22.0,15492,0.0092635155,0.9907365,1
2025-07-30T21:49:54.494112,24823,89560,13.0,8887840,3680,4858.0,9449157883.0,436183,24.0,533644.0,47.0,3680,68,1745760,1689,18.0,16051,0.011244774,0.9887552,1
2025-07-30T21:49:59.858599,20621,86804,8.0,4165593,3988,4862.0,8992342836.0,429126,21.0,510604.0,44.0,3988,68,635330,1706,24.0,16658,0.006287575,0.9937124,1
2025-07-30T21:50:05.006353,23805,97107,11.0,9197971,3989,4928.0,9504722264.0,1163957,25.0,537812.0,50.0,3989,61,1650536,1687,108.0,24766,0.0060535073,0.9939465,1
2025-07-30T21:50:10.467513,23262,100139,24.0,4029552,3937,8580.0,16696195123.0,425764,45.0,933330.0,87.0,3937,71,1508433,1655,85.0,15981,0.0040008426,0.99599916,1
2025-07-30T21:50:16.166453,20108,93371,8.0,4161053,4099,4904.0,8703606148.0,447346,23.0,499300.0,45.0,4099,64,624412,1520,19.0,24097,0.026088119,0.9739119,1
2025-07-30T21:50:21.453257,20710,127811,12.0,4115774,4265,4879.0,9283707797.0,1143670,23.0,533493.0,46.0,4265,64,641843,1701,18.0,16764,0.003874123,0.9961259,1
2025-07-30T21:50:26.594025,25661,99616,6.0,4048418,4395,4892.0,8993402035.0,440717,24.0,520962.0,40.0,4395,64,1614521,1885,18.0,15944,0.05698812,0.9430119,1
2025-07-30T21:50:32.026108,20859,105039,11.0,9137302,4019,4894.0,9163459213.0,425335,24.0,529174.0,52.0,4019,64,636184,1732,111.0,15668,0.0061712265,0.9938288,1
2025-07-30T21:50:37.419333,21588,100784,10.0,4089778,3852,4879.0,9204014227.0,1110978,22.0,520002.0,40.0,3852,65,630718,1790,100.0,24610,0.0019046664,0.99809533,1
2025-07-30T21:50:42.912611,24353,96891,10.0,4538577,4224,4889.0,9048162665.0,1089791,23.0,524806.0,52.0,4224,66,1642241,1589,9.0,15415,0.009963989,0.990036,1
2025-07-30T21:50:49.171700,28675,99650,9.0,9246606,4344,4929.0,9119333685.0,1178676,25.0,531344.0,41.0,4344,70,818992,1678,22.0,25550,0.0035018325,0.99649817,1
2025-07-30T21:50:54.581035,24653,90153,8.0,5149823,4618,4445.0,9100961250.0,446049,22.0,500392.0,44.0,4618,64,1474723,1708,42.0,24530,0.0026100874,0.9973899,1
2025-07-30T21:51:00.225076,23619,90623,7.0,4121090,4285,4171.0,9436687778.0,432215,24.0,505321.0,41.0,4285,72,1505131,1625,17.0,24303,0.0041995645,0.99580044,1
2025-07-30T21:51:05.442133,20302,102659,20.0,9157691,4454,9764.0,17987315021.0,428398,46.0,1052591.0,88.0,4454,66,633404,1755,40.0,15756,0.0063497424,0.99365026,1
2025-07-30T21:51:11.070842,24180,92344,11.0,4077833,3900,4867.0,8264506371.0,430821,24.0,447911.0,49.0,3900,66,1520490,1693,45.0,24578,0.009227872,0.9907721,1
2025-07-30T21:51:16.985731,20834,91618,11.0,4051626,4045,4937.0,8936601130.0,434697,23.0,500492.0,43.0,4045,66,640500,1748,116.0,15618,0.011223018,0.988777,1
2025-07-30T21:51:22.199419,21278,94120,9.0,4093392,4795,4860.0,9322224185.0,1215912,21.0,529015.0,51.0,4795,70,636596,1973,20.0,16465,0.13304293,0.86695707,1
2025-07-30T21:51:27.648060,21400,91408,9.0,4035970,4366,4288.0,9004210175.0,1139965,25.0,536161.0,36.0,4366,66,648997,1602,18.0,15946,0.10683465,0.89316535,1
2025-07-30T21:51:33.532620,23468,97020,10.0,8820833,4087,4313.0,9155242227.0,499142,22.0,524933.0,45.0,4087,63,1598783,1625,23.0,15663,0.009386778,0.9906132,1
2025-07-30T21:51:39.198585,22116,100004,10.0,4244847,4735,4894.0,9108351965.0,437751,24.0,533108.0,50.0,4735,69,769938,1661,20.0,26688,0.0033400655,0.99665993,1
2025-07-30T21:51:45.179825,23351,103050,9.0,8528277,3821,4880.0,9201710923.0,1097036,23.0,508400.0,36.0,3821,63,1522275,1583,42.0,25441,0.0019916892,0.9980083,1
2025-07-30T21:51:51.058271,20902,88036,17.0,4155154,4419,9767.0,18331212963.0,560082,45.0,1043086.0,92.0,4419,67,634058,1794,146.0,15703,0.00515306,0.99484694,1
2025-07-30T21:51:56.768315,22812,114107,12.0,4246307,3950,4936.0,9146698617.0,1134763,25.0,537406.0,47.0,3950,72,653386,1650,20.0,15923,0.13337004,0.86662996,1
2025-07-30T21:52:02.047607,22326,88562,9.0,9562644,4338,4514.0,9081334978.0,431540,23.0,518262.0,49.0,4338,68,801047,1591,22.0,25801,0.0037250519,0.99627495,1
2025-07-30T21:52:07.215289,25010,88325,11.0,8683318,3920,4089.0,8925502991.0,440605,22.0,507521.0,56.0,3920,64,1543868,1595,24.0,25480,0.0013343692,0.99866563,1
2025-07-30T21:52:12.600055,23204,112585,11.0,4195661,3868,4894.0,8243024977.0,439952,24.0,447882.0,53.0,3868,65,1362242,1923,27.0,24185,0.0027515292,0.9972485,1
2025-07-30T21:52:18.522022,20868,95408,9.0,8694971,4398,4936.0,8822205708.0,1164941,24.0,510886.0,35.0,4398,66,631585,1632,54.0,22651,0.0015087128,0.9984913,1
2025-07-30T21:52:23.872240,22962,100563,16.0,4197650,3765,4886.0,9101246396.0,431398,24.0,531938.0,51.0,3765,69,1663888,1653,125.0,15990,0.0016544461,0.99834555,1
2025-07-30T21:52:30.498173,21361,88336,9.0,4082863,4079,4904.0,9154737052.0,1230368,23.0,528892.0,46.0,4079,69,631698,1545,26.0,15328,0.026852012,0.973148,1
2025-07-30T21:52:36.202044,20835,105704,22.0,4160792,3729,9752.0,18142698596.0,1123976,46.0,1062112.0,102.0,3729,69,645452,1704,291.0,15959,0.46686995,0.53313005,1
2025-07-30T21:52:41.637201,24215,88692,11.0,4123200,4070,4891.0,9356461212.0,433527,24.0,525241.0,51.0,4070,63,1641841,1684,108.0,24965,0.039759398,0.9602406,1
2025-07-30T21:52:47.252541,23993,111079,9.0,8932227,3937,3724.0,8784115548.0,429118,24.0,523816.0,45.0,3937,66,633459,1694,22.0,16099,0.0014804006,0.9985196,1
2025-07-30T21:52:52.665311,20446,91264,12.0,4049265,4249,4858.0,9052523311.0,434633,22.0,516008.0,52.0,4249,64,628276,1615,120.0,23757,0.0031223893,0.9968776,1
2025-07-30T21:52:58.127362,20276,90326,11.0,8735141,3786,4917.0,9027894544.0,1163629,25.0,535679.0,40.0,3786,77,639630,1723,22.0,24876,0.0023626685,0.99763733,1
2025-07-30T21:53:03.313196,24864,90196,11.0,4034826,4873,4881.0,9215239071.0,431387,23.0,541774.0,49.0,4873,65,1601862,1981,20.0,15920,0.0024534464,0.99754655,1
2025-07-30T21:53:08.543256,23575,98489,9.0,4514647,4420,4876.0,8955610613.0,432518,24.0,530603.0,35.0,4420,66,1676853,1732,27.0,15981,0.026134014,0.973866,1
2025-07-30T21:53:13.893525,18444,89148,9.0,4092120,3987,4879.0,8511976794.0,426994,24.0,460278.0,47.0,3987,68,626064,1595,25.0,15899,0.028233528,0.9717665,1
2025-07-30T21:53:19.325867,20755,88088,11.0,3990971,3944,4153.0,8797012307.0,427668,24.0,511106.0,48.0,3944,69,633332,1685,52.0,24653,0.031108499,0.9688915,1
2025-07-30T21:53:24.707863,24639,92202,10.0,8351518,6072,4446.0,9140982435.0,1161493,21.0,535719.0,36.0,6072,64,630167,2021,96.0,15802,0.004055023,0.995945,1
2025-07-30T21:53:30.390922,20973,89492,15.0,9114852,3868,4871.0,9081737325.0,1054825,23.0,533280.0,57.0,3868,72,626013,1612,24.0,15903,0.001985073,0.9980149,1
2025-07-30T21:53:35.844535,24080,95095,22.0,4106615,3911,9715.0,18401886604.0,438664,46.0,1056818.0,97.0,3911,68,1684098,1664,48.0,16085,0.007201612,0.9927984,1
2025-07-30T21:53:41.765919,23608,100617,8.0,8719907,3771,4893.0,9483400787.0,1107399,24.0,533797.0,48.0,3771,65,1634850,1592,28.0,16122,0.009989798,0.9900102,1
,21073,96011,13.0,9281368,4480,4861.0,8725622289.0,433553,23.0,503575.0,39.0,4480,64,623700,1718,21.0,15346,0.0013394356,0.99866056,1
